document_id,filename,block_collection,page_index,page_number,block_index,block_type,block_level,line_index,line_text,line_text_length,span_count,line_x0,line_y0,line_x1,line_y1,line_width,line_height,line_area
gdi_0685,GDI_0685.pdf,preproc_blocks,0,1,3,title,1.0,0,GRUPO DE ESTUDO DE SISTEMAS DE DISTRIBUIÇÃO - GDI,49,1,165.0,137.0,424.0,149.0,259.0,12.0,3108.0
gdi_0685,GDI_0685.pdf,preproc_blocks,0,1,4,title,1.0,0,DESENVOLVIMENTO DE CAMINHÃO ELÉTRICO PARA UTILIZAÇÃO EM MANUTENÇÃO EM REDES DE,78,1,75.0,168.0,514.0,179.0,439.0,11.0,4829.0
gdi_0685,GDI_0685.pdf,preproc_blocks,0,1,4,title,1.0,1,DISTRIBUIÇÃO DE BAIXA TENSÃO,28,1,218.0,178.0,370.0,189.0,152.0,11.0,1672.0
gdi_0685,GDI_0685.pdf,preproc_blocks,0,1,5,text,,0,ANA PAULA OENING (1); SIGNIE LAUREANO FRANÇA SANTOS (1); NATAN BARBIZAN (2); LEONARDO,85,1,71.0,212.0,516.0,223.0,445.0,11.0,4895.0
gdi_0685,GDI_0685.pdf,preproc_blocks,0,1,5,text,,1,LOMBARDO FERREIRA (2); EDEMIR LUIZ KOWALSKI (1); GUILHERME RACHELLE HERNASKI (1);,81,1,81.0,220.0,505.0,234.0,424.0,14.0,5936.0
gdi_0685,GDI_0685.pdf,preproc_blocks,0,1,5,text,,2,EDUARDO CASARIN (3); AMANDA CORTEZ (3),38,1,191.0,231.0,394.0,243.0,203.0,12.0,2436.0
gdi_0685,GDI_0685.pdf,preproc_blocks,0,1,5,text,,3,INSTITUTO DE TECNOLOGIA PARA O DESENVOLVIMENTO (1); BYD DO BRASIL LTDA (2); ELEKTRO,83,1,74.0,241.0,512.0,255.0,438.0,14.0,6132.0
gdi_0685,GDI_0685.pdf,preproc_blocks,0,1,5,text,,4,REDES S.A. (3),14,1,260.0,253.0,327.0,264.0,67.0,11.0,737.0
gdi_0685,GDI_0685.pdf,preproc_blocks,0,1,6,title,2.0,0,RESUMO,6,1,67.0,282.0,107.0,294.0,40.0,12.0,480.0
gdi_0685,GDI_0685.pdf,preproc_blocks,0,1,7,abstract,,0,Neste trabalho é apresentado o desenvolvimento de um caminhão elétrico para serviços de manutenção em redes,107,1,66.0,299.0,531.0,308.0,465.0,9.0,4185.0
gdi_0685,GDI_0685.pdf,preproc_blocks,0,1,7,abstract,,1,"de distribuição de energia elétrica, incluindo todas as adaptações necessárias para a inclusão de cesto aéreo e",111,1,67.0,310.0,530.0,318.0,463.0,8.0,3704.0
gdi_0685,GDI_0685.pdf,preproc_blocks,0,1,7,abstract,,2,sistema seguro e eficiente para recargas de oportunidade do veículo na própria rede de distribuição da,102,1,67.0,320.0,531.0,330.0,464.0,10.0,4640.0
gdi_0685,GDI_0685.pdf,preproc_blocks,0,1,7,abstract,,3,concessionária. O desenvolvimento foi realizado no âmbito do programa de P&D ANEEL dentro da Chamada,100,1,67.0,330.0,531.0,340.0,464.0,10.0,4640.0
gdi_0685,GDI_0685.pdf,preproc_blocks,0,1,7,abstract,,4,Estratégica nº 22/2018 que teve como intuito impulsionar a mobilidade elétrica no país.,87,1,67.0,340.0,414.0,350.0,347.0,10.0,3470.0
gdi_0685,GDI_0685.pdf,preproc_blocks,0,1,8,title,2.0,0,PALAVRAS-CHAVE,14,1,67.0,368.0,149.0,378.0,82.0,10.0,820.0
gdi_0685,GDI_0685.pdf,preproc_blocks,0,1,9,text,,0,Mobilidade elétrica; veículo elétrico; serviços de manutenção; recarga de oportunidade.,87,1,66.0,384.0,415.0,393.0,349.0,9.0,3141.0
gdi_0685,GDI_0685.pdf,preproc_blocks,0,1,10,title,2.0,0,1.0 INTRODUÇÃO,14,1,68.0,403.0,143.0,415.0,75.0,12.0,900.0
gdi_0685,GDI_0685.pdf,preproc_blocks,0,1,11,text,,0,Em 2018 foi firmada uma parceria estratégica entre a ANEEL e a Agência de Cooperação Alemã (GIZ) para a,103,1,67.0,421.0,531.0,430.0,464.0,9.0,4176.0
gdi_0685,GDI_0685.pdf,preproc_blocks,0,1,11,text,,1,"organização da estruturação da Rede de Inovação do Setor Elétrico – RISE aplicada à Mobilidade Elétrica, com a",110,1,67.0,431.0,531.0,440.0,464.0,9.0,4176.0
gdi_0685,GDI_0685.pdf,preproc_blocks,0,1,11,text,,2,"intenção de promover ambientes de inovação propícios à criação de produtos tecnológicos com inserção no mercado,",112,1,67.0,441.0,530.0,450.0,463.0,9.0,4167.0
gdi_0685,GDI_0685.pdf,preproc_blocks,0,1,11,text,,3,"através de pesquisas alinhadas com o setor industrial, de modo a impulsionar a mobilidade elétrica no Brasil. Em",112,1,67.0,452.0,531.0,460.0,464.0,8.0,3712.0
gdi_0685,GDI_0685.pdf,preproc_blocks,0,1,11,text,,4,"consonância, a ANEEL lançou a Chamada de Projeto de P&D Estratégico “Desenvolvimento de Soluções em",99,1,66.0,461.0,531.0,472.0,465.0,11.0,5115.0
gdi_0685,GDI_0685.pdf,preproc_blocks,0,1,11,text,,5,"Mobilidade Elétrica Eficiente” [1], a qual tem por objetivo a apresentação de soluções para mobilidade elétrica por",115,1,67.0,473.0,531.0,482.0,464.0,9.0,4176.0
gdi_0685,GDI_0685.pdf,preproc_blocks,0,1,11,text,,6,"meio de modelos de negócio, equipamentos, tecnologias, serviços, sistemas ou infraestruturas para suporte ao",108,1,67.0,483.0,531.0,493.0,464.0,10.0,4640.0
gdi_0685,GDI_0685.pdf,preproc_blocks,0,1,11,text,,7,desenvolvimento ou à operação dos veículos elétricos ou híbridos plug-in.,73,1,66.0,493.0,362.0,503.0,296.0,10.0,2960.0
gdi_0685,GDI_0685.pdf,preproc_blocks,0,1,12,text,,0,"Neste sentido, com o intuito de contribuir para os objetivos propostos na temática da eletromobilidade no país e",112,1,66.0,510.0,531.0,519.0,465.0,9.0,4185.0
gdi_0685,GDI_0685.pdf,preproc_blocks,0,1,12,text,,1,"alcançar os resultados a que se propõe [2], a Neoenergia por meio da Elektro e demais cooperadas em parceira com",112,1,65.0,519.0,532.0,529.0,467.0,10.0,4670.0
gdi_0685,GDI_0685.pdf,preproc_blocks,0,1,12,text,,2,"o Lactec (instituto de pesquisa), com a BYD (indústria de veículos elétricos) e a com a PLE (desenvolvedora de",110,1,66.0,530.0,531.0,539.0,465.0,9.0,4185.0
gdi_0685,GDI_0685.pdf,preproc_blocks,0,1,12,text,,3,soluções em eletroeletrônicos) propuseram a realização de um projeto de P&D para o Desenvolvimento de Caminhão,110,1,66.0,540.0,532.0,551.0,466.0,11.0,5126.0
gdi_0685,GDI_0685.pdf,preproc_blocks,0,1,12,text,,4,"Elétrico para Manutenção de Redes de Distribuição, com conjunto inteligente para o gerenciamento da recarga e",109,1,65.0,550.0,532.0,561.0,467.0,11.0,5137.0
gdi_0685,GDI_0685.pdf,preproc_blocks,0,1,12,text,,5,sistema seguro e eficiente para recargas do veículo na própria rede da concessionária [3].,90,1,66.0,561.0,427.0,570.0,361.0,9.0,3249.0
gdi_0685,GDI_0685.pdf,preproc_blocks,0,1,13,text,,0,"Desta forma, neste trabalho estão apresentadas as etapas realizadas para a implementação de inovações no",104,1,66.0,577.0,531.0,587.0,465.0,10.0,4650.0
gdi_0685,GDI_0685.pdf,preproc_blocks,0,1,13,text,,1,"caminhão elétrico comercializado internacionalmente para aplicação em manutenção de redes de distribuição, o que",112,1,66.0,587.0,531.0,598.0,465.0,11.0,5115.0
gdi_0685,GDI_0685.pdf,preproc_blocks,0,1,13,text,,2,inclui a integração de braço hidráulico e cesto aéreo e sistema seguro e eficiente para recargas de oportunidade do,115,1,67.0,599.0,531.0,607.0,464.0,8.0,3712.0
gdi_0685,GDI_0685.pdf,preproc_blocks,0,1,13,text,,3,veículo na própria rede de distribuição da concessionária.,58,1,66.0,609.0,298.0,618.0,232.0,9.0,2088.0
gdi_0685,GDI_0685.pdf,preproc_blocks,0,1,14,title,2.0,0,2.0 DESENVOLVIMENTO,19,1,66.0,630.0,173.0,641.0,107.0,11.0,1177.0
gdi_0685,GDI_0685.pdf,preproc_blocks,0,1,15,text,,0,2.1 Estudos para definição dos requisitos e características para aprimoramento do caminhão e do carregador,106,1,66.0,650.0,505.0,660.0,439.0,10.0,4390.0
gdi_0685,GDI_0685.pdf,preproc_blocks,0,1,16,text,,0,O veículo escolhido para as implementações necessárias ao desenvolvimento do caminhão elétrico para manutenção,110,1,66.0,666.0,531.0,676.0,465.0,10.0,4650.0
gdi_0685,GDI_0685.pdf,preproc_blocks,0,1,16,text,,1,"de redes de distribuição é o caminhão BYD modelo T7 com pack de baterias de aproximadamente 160 kW, que pode",108,1,67.0,678.0,530.0,685.0,463.0,7.0,3241.0
gdi_0685,GDI_0685.pdf,preproc_blocks,0,1,16,text,,2,ser observado na Figura 1.,26,1,66.0,687.0,175.0,696.0,109.0,9.0,981.0
gdi_0685,GDI_0685.pdf,preproc_blocks,1,2,4,text,,0,O primeiro passo no desenvolvimento de um veículo comercial de carga é a definição do Peso Bruto Total (PBT),108,1,66.0,248.0,531.0,258.0,465.0,10.0,4650.0
gdi_0685,GDI_0685.pdf,preproc_blocks,1,2,4,text,,1,"para chassi rígido. O Peso em Ordem de Marcha (POM) do veículo em questão é de 4.750 kg, que corresponde ao",107,1,67.0,259.0,531.0,268.0,464.0,9.0,4176.0
gdi_0685,GDI_0685.pdf,preproc_blocks,1,2,4,text,,2,"peso próprio do caminhão considerando que todos os reservatórios (de expansão do sistema de arrefecimento, de",109,1,67.0,268.0,531.0,277.0,464.0,9.0,4176.0
gdi_0685,GDI_0685.pdf,preproc_blocks,1,2,4,text,,3,"óleo do sistema de direção, etc.) por exemplo estejam com pelo menos 90% de sua capacidade preenchida. Com",106,1,67.0,279.0,530.0,288.0,463.0,9.0,4167.0
gdi_0685,GDI_0685.pdf,preproc_blocks,1,2,4,text,,4,"isso, através da subtração do POM do PBT do veículo obteve-se uma carga líquida para transporte de 7.050kg (carga",113,1,66.0,288.0,531.0,299.0,465.0,11.0,5115.0
gdi_0685,GDI_0685.pdf,preproc_blocks,1,2,4,text,,5,líquida = 11.800kg – 4.750kg) para o caminhão elétrico de manutenção de redes de distribuição. Outro fator,106,1,67.0,298.0,531.0,307.0,464.0,9.0,4176.0
gdi_0685,GDI_0685.pdf,preproc_blocks,1,2,4,text,,6,importante a ser considerado em veículos comerciais é a distribuição de carga por eixo. O CONTRAN – Conselho,108,1,67.0,309.0,531.0,317.0,464.0,8.0,3712.0
gdi_0685,GDI_0685.pdf,preproc_blocks,1,2,4,text,,7,"Nacional de Trânsito, de acordo com a resolução n° 210 e resolução n° 211 ambas de 13/11/2006, diz que veículos",111,1,66.0,318.0,531.0,327.0,465.0,9.0,4185.0
gdi_0685,GDI_0685.pdf,preproc_blocks,1,2,4,text,,8,da categoria do T7 com PBT de até 16.000kg permitem o peso máximo de 6.000 kg no eixo dianteiro e 10.000 kg no,110,1,67.0,329.0,530.0,337.0,463.0,8.0,3704.0
gdi_0685,GDI_0685.pdf,preproc_blocks,1,2,4,text,,9,"eixo traseiro. Assim, considerando as limitações de peso impostas pelo CONTRAN, foi realizado o estudo de",105,1,67.0,339.0,531.0,348.0,464.0,9.0,4176.0
gdi_0685,GDI_0685.pdf,preproc_blocks,1,2,4,text,,10,"distribuição de cargas considerando o conjunto caminhão (T7), carroceria e cesto aéreo (Figura 3) para o",104,1,66.0,348.0,532.0,358.0,466.0,10.0,4660.0
gdi_0685,GDI_0685.pdf,preproc_blocks,1,2,4,text,,11,"desenvolvimento do caminhão elétrico para manutenção de redes de distribuição, que apresentou como resultado",108,1,67.0,358.0,531.0,367.0,464.0,9.0,4176.0
gdi_0685,GDI_0685.pdf,preproc_blocks,1,2,4,text,,12,"que com a implementação do cesto aéreo o peso do veículo completo atinge 7.440 kg, ultrapassando o peso mínimo",110,1,67.0,369.0,531.0,378.0,464.0,9.0,4176.0
gdi_0685,GDI_0685.pdf,preproc_blocks,1,2,4,text,,13,de 5.940 kg exigidos para estabilidade do veículo e em uma distribuição de carga por eixo que atende a especificação,116,1,66.0,378.0,531.0,388.0,465.0,10.0,4650.0
gdi_0685,GDI_0685.pdf,preproc_blocks,1,2,4,text,,14,"técnica do veículo e à norma brasileira do CONTRAN no que se refere a transferência de carga máxima ao solo,",108,1,67.0,388.0,530.0,397.0,463.0,9.0,4167.0
gdi_0685,GDI_0685.pdf,preproc_blocks,1,2,4,text,,15,"conforme pode-se verificar na Figura 2 – Conjunto caminhão, carroceria e cesto aéreo",84,1,67.0,398.0,392.0,407.0,325.0,9.0,2925.0
gdi_0685,GDI_0685.pdf,preproc_blocks,1,2,5,text,,0,Tabela 1. Em relação às dimensões gerais do caminhão um pré-requisito definido foi que o mesmo tivesse a menor,110,1,66.0,414.0,531.0,424.0,465.0,10.0,4650.0
gdi_0685,GDI_0685.pdf,preproc_blocks,1,2,5,text,,1,"distância entre eixos (entre os centros dos eixos dianteiro e traseiro) possível, para assim diminuir o raio de giro e",118,1,66.0,424.0,531.0,434.0,465.0,10.0,4650.0
gdi_0685,GDI_0685.pdf,preproc_blocks,1,2,5,text,,2,"facilitar o esterçamento do caminhão em ruas estreitas. Assim, chegou-se a uma distância entre eixos de 3.850 mm",112,1,67.0,435.0,530.0,444.0,463.0,9.0,4167.0
gdi_0685,GDI_0685.pdf,preproc_blocks,1,2,5,text,,3,obtendo um raio de giro máximo de 9.000 mm.,43,1,67.0,446.0,253.0,455.0,186.0,9.0,1674.0
gdi_0685,GDI_0685.pdf,preproc_blocks,2,3,2,text,,0,"Os modelos de cesto aéreo e bomba hidráulica escolhidos foram, respectivamente, o Versalift SST-40EIH e Hybel",109,1,66.0,84.0,531.0,95.0,465.0,11.0,5115.0
gdi_0685,GDI_0685.pdf,preproc_blocks,2,3,2,text,,1,do tipo “engrenagem”.,21,1,66.0,95.0,157.0,105.0,91.0,10.0,910.0
gdi_0685,GDI_0685.pdf,preproc_blocks,2,3,3,title,2.0,0,2.1.1 Desenvolvimento de PTO (power take off),45,1,67.0,117.0,257.0,126.0,190.0,9.0,1710.0
gdi_0685,GDI_0685.pdf,preproc_blocks,2,3,4,text,,0,Com base nos equipamentos a serem implementados foram realizados estudos para o desenvolvimento de PTO,102,1,67.0,132.0,530.0,141.0,463.0,9.0,4167.0
gdi_0685,GDI_0685.pdf,preproc_blocks,2,3,4,text,,1,"para energizar o conjunto cesto aéreo e bomba hidráulica. O PTO conta com um motor elétrico de 11 kW de potência,",113,1,66.0,143.0,530.0,152.0,464.0,9.0,4176.0
gdi_0685,GDI_0685.pdf,preproc_blocks,2,3,4,text,,2,"dimensionado para atender a potência mínima exigida pelo conjunto, e 1800 rpm de rotação, considerando a vazão",110,1,67.0,154.0,530.0,162.0,463.0,8.0,3704.0
gdi_0685,GDI_0685.pdf,preproc_blocks,2,3,4,text,,3,"requerida de 21,6 L/m requerida pela bomba hidráulica. Ainda, o PTO conta com um inversor com entrada compatível",112,1,66.0,163.0,531.0,172.0,465.0,9.0,4185.0
gdi_0685,GDI_0685.pdf,preproc_blocks,2,3,4,text,,4,"com os níveis de tensão da bateria de alta tensão (Vdc), saída trifásica no nível de tensão do motor (270 Vca) e",112,1,66.0,174.0,530.0,183.0,464.0,9.0,4176.0
gdi_0685,GDI_0685.pdf,preproc_blocks,2,3,4,text,,5,"módulo de comunicação CAN compatível com a rede de comunicação do chassi, pois as funções de comando e",102,1,66.0,184.0,531.0,193.0,465.0,9.0,4185.0
gdi_0685,GDI_0685.pdf,preproc_blocks,2,3,4,text,,6,"gerenciamento da segurança da aplicação são executadas em último nível pelas centrais do caminhão, e saída",106,1,66.0,195.0,531.0,204.0,465.0,9.0,4185.0
gdi_0685,GDI_0685.pdf,preproc_blocks,2,3,4,text,,7,trifásica no nível de tensão do motor.,38,1,66.0,204.0,216.0,214.0,150.0,10.0,1500.0
gdi_0685,GDI_0685.pdf,preproc_blocks,2,3,5,text,,0,Para acionamento do sistema eletro hidráulico foram implementados no caminhão elétrico 2 botões (um no cesto,108,1,66.0,220.0,531.0,230.0,465.0,10.0,4650.0
gdi_0685,GDI_0685.pdf,preproc_blocks,2,3,5,text,,1,"aéreo e outro nos controles da torre), os quais enviam sinais para o inversor iniciar a energização do motor",108,1,66.0,232.0,531.0,241.0,465.0,9.0,4185.0
gdi_0685,GDI_0685.pdf,preproc_blocks,2,3,5,text,,2,considerando quatro requisitos para o veículo: não estar com falha no chassi; velocidade igual a 0; freio de,108,1,66.0,242.0,531.0,251.0,465.0,9.0,4185.0
gdi_0685,GDI_0685.pdf,preproc_blocks,2,3,5,text,,3,"estacionamento acionado; e, marcha em Neutro. Existe ainda a possibilidade do operador após o posicionamento do",111,1,66.0,253.0,531.0,262.0,465.0,9.0,4185.0
gdi_0685,GDI_0685.pdf,preproc_blocks,2,3,5,text,,4,"cesto aéreo, desligar o sistema pelo botão contido no cesto aéreo, o que reduz o consumo de bateria de alta tensão",114,1,66.0,263.0,531.0,272.0,465.0,9.0,4185.0
gdi_0685,GDI_0685.pdf,preproc_blocks,2,3,5,text,,5,e impacta positivamente na autonomia do veículo.,48,1,66.0,273.0,267.0,282.0,201.0,9.0,1809.0
gdi_0685,GDI_0685.pdf,preproc_blocks,2,3,6,text,,0,"Baseado no consumo elétrico do chassi do caminhão e nas cargas auxiliares (farol, lanternas, rádio, etc.) ainda foi",115,1,67.0,289.0,531.0,299.0,464.0,10.0,4640.0
gdi_0685,GDI_0685.pdf,preproc_blocks,2,3,6,text,,1,"realizado o balanço energético e dimensionado um conversor DC/DC (potência de 2,5 kW e tensão de 28 V) para",107,1,66.0,300.0,531.0,309.0,465.0,9.0,4185.0
gdi_0685,GDI_0685.pdf,preproc_blocks,2,3,6,text,,2,atender as características da aplicação.,40,1,67.0,310.0,225.0,319.0,158.0,9.0,1422.0
gdi_0685,GDI_0685.pdf,preproc_blocks,2,3,7,title,2.0,0,2.2 Sistema embarcado para recargas de oportunidade,51,1,66.0,331.0,288.0,340.0,222.0,9.0,1998.0
gdi_0685,GDI_0685.pdf,preproc_blocks,2,3,8,text,,0,"Como inovação, no projeto de P&D “Desenvolvimento de Caminhão Elétrico para Manutenção de Redes de",98,1,67.0,347.0,530.0,355.0,463.0,8.0,3704.0
gdi_0685,GDI_0685.pdf,preproc_blocks,2,3,8,text,,1,Distribuição” foram previstas pelo veículo a realização das chamadas recargas de oportunidade na própria rede de,112,1,67.0,357.0,531.0,366.0,464.0,9.0,4176.0
gdi_0685,GDI_0685.pdf,preproc_blocks,2,3,8,text,,2,"distribuição da Neoenergia Elektro, com o intuito de possibilitar a circulação do mesmo e a realização das atividades",117,1,66.0,368.0,531.0,377.0,465.0,9.0,4185.0
gdi_0685,GDI_0685.pdf,preproc_blocks,2,3,8,text,,3,de manutenção sem depender exclusivamente dos pontos de recarga fixos (eletropostos). Para viabilizar as recargas,113,1,65.0,377.0,532.0,388.0,467.0,11.0,5137.0
gdi_0685,GDI_0685.pdf,preproc_blocks,2,3,8,text,,4,"de oportunidade foi especificado um sistema, que conta com carregador embarcado no caminhão, um transformador,",110,1,66.0,389.0,531.0,397.0,465.0,8.0,3720.0
gdi_0685,GDI_0685.pdf,preproc_blocks,2,3,8,text,,5,elementos de proteção e os elementos para conexão na rede de distribuição de BT da concessionária. Também foi,109,1,66.0,399.0,531.0,407.0,465.0,8.0,3720.0
gdi_0685,GDI_0685.pdf,preproc_blocks,2,3,8,text,,6,"definido procedimento seguro e adequado, com base em ensaios laboratoriais, para a execução das recargas de",107,1,66.0,410.0,531.0,418.0,465.0,8.0,3720.0
gdi_0685,GDI_0685.pdf,preproc_blocks,2,3,8,text,,7,oportunidade. Na Figura 3 pode ser visualizado uma ilustração do sistema para recargas de oportunidade do,105,1,65.0,419.0,531.0,429.0,466.0,10.0,4660.0
gdi_0685,GDI_0685.pdf,preproc_blocks,2,3,8,text,,8,caminhão elétrico.,18,1,66.0,430.0,140.0,439.0,74.0,9.0,666.0
gdi_0685,GDI_0685.pdf,preproc_blocks,2,3,11,text,,0,O carregador embarcado definido para a implementação é o modelo BYD de 40 kW – 380 V que permite realizar a,107,1,67.0,633.0,531.0,642.0,464.0,9.0,4176.0
gdi_0685,GDI_0685.pdf,preproc_blocks,2,3,11,text,,1,recarga total ou parcial do veículo diretamente de secundário dos transformadores da rede de distribuição. Como o,113,1,66.0,644.0,531.0,653.0,465.0,9.0,4185.0
gdi_0685,GDI_0685.pdf,preproc_blocks,2,3,11,text,,2,secundário dos transformadores de distribuição são trifásicos 220 V também foi necessário embarcar um,101,1,66.0,654.0,531.0,663.0,465.0,9.0,4185.0
gdi_0685,GDI_0685.pdf,preproc_blocks,2,3,11,text,,3,"transformador elevador para adequar o nível de tensão requerido para o carregador (380-220 V). Ainda,",101,1,66.0,665.0,531.0,674.0,465.0,9.0,4185.0
gdi_0685,GDI_0685.pdf,preproc_blocks,2,3,11,text,,4,"equipamentos acessórios para a conexão na rede compreendem o sistema, tais como: carretel retrátil à mola",105,1,66.0,675.0,531.0,684.0,465.0,9.0,4185.0
gdi_0685,GDI_0685.pdf,preproc_blocks,2,3,11,text,,5,embarcado; cabo tetrapolar flexível; carretilha de sustentação; e conectores.,77,1,67.0,686.0,372.0,695.0,305.0,9.0,2745.0
gdi_0685,GDI_0685.pdf,preproc_blocks,2,3,12,text,,0,A disponibilidade de potência na rede para as recargas de oportunidade foi objeto de estudo e resultou em,105,1,67.0,702.0,531.0,711.0,464.0,9.0,4176.0
gdi_0685,GDI_0685.pdf,preproc_blocks,2,3,12,text,,1,metodologia própria com base na realização de simulações computacionais do sistema elétrico.,92,1,67.0,713.0,450.0,721.0,383.0,8.0,3064.0
gdi_0685,GDI_0685.pdf,preproc_blocks,3,4,2,text,,0,O procedimento elaborado para a conexão segura e eficiente do caminhão à rede de BT para as recargas de,103,1,66.0,84.0,532.0,96.0,466.0,12.0,5592.0
gdi_0685,GDI_0685.pdf,preproc_blocks,3,4,2,text,,1,oportunidade foi testado e validado em laboratório e foi desenvolvido seguindo as normas e regulamentações de,109,1,67.0,96.0,531.0,105.0,464.0,9.0,4176.0
gdi_0685,GDI_0685.pdf,preproc_blocks,3,4,2,text,,2,"segurança vigentes ([4], [5]).",30,1,66.0,105.0,182.0,117.0,116.0,12.0,1392.0
gdi_0685,GDI_0685.pdf,preproc_blocks,3,4,5,title,2.0,0,2.3 Fabricação e implementação,30,1,66.0,287.0,199.0,298.0,133.0,11.0,1463.0
gdi_0685,GDI_0685.pdf,preproc_blocks,3,4,6,text,,0,A fabricação de duas unidades de caminhão elétrico aconteceu na cidade de Shenzhen nas dependências da fábrica,110,1,67.0,303.0,530.0,312.0,463.0,9.0,4167.0
gdi_0685,GDI_0685.pdf,preproc_blocks,3,4,6,text,,1,"da BYD China entre o período de junho e julho de 2021, com supervisão da equipe BYD Brasil e seguiu os",102,1,67.0,314.0,531.0,322.0,464.0,8.0,3712.0
gdi_0685,GDI_0685.pdf,preproc_blocks,3,4,6,text,,2,procedimentos estabelecidos pela fabricante no que tange às características convencionais do caminhão de,104,1,66.0,324.0,531.0,333.0,465.0,9.0,4185.0
gdi_0685,GDI_0685.pdf,preproc_blocks,3,4,6,text,,3,“mercado” vendido. Quanto às características específicas para o atendimento às necessidades do projeto de PD,108,1,68.0,334.0,531.0,343.0,463.0,9.0,4167.0
gdi_0685,GDI_0685.pdf,preproc_blocks,3,4,6,text,,4,foram conduzidas de forma particular e em acordo com os requisitos apresentados na seção 2.1 deste trabalho. As,111,1,66.0,345.0,530.0,353.0,464.0,8.0,3712.0
gdi_0685,GDI_0685.pdf,preproc_blocks,3,4,6,text,,5,principais etapas de fabricação foram:,38,1,67.0,356.0,219.0,364.0,152.0,8.0,1216.0
gdi_0685,GDI_0685.pdf,preproc_blocks,3,4,7,text,,0," Montagem estrutural, no quadro de longarinas do chassi;",57,1,87.0,366.0,331.0,375.0,244.0,9.0,2196.0
gdi_0685,GDI_0685.pdf,preproc_blocks,3,4,8,text,,0, Passagens dos chicotes que fazem parte do sistema de baixa tensão do caminhão de montagem dos eixos;,102,1,85.0,376.0,531.0,387.0,446.0,11.0,4906.0
gdi_0685,GDI_0685.pdf,preproc_blocks,3,4,9,text,,0,Motor elétrico de tração;,25,1,101.0,387.0,201.0,398.0,100.0,11.0,1100.0
gdi_0685,GDI_0685.pdf,preproc_blocks,3,4,10,text,,0, Sistema de freio;,19,1,85.0,398.0,171.0,408.0,86.0,10.0,860.0
gdi_0685,GDI_0685.pdf,preproc_blocks,3,4,11,text,,0, Montagem da tubulação e componentes do sistema de refrigeração de baterias;,77,1,87.0,411.0,423.0,419.0,336.0,8.0,2688.0
gdi_0685,GDI_0685.pdf,preproc_blocks,3,4,12,text,,0,Montagem do sistema de alta tensão na estrutura do chassi do caminhão: responsável por fornecer energia,103,1,102.0,421.0,531.0,430.0,429.0,9.0,3861.0
gdi_0685,GDI_0685.pdf,preproc_blocks,3,4,12,text,,1,suficiente para impulsionar o motor de tração e também por alimentar alguns componentes elétricos de,100,1,102.0,431.0,531.0,440.0,429.0,9.0,3861.0
gdi_0685,GDI_0685.pdf,preproc_blocks,3,4,12,text,,2,"baixa tensão do caminhão. A bateria é feita de ferro fosfato lítio, tem capacidade de 174 kWh e a tensão de",107,1,103.0,442.0,531.0,450.0,428.0,8.0,3424.0
gdi_0685,GDI_0685.pdf,preproc_blocks,3,4,12,text,,3,"512V. Ela fornece energia em padrão corrente contínua, que é transformada em corrente alternada pelo",100,1,103.0,452.0,531.0,461.0,428.0,9.0,3852.0
gdi_0685,GDI_0685.pdf,preproc_blocks,3,4,12,text,,4,"controlador do motor, para alimentação do motor de tração;",58,1,103.0,462.0,342.0,471.0,239.0,9.0,2151.0
gdi_0685,GDI_0685.pdf,preproc_blocks,3,4,13,text,,0, Finalização do chassi e seus sistemas (ver Figura 5);,55,1,85.0,473.0,316.0,483.0,231.0,10.0,2310.0
gdi_0685,GDI_0685.pdf,preproc_blocks,3,4,14,text,,0, Manufatura da cabine e acabamentos (ver Figura 5).,52,1,86.0,483.0,313.0,494.0,227.0,11.0,2497.0
gdi_0685,GDI_0685.pdf,preproc_blocks,3,4,17,text,,0,Após a fabricação os veículos foram transportados para o Brasil. Na BYD Brasil foi realizada a inspeção dos veículos,116,1,67.0,681.0,531.0,690.0,464.0,9.0,4176.0
gdi_0685,GDI_0685.pdf,preproc_blocks,3,4,17,text,,1,e aprovação quanto aos requisitos previamente definidos. N sequencia foi realizada a implementação do conjunto,110,1,67.0,692.0,531.0,701.0,464.0,9.0,4176.0
gdi_0685,GDI_0685.pdf,preproc_blocks,3,4,17,text,,2,"cesto aéreo e bomba hidráulica, do PTO (inversor, motor auxiliar) e do sistema para recargas de oportunidade.",109,1,67.0,702.0,510.0,711.0,443.0,9.0,3987.0
gdi_0685,GDI_0685.pdf,preproc_blocks,4,5,5,title,2.0,0,2.4 TESTES,10,1,66.0,344.0,118.0,355.0,52.0,11.0,572.0
gdi_0685,GDI_0685.pdf,preproc_blocks,4,5,6,text,,0,"Os protótipos foram submetidos em laboratório a testes de segurança, confiabilidade e autonomia. O cesto aéreo foi",114,1,67.0,360.0,531.0,369.0,464.0,9.0,4176.0
gdi_0685,GDI_0685.pdf,preproc_blocks,4,5,6,text,,1,"aprovado nos ensaios de emissão acústica (ABNT NBR 16593 [6]), estabilidade e de alta tensão (ambos ABNT NBR",108,1,65.0,370.0,532.0,380.0,467.0,10.0,4670.0
gdi_0685,GDI_0685.pdf,preproc_blocks,4,5,6,text,,2,16092:2018 [7]). Em ensaios para simulação das recargas de oportunidade do CE foram validados os procedimentos,110,1,67.0,381.0,531.0,390.0,464.0,9.0,4176.0
gdi_0685,GDI_0685.pdf,preproc_blocks,4,5,6,text,,3,"para conexão segura e eficiente à rede de BT. Também foram monitoradas grandezas elétricas, em etapas de pré-",109,1,65.0,391.0,531.0,401.0,466.0,10.0,4660.0
gdi_0685,GDI_0685.pdf,preproc_blocks,4,5,6,text,,4,"inicialização, início e interrupção de recarga da bateria, com carregamentos efetivos entre 15 e 35 kW, onde o",110,1,66.0,402.0,531.0,411.0,465.0,9.0,4185.0
gdi_0685,GDI_0685.pdf,preproc_blocks,4,5,6,text,,5,carregador do CE manteve o consumo de corrente constante e não houveram valores consideráveis de potência,105,1,66.0,412.0,531.0,421.0,465.0,9.0,4185.0
gdi_0685,GDI_0685.pdf,preproc_blocks,4,5,6,text,,6,"reativa durante o carregamento (fator de potência superior a 0,92). Quanto à curva de carga da bateria verificou-se",115,1,66.0,423.0,531.0,432.0,465.0,9.0,4185.0
gdi_0685,GDI_0685.pdf,preproc_blocks,4,5,6,text,,7,que entre 47-99% há um comportamento linear (≈2h) e entre 99-100% o carregamento ocorre de forma mais lenta,107,1,66.0,433.0,531.0,442.0,465.0,9.0,4185.0
gdi_0685,GDI_0685.pdf,preproc_blocks,4,5,6,text,,8,"(≈20min). Ainda foram avaliadas a temperatura das conexões, da carcaça do motor e do inversor durante operação",110,1,68.0,444.0,531.0,452.0,463.0,8.0,3704.0
gdi_0685,GDI_0685.pdf,preproc_blocks,4,5,6,text,,9,"do cesto aéreo, a vibração do motor, ruído interno na cabine, entre outros, e todos tiveram os requisitos atendidos e",117,1,67.0,455.0,531.0,462.0,464.0,7.0,3248.0
gdi_0685,GDI_0685.pdf,preproc_blocks,4,5,6,text,,10,valores abaixo da especificação dos fabricantes.,48,1,67.0,465.0,260.0,472.0,193.0,7.0,1351.0
gdi_0685,GDI_0685.pdf,preproc_blocks,5,6,2,title,2.0,0,2.5 MONITORAMENTO OPERAÇÂO,26,1,66.0,85.0,217.0,96.0,151.0,11.0,1661.0
gdi_0685,GDI_0685.pdf,preproc_blocks,5,6,3,text,,0,"Em campo, foi realizado o monitoramento da operação dos protótipos, nas cidades de Limeira e Mairiporã no estado",112,1,67.0,101.0,531.0,110.0,464.0,9.0,4176.0
gdi_0685,GDI_0685.pdf,preproc_blocks,5,6,3,text,,1,de São Paulo. Os veículos entraram em operação após a finalização dos testes a partir do mês de outubro de 2022.,112,1,67.0,112.0,530.0,121.0,463.0,9.0,4167.0
gdi_0685,GDI_0685.pdf,preproc_blocks,5,6,4,text,,0,"Foram realizados dois dias de monitoramento assistido, o primeiro monitoramento e acompanhamento foi realizado",110,1,66.0,128.0,531.0,137.0,465.0,9.0,4185.0
gdi_0685,GDI_0685.pdf,preproc_blocks,5,6,4,text,,1,no caminhão elétrico e nas operações realizadas na base da NEOENERGIA ELEKTRO em Limeira/SP. A Figura 8,103,1,67.0,139.0,531.0,147.0,464.0,8.0,3712.0
gdi_0685,GDI_0685.pdf,preproc_blocks,5,6,4,text,,2,mostra algumas imagens do caminhão elétrico em operação nesta unidade. Durante o período de operação foram,106,1,67.0,150.0,530.0,158.0,463.0,8.0,3704.0
gdi_0685,GDI_0685.pdf,preproc_blocks,5,6,4,text,,3,"percorridos aproximadamente 75 km, com aclive máximo de 11,8% e velocidade máxima de 59 km/h, apresentando",106,1,67.0,160.0,530.0,168.0,463.0,8.0,3704.0
gdi_0685,GDI_0685.pdf,preproc_blocks,5,6,4,text,,4,"um consumo de 31,2 % da bateria do caminhão elétrico.",53,1,67.0,170.0,291.0,178.0,224.0,8.0,1792.0
gdi_0685,GDI_0685.pdf,preproc_blocks,5,6,9,text,,0,O segundo monitoramento e acompanhamento foi realizado no caminhão elétrico nas operações realizadas na base,108,1,67.0,380.0,531.0,390.0,464.0,10.0,4640.0
gdi_0685,GDI_0685.pdf,preproc_blocks,5,6,9,text,,1,da NEOENERGIA ELEKTRO em Mairiporã/SP. A Figura 9 mostra algumas imagens do caminhão elétrico em,96,1,66.0,389.0,531.0,401.0,465.0,12.0,5580.0
gdi_0685,GDI_0685.pdf,preproc_blocks,5,6,9,text,,2,"operação nesta unidade. Durante o período de operação foram percorridos aproximadamente 58 km, com aclive",105,1,67.0,402.0,530.0,410.0,463.0,8.0,3704.0
gdi_0685,GDI_0685.pdf,preproc_blocks,5,6,9,text,,3,"máximo de 20,85% e velocidade máxima de 75 km/h, apresentando um consumo de 35,2 % da bateria do caminhão",105,1,66.0,411.0,531.0,421.0,465.0,10.0,4650.0
gdi_0685,GDI_0685.pdf,preproc_blocks,5,6,9,text,,4,elétrico.,9,1,66.0,422.0,99.0,432.0,33.0,10.0,330.0
gdi_0685,GDI_0685.pdf,preproc_blocks,5,6,14,text,,0,"A Tabela 2 apresenta as estatísticas obtidas no período de monitoramento dos caminhões, entre outubro e novembro",112,1,66.0,624.0,531.0,634.0,465.0,10.0,4650.0
gdi_0685,GDI_0685.pdf,preproc_blocks,5,6,14,text,,1,de 2022. É possível identificar que o caminhão de Mairiporã foi utilizado durante maior número de dias no período,113,1,66.0,635.0,531.0,645.0,465.0,10.0,4650.0
gdi_0685,GDI_0685.pdf,preproc_blocks,5,6,14,text,,2,"de outubro e novembro, consequentemente ele percorreu maior distância e teve maiores tempos totais de ignição",109,1,66.0,645.0,531.0,655.0,465.0,10.0,4650.0
gdi_0685,GDI_0685.pdf,preproc_blocks,5,6,14,text,,3,"ligada e em movimento. No entanto, ao se analisar as médias diárias, é possível notar que o tempo médio diário de",113,1,66.0,657.0,531.0,665.0,465.0,8.0,3720.0
gdi_0685,GDI_0685.pdf,preproc_blocks,5,6,14,text,,4,ignição ligada do caminhão de Mairiporã é inferior ao de Limeira (cerca de 1h 25min) enquanto o de movimento é,110,1,66.0,666.0,532.0,676.0,466.0,10.0,4660.0
gdi_0685,GDI_0685.pdf,preproc_blocks,5,6,14,text,,5,"maior em aproximadamente 30min. Já no trajeto percorrido, as médias diárias para os dois veículos são semelhantes,",114,1,66.0,677.0,530.0,686.0,464.0,9.0,4176.0
gdi_0685,GDI_0685.pdf,preproc_blocks,5,6,14,text,,6,de 46km e 49km respectivamente.,31,1,66.0,687.0,204.0,695.0,138.0,8.0,1104.0
gdi_0685,GDI_0685.pdf,preproc_blocks,6,7,4,text,,0,"No caminhão de Mairiporã a maior distância percorrida foi de 210 km, levemente acima da autonomia de fábrica de",111,1,66.0,222.0,531.0,231.0,465.0,9.0,4185.0
gdi_0685,GDI_0685.pdf,preproc_blocks,6,7,4,text,,1,"200 km. Nesse dia, o veículo se deslocou até a cidade de Campinas para passar por uma revisão na fábrica da BYD.",112,1,67.0,233.0,529.0,241.0,462.0,8.0,3696.0
gdi_0685,GDI_0685.pdf,preproc_blocks,6,7,4,text,,2,O trajeto de ida e volta foi realizado sem recargas intermediárias e o motorista informou que o veículo retornou à,114,1,67.0,243.0,531.0,252.0,464.0,9.0,4176.0
gdi_0685,GDI_0685.pdf,preproc_blocks,6,7,4,text,,3,"base com aproximadamente 30% de carga na bateria. Essa quilometragem superior à autonomia prevista se deve,",107,1,67.0,254.0,530.0,262.0,463.0,8.0,3704.0
gdi_0685,GDI_0685.pdf,preproc_blocks,6,7,4,text,,4,"principalmente, ao freio regenerativo, bastante utilizado pois o percurso possui longos trechos de declive.",107,1,67.0,263.0,487.0,273.0,420.0,10.0,4200.0
gdi_0685,GDI_0685.pdf,preproc_blocks,6,7,5,text,,0,"A maior distância percorrida em um dia pelo caminhão de Limeira foi de 103 km, bem abaixo da autonomia do veículo.",114,1,67.0,280.0,529.0,288.0,462.0,8.0,3696.0
gdi_0685,GDI_0685.pdf,preproc_blocks,6,7,5,text,,1,"De maneira geral, a média de quilômetros percorridos durante os dois meses pelos dois caminhões foi de 48 km/dia,",113,1,67.0,291.0,529.0,299.0,462.0,8.0,3696.0
gdi_0685,GDI_0685.pdf,preproc_blocks,6,7,5,text,,2,o que é bem inferior a autonomia prevista.,42,1,67.0,301.0,236.0,310.0,169.0,9.0,1521.0
gdi_0685,GDI_0685.pdf,preproc_blocks,6,7,6,title,2.0,0,3.0 CONCLUSÃO,13,1,67.0,320.0,139.0,331.0,72.0,11.0,792.0
gdi_0685,GDI_0685.pdf,preproc_blocks,6,7,7,text,,0,O desenvolvimento do caminhão elétrico para utilização em serviços de manutenção de redes de distribuição de,108,1,67.0,338.0,531.0,346.0,464.0,8.0,3712.0
gdi_0685,GDI_0685.pdf,preproc_blocks,6,7,7,text,,1,"energia foi concluído com sucesso, os veículos estão em operação há mais de seis meses e sua utilização foi",107,1,67.0,348.0,531.0,357.0,464.0,9.0,4176.0
gdi_0685,GDI_0685.pdf,preproc_blocks,6,7,7,text,,2,incorporada junto a frota da concessionária. A autonomia da bateria atendeu às necessidades de todos os percursos,113,1,66.0,357.0,532.0,367.0,466.0,10.0,4660.0
gdi_0685,GDI_0685.pdf,preproc_blocks,6,7,7,text,,3,"e atividades, não sendo relatado nenhum problema quanto a este quesito. Os resultados apresentados foram",104,1,66.0,369.0,531.0,378.0,465.0,9.0,4185.0
gdi_0685,GDI_0685.pdf,preproc_blocks,6,7,7,text,,4,"satisfatórios e indicam que o caminhão elétrico com carregador embarcado, desenvolvido para manutenção de rede",110,1,67.0,379.0,531.0,387.0,464.0,8.0,3712.0
gdi_0685,GDI_0685.pdf,preproc_blocks,6,7,7,text,,5,"de distribuição de energia, atende aos parâmetros fornecidos pelos fabricantes para os componentes",98,1,67.0,390.0,531.0,398.0,464.0,8.0,3712.0
gdi_0685,GDI_0685.pdf,preproc_blocks,6,7,7,text,,6,preestabelecidos no escopo do projeto.,38,1,67.0,400.0,224.0,409.0,157.0,9.0,1413.0
gdi_0685,GDI_0685.pdf,preproc_blocks,6,7,8,text,,0,Ao se avaliar os dados da telemetria dos caminhões é possível concluir que os veículos estão sendo utilizados na,112,1,67.0,416.0,530.0,424.0,463.0,8.0,3704.0
gdi_0685,GDI_0685.pdf,preproc_blocks,6,7,8,text,,1,"operação cotidiana das bases. O veículo de Mairiporã chegou a percorrer uma distância de 210 km em um único dia,",112,1,67.0,426.0,530.0,436.0,463.0,10.0,4630.0
gdi_0685,GDI_0685.pdf,preproc_blocks,6,7,8,text,,2,sem necessitar de recargas intermediárias e retornando a base com aproximadamente 30% de bateria. De forma,106,1,67.0,437.0,530.0,445.0,463.0,8.0,3704.0
gdi_0685,GDI_0685.pdf,preproc_blocks,6,7,8,text,,3,"geral, os veículos percorreram distâncias de aproximadamente 50 km por dia para o período avaliado, o que é bem",111,1,67.0,447.0,531.0,457.0,464.0,10.0,4640.0
gdi_0685,GDI_0685.pdf,preproc_blocks,6,7,8,text,,4,inferior a autonomia de fábrica de 200km.,41,1,67.0,458.0,233.0,466.0,166.0,8.0,1328.0
gdi_0685,GDI_0685.pdf,preproc_blocks,6,7,9,text,,0,"Os usuários dos caminhões (eletricistas, operadores e motoristas) apontaram que a utilização dos veículos é simples",115,1,66.0,473.0,531.0,483.0,465.0,10.0,4650.0
gdi_0685,GDI_0685.pdf,preproc_blocks,6,7,9,text,,1,"e muito eficiente, e citaram que o fato do caminhão elétrico não fazer barulho é um ganho em termos de qualidade",112,1,67.0,485.0,530.0,493.0,463.0,8.0,3704.0
gdi_0685,GDI_0685.pdf,preproc_blocks,6,7,9,text,,2,"de trabalho. Como benefícios para a concessionária, pode-se citar a redução de emissões de gases combustíveis",109,1,66.0,495.0,531.0,504.0,465.0,9.0,4185.0
gdi_0685,GDI_0685.pdf,preproc_blocks,6,7,9,text,,3,no meio ambiente em função da utilização de motor elétrico para o caminhão ao invés de motor a diesel e a redução,113,1,66.0,505.0,531.0,514.0,465.0,9.0,4185.0
gdi_0685,GDI_0685.pdf,preproc_blocks,6,7,9,text,,4,no número de manutenções previstas para os veículos.,52,1,67.0,516.0,288.0,524.0,221.0,8.0,1768.0
gdi_0685,GDI_0685.pdf,preproc_blocks,6,7,10,title,2.0,0,4.0 AGRADECIMENTOS,18,1,67.0,537.0,168.0,547.0,101.0,10.0,1010.0
gdi_0685,GDI_0685.pdf,preproc_blocks,6,7,11,text,,0,"Os autores expressam seu agradecimento aos profissionais da Neoenergia Elektro e do grupo Neoenergia, do",104,1,67.0,552.0,531.0,562.0,464.0,10.0,4640.0
gdi_0685,GDI_0685.pdf,preproc_blocks,6,7,11,text,,1,"Instituto de Pesquisa para o Desenvolvimento – LACTEC, BYD Brasil e à Agência Nacional de Energia Elétrica",106,1,66.0,563.0,531.0,572.0,465.0,9.0,4185.0
gdi_0685,GDI_0685.pdf,preproc_blocks,6,7,11,text,,2,"ANEEL pela motivação, colaboração e incentivo recebidos para o desenvolvimento deste trabalho, que é parte",106,1,66.0,573.0,531.0,582.0,465.0,9.0,4185.0
gdi_0685,GDI_0685.pdf,preproc_blocks,6,7,11,text,,3,"integrante de um projeto de Pesquisa e Desenvolvimento ANEEL, intitulado ""PD-00385-0069/2019 Desenvolvimento",108,1,67.0,584.0,530.0,592.0,463.0,8.0,3704.0
gdi_0685,GDI_0685.pdf,preproc_blocks,6,7,11,text,,4,de caminhão elétrico para manutenção de redes de distribuição de energia”.,74,1,66.0,594.0,372.0,603.0,306.0,9.0,2754.0
gdi_0685,GDI_0685.pdf,preproc_blocks,6,7,12,title,2.0,0,REFERÊNCIAS,11,1,67.0,622.0,132.0,635.0,65.0,13.0,845.0
gdi_0685,GDI_0685.pdf,preproc_blocks,6,7,13,text,,0,[1] ANEEL. (2019). Agência abre chamada de P&D estratégico sobre Mobilidade Elétrica Eficiente [Online]. Agência,112,1,66.0,645.0,531.0,655.0,465.0,10.0,4650.0
gdi_0685,GDI_0685.pdf,preproc_blocks,6,7,13,text,,1,Nacional de Energia Elétrica. Available: http://www.aneel.gov.br/sala-de-imprensa-exibicao-2/-,94,2,67.0,655.0,531.0,666.0,464.0,11.0,5104.0
gdi_0685,GDI_0685.pdf,preproc_blocks,6,7,13,text,,2,/asset_publisher/zXQREz8EVlZ6/content/agencia-abre-chamada-de-p-d-estrategico-sobre-mobilidade-eletrica-,104,1,67.0,666.0,510.0,675.0,443.0,9.0,3987.0
gdi_0685,GDI_0685.pdf,preproc_blocks,6,7,13,text,,3,eficiente/656877?inheritRedirect=false. Acessado em 29 de Julho 2020.,69,1,67.0,677.0,354.0,685.0,287.0,8.0,2296.0
gdi_0685,GDI_0685.pdf,preproc_blocks,6,7,14,text,,0,"[2] NEOENERGIA. Com o objetivo de contribuir para a descarbonização, companhia está ampliando infraestrutura",108,1,67.0,698.0,531.0,706.0,464.0,8.0,3712.0
gdi_0685,GDI_0685.pdf,preproc_blocks,6,7,14,text,,1,"de recarga de veículos elétricos nas suas áreas de atuação. Neoenergia, 2023. Disponivel em:",92,1,66.0,707.0,531.0,717.0,465.0,10.0,4650.0
gdi_0685,GDI_0685.pdf,preproc_blocks,6,7,14,text,,2,<https://www.neoenergia.com/pt-br/te-interessa/inovacao/Paginas/mobilidade-eletrica.aspx>. Acesso em: 14 jun.,109,1,66.0,717.0,531.0,727.0,465.0,10.0,4650.0
gdi_0685,GDI_0685.pdf,preproc_blocks,6,7,14,text,,3,2023.,5,1,66.0,728.0,91.0,738.0,25.0,10.0,250.0
gdi_0685,GDI_0685.pdf,preproc_blocks,7,8,2,ref_text,,0,[3] NEOENERGIA ELEKTRO. Relatório final do projeto “Desenvolvimento de Caminhão Elétrico para Manutenção,104,1,67.0,86.0,529.0,95.0,462.0,9.0,4158.0
gdi_0685,GDI_0685.pdf,preproc_blocks,7,8,2,ref_text,,1,"de Redes de Distribuição de Energia”. Neoenergia Elektro, 2023.",63,1,67.0,96.0,331.0,104.0,264.0,8.0,2112.0
gdi_0685,GDI_0685.pdf,preproc_blocks,7,8,3,ref_text,,0,[4] ASSOCIAÇÃO BRASILEIRA DE NORMAS TÉCNICAS. ABNT NBR 5370: Conectores de cobre para condutores,96,1,66.0,115.0,531.0,126.0,465.0,11.0,5115.0
gdi_0685,GDI_0685.pdf,preproc_blocks,7,8,3,ref_text,,1,"elétricos em sistemas de potência, p. 12, 1990.",47,1,67.0,127.0,255.0,136.0,188.0,9.0,1692.0
gdi_0685,GDI_0685.pdf,preproc_blocks,7,8,4,ref_text,,0,[5] ELEKTRO Eletricidade e Serviços S.A.. ELEKTRO ND.34: Especificação de conectores para redes de distribuição,111,1,67.0,148.0,531.0,157.0,464.0,9.0,4176.0
gdi_0685,GDI_0685.pdf,preproc_blocks,7,8,4,ref_text,,1,"de energia elétrica. Campinas, p.36, 2015.",42,1,67.0,158.0,237.0,168.0,170.0,10.0,1700.0
gdi_0685,GDI_0685.pdf,preproc_blocks,7,8,5,ref_text,,0,[6] ASSOCIAÇÃO BRASILEIRA DE NORMAS TÉCNICAS. ABNT NBR 16593: Ensaio não destrutivo - Emissão,93,1,66.0,177.0,532.0,187.0,466.0,10.0,4660.0
gdi_0685,GDI_0685.pdf,preproc_blocks,7,8,5,ref_text,,1,"acústica - Procedimento para ensaio em cestas aéreas isoladas e não isoladas, 2017.",83,1,67.0,189.0,410.0,198.0,343.0,9.0,3087.0
gdi_0685,GDI_0685.pdf,preproc_blocks,7,8,6,ref_text,,0,[7] ASSOCIAÇÃO BRASILEIRA DE NORMAS TÉCNICAS. ABNT NBR 16092: Cestas aéreas - Especificações e,94,1,65.0,208.0,531.0,221.0,466.0,13.0,6058.0
gdi_0685,GDI_0685.pdf,preproc_blocks,7,8,6,ref_text,,1,"ensaios, 2018.",14,1,66.0,219.0,126.0,229.0,60.0,10.0,600.0
gdi_0685,GDI_0685.pdf,preproc_blocks,8,9,2,title,2.0,0,DADOS BIOGRÁFICOS,17,1,66.0,83.0,164.0,96.0,98.0,13.0,1274.0
gdi_0685,GDI_0685.pdf,preproc_blocks,8,9,4,text,,0,"(1) ANA PAULA OENING Graduada em Matemática Industrial (2004), mestrado na área de",82,1,155.0,105.0,526.0,115.0,371.0,10.0,3710.0
gdi_0685,GDI_0685.pdf,preproc_blocks,8,9,4,text,,1,"otimização não linear (2006) e doutorado na área de previsão de carga (2014), obtidos na",88,1,155.0,115.0,526.0,125.0,371.0,10.0,3710.0
gdi_0685,GDI_0685.pdf,preproc_blocks,8,9,4,text,,2,Universidade Federal do Paraná. Pesquisadora do Lactec - Instituto de Tecnologia para o,87,1,155.0,125.0,526.0,135.0,371.0,10.0,3710.0
gdi_0685,GDI_0685.pdf,preproc_blocks,8,9,4,text,,3,"Desenvolvimento, na área de Sistemas Elétricos e professora no Mestrado Profissional em",87,1,155.0,136.0,525.0,145.0,370.0,9.0,3330.0
gdi_0685,GDI_0685.pdf,preproc_blocks,8,9,4,text,,4,"Desenvolvimento de Tecnologia. Atua no desenvolvimento de propostas, negociação,",80,1,155.0,145.0,525.0,156.0,370.0,11.0,4070.0
gdi_0685,GDI_0685.pdf,preproc_blocks,8,9,4,text,,5,gerência e execução de projetos de Pesquisa & Desenvolvimento e consultorias. Tem,81,1,155.0,156.0,525.0,165.0,370.0,9.0,3330.0
gdi_0685,GDI_0685.pdf,preproc_blocks,8,9,4,text,,6,"experiências nas áreas de planejamento e operação de sistemas de energia elétrica, mercado",90,1,155.0,165.0,525.0,174.0,370.0,9.0,3330.0
gdi_0685,GDI_0685.pdf,preproc_blocks,8,9,4,text,,7,"e comercialização de energia, análise de viabilidade econômica, pesquisa operacional,",85,1,155.0,176.0,525.0,185.0,370.0,9.0,3330.0
gdi_0685,GDI_0685.pdf,preproc_blocks,8,9,4,text,,8,"otimização, inteligência computacional e previsão de séries temporais.",70,1,155.0,186.0,437.0,195.0,282.0,9.0,2538.0
gdi_0685,GDI_0685.pdf,preproc_blocks,8,9,5,text,,0,"(2) SIGNIE LAUREANO FRANÇA SANTOS Possui graduação em Engenharia Elétrica com ênfase em Eletrotécnica,",102,1,67.0,206.0,531.0,216.0,464.0,10.0,4640.0
gdi_0685,GDI_0685.pdf,preproc_blocks,8,9,5,text,,1,mestrado em Engenharia Elétrica com ênfase em Sistemas de Potência e doutorado em Engenharia e Ciência de,105,1,66.0,216.0,531.0,226.0,465.0,10.0,4650.0
gdi_0685,GDI_0685.pdf,preproc_blocks,8,9,5,text,,2,"Materiais, na Universidade Federal do Paraná (UFPR). Atualmente é Pesquisadora Plena do Lactec e Docente nos",108,1,66.0,227.0,531.0,237.0,465.0,10.0,4650.0
gdi_0685,GDI_0685.pdf,preproc_blocks,8,9,5,text,,3,cursos de graduação em Engenharia na FAE Centro Universitário. Tem experiência na área de Engenharia Elétrica,109,1,66.0,237.0,531.0,247.0,465.0,10.0,4650.0
gdi_0685,GDI_0685.pdf,preproc_blocks,8,9,5,text,,4,"no desenvolvimento de propostas, negociação, gerência e execução de projetos de Pesquisa & Desenvolvimento",106,1,67.0,249.0,531.0,257.0,464.0,8.0,3712.0
gdi_0685,GDI_0685.pdf,preproc_blocks,8,9,5,text,,5,"(PD ANEEL), com ênfase nas áreas de Redes de Distribuição e Transmissão de Energia, Equipamentos de AT,",103,1,67.0,258.0,530.0,267.0,463.0,9.0,4167.0
gdi_0685,GDI_0685.pdf,preproc_blocks,8,9,5,text,,6,"Eletromobilidade, Energias Renováveis e Simulação Computacional de Transitórios e Campos Eletromagnéticos.",106,1,66.0,268.0,528.0,278.0,462.0,10.0,4620.0
gdi_0685,GDI_0685.pdf,preproc_blocks,8,9,6,text,,0,(3) NATAN BARBIZAN Possui Pós-Graduação em Engenharia Mecânica pelo Centro Universitário Salesiano de São,105,1,66.0,289.0,531.0,299.0,465.0,10.0,4650.0
gdi_0685,GDI_0685.pdf,preproc_blocks,8,9,6,text,,1,Paulo – UNISAL (2021). Atualmente é Engenheiro Projetista Sênior - BYD do Brasil. Tem experiência na área de,108,1,66.0,299.0,531.0,309.0,465.0,10.0,4650.0
gdi_0685,GDI_0685.pdf,preproc_blocks,8,9,6,text,,2,"Engenharia Mecânica, com ênfase em Pesquisa e Desenvolvimento. Possui 13 anos de experiência na Indústria",105,1,67.0,311.0,530.0,319.0,463.0,8.0,3704.0
gdi_0685,GDI_0685.pdf,preproc_blocks,8,9,6,text,,3,Automóvel Pesada (ônibus e caminhões).,38,1,67.0,321.0,234.0,329.0,167.0,8.0,1336.0
gdi_0685,GDI_0685.pdf,preproc_blocks,8,9,7,text,,0,(4) LEONARDO LOMBARDO FERREIRA Assistente de Engenharia Sênior na BYD do Brasil.Estudante de,92,1,67.0,340.0,531.0,350.0,464.0,10.0,4640.0
gdi_0685,GDI_0685.pdf,preproc_blocks,8,9,7,text,,1,engenharia elétrica com 3 anos de experiência no ramo de manutenção elétrica e 1 ano em vendas técnicas.,104,1,67.0,352.0,530.0,360.0,463.0,8.0,3704.0
gdi_0685,GDI_0685.pdf,preproc_blocks,8,9,7,text,,2,"Entusiasta em diversos segmentos como: manutenções elétricas, infraestrutura e engenharia, projetos elétricos,",110,1,66.0,361.0,531.0,371.0,465.0,10.0,4650.0
gdi_0685,GDI_0685.pdf,preproc_blocks,8,9,7,text,,3,"geração e distribuição de energia, I.A, automação industrial.Formação acadêmicaUniversidade Anhanguera -",104,1,66.0,372.0,532.0,381.0,466.0,9.0,4194.0
gdi_0685,GDI_0685.pdf,preproc_blocks,8,9,7,text,,4,Bacharelado em engenharia elétrica (2020 - 2024);SENAI São Paulo - Técnico em mecatrônica (2013 - 2015);SENAI,109,1,67.0,383.0,531.0,391.0,464.0,8.0,3712.0
gdi_0685,GDI_0685.pdf,preproc_blocks,8,9,7,text,,5,São Paulo - Eletricista de manutenção (2011 - 2013).ExperiênciaBYD do Brasil - 2021 - AtualmenteBosch Brasil -,110,1,67.0,393.0,531.0,401.0,464.0,8.0,3712.0
gdi_0685,GDI_0685.pdf,preproc_blocks,8,9,7,text,,6,"Estagiario - 2019 a 2021 GE Grid Solutions - Estagiario - 2018 a 2019,",70,1,67.0,403.0,349.0,412.0,282.0,9.0,2538.0
gdi_0685,GDI_0685.pdf,preproc_blocks,8,9,8,text,,0,"(5) EDEMIR LUIZ KOWALSKI Possui graduação em Física pela Universidade Federal do Paraná (1994), Mestrado",104,1,67.0,424.0,531.0,433.0,464.0,9.0,4176.0
gdi_0685,GDI_0685.pdf,preproc_blocks,8,9,8,text,,1,em Engenharia e Ciência dos Materiais pela Universidade Federal do Paraná (2003) e Doutorado em Engenharia e,108,1,67.0,434.0,531.0,443.0,464.0,9.0,4176.0
gdi_0685,GDI_0685.pdf,preproc_blocks,8,9,8,text,,2,Ciência dos Materiais pela Universidade Federal do Paraná (2006). Atualmente é professor associado nível IV da,110,1,67.0,444.0,530.0,453.0,463.0,9.0,4167.0
gdi_0685,GDI_0685.pdf,preproc_blocks,8,9,8,text,,3,"Universidade Federal do Paraná e Pesquisador do LACTEC. Tem experiência na área de Física, com ênfase em",104,1,67.0,455.0,531.0,464.0,464.0,9.0,4176.0
gdi_0685,GDI_0685.pdf,preproc_blocks,8,9,8,text,,4,"Materiais Dielétricos e Propriedades Dielétricas, atuando principalmente nos seguintes temas: borracha natural,",111,1,67.0,465.0,529.0,474.0,462.0,9.0,4158.0
gdi_0685,GDI_0685.pdf,preproc_blocks,8,9,8,text,,5,"ensaios em ferramentas de linha viva, equipamentos de proteção individual e coletiva, linha viva e isolantes elétricos.",119,1,67.0,477.0,527.0,484.0,460.0,7.0,3220.0
gdi_0685,GDI_0685.pdf,preproc_blocks,8,9,9,text,,0,(6) GUILHERME RACHELLE HERNASKI Graduação em Engenharia Elétrica e mestrado em Engenharia e Ciências,100,1,67.0,497.0,531.0,505.0,464.0,8.0,3712.0
gdi_0685,GDI_0685.pdf,preproc_blocks,8,9,9,text,,1,pela Universidade Federal do Paraná (2013). Atualmente é pesquisador do Instituto Lactec. Tem experiência na área,113,1,67.0,507.0,531.0,516.0,464.0,9.0,4176.0
gdi_0685,GDI_0685.pdf,preproc_blocks,8,9,9,text,,2,"de engenharia elétrica e materiais, com ênfase para o desenvolvimento de projetos de pesquisa e desenvolvimento",111,1,67.0,518.0,531.0,526.0,464.0,8.0,3712.0
gdi_0685,GDI_0685.pdf,preproc_blocks,8,9,9,text,,3,"e ensaios em laboratório, atuando principalmente nos seguintes temas: procedimentos para manutenção em redes",108,1,66.0,528.0,531.0,537.0,465.0,9.0,4185.0
gdi_0685,GDI_0685.pdf,preproc_blocks,8,9,9,text,,4,"de distribuição e transmissão, desenvolvimento de ferramentas e equipamentos para aplicação no setor elétrico,",110,1,67.0,538.0,530.0,547.0,463.0,9.0,4167.0
gdi_0685,GDI_0685.pdf,preproc_blocks,8,9,9,text,,5,"ensaios elétricos em alta tensão para equipamentos e ferramentas utilizadas pelo setor elétrico, mobilidade elétrica",116,1,67.0,549.0,531.0,557.0,464.0,8.0,3712.0
gdi_0685,GDI_0685.pdf,preproc_blocks,8,9,9,text,,6,e energias renováveis.,22,1,66.0,559.0,158.0,568.0,92.0,9.0,828.0
gdi_0685,GDI_0685.pdf,preproc_blocks,8,9,10,text,,0,(7) EDUARDO CASARIN Bacharel em Engenharia Mecânica pela Escola de Engenharia de Piracicaba (EEP/FUMEP,102,1,67.0,579.0,531.0,588.0,464.0,9.0,4176.0
gdi_0685,GDI_0685.pdf,preproc_blocks,8,9,10,text,,1,"- 2004), Pós Graduado em Administração Industrial (2007) e Logística Empresarial (2009) pelo Instituto Nacional de",114,1,67.0,590.0,531.0,599.0,464.0,9.0,4176.0
gdi_0685,GDI_0685.pdf,preproc_blocks,8,9,10,text,,2,"Pós Graduação (INPG), Pós Graduado em Metodologia de Educação a Distância (2012) pelo Centro Universitário",106,1,67.0,600.0,531.0,609.0,464.0,9.0,4176.0
gdi_0685,GDI_0685.pdf,preproc_blocks,8,9,10,text,,3,"Claretiano de Batatais (CEUCLAR), Pós Graduado em Gestão de Projetos pela Universidad Europea del Atlántico",107,1,67.0,610.0,531.0,619.0,464.0,9.0,4176.0
gdi_0685,GDI_0685.pdf,preproc_blocks,8,9,10,text,,4,(ESP 2019) e Mestrado Profissional em Desenvolvimento de Tecnologia (LACTEC/IEP - 2022). Atualmente é,101,1,67.0,621.0,531.0,630.0,464.0,9.0,4176.0
gdi_0685,GDI_0685.pdf,preproc_blocks,8,9,10,text,,5,"Engenheiro de Frota Sênior na Neoenergia Elektro, coordenador do curso de Bacharelado em Engenharia Mecânica",108,1,67.0,631.0,531.0,640.0,464.0,9.0,4176.0
gdi_0685,GDI_0685.pdf,preproc_blocks,8,9,10,text,,6,do Centro Universitário Claretiano de Rio Claro e docente na mesma instituição.,79,1,66.0,640.0,387.0,651.0,321.0,11.0,3531.0
gdi_0685,GDI_0685.pdf,preproc_blocks,8,9,11,text,,0,(8) AMANDA CORTEZ Engenheira eletricista com ênfase em sistemas elétricos de potência pela Universidade,103,1,67.0,662.0,531.0,671.0,464.0,9.0,4176.0
gdi_0685,GDI_0685.pdf,preproc_blocks,8,9,11,text,,1,"Federal de Itajubá (2014), possui MBA em Gestão Empresarial pela Fundação Getúlio Vargas (2021).Atua no setor",109,1,67.0,673.0,531.0,682.0,464.0,9.0,4176.0
gdi_0685,GDI_0685.pdf,preproc_blocks,8,9,11,text,,2,elétrico desde 2014.,20,1,67.0,684.0,148.0,691.0,81.0,7.0,567.0
gdi_0685,GDI_0685.pdf,para_blocks,0,1,3,title,1.0,0,GRUPO DE ESTUDO DE SISTEMAS DE DISTRIBUIÇÃO - GDI,49,1,165.0,137.0,424.0,149.0,259.0,12.0,3108.0
gdi_0685,GDI_0685.pdf,para_blocks,0,1,4,title,1.0,0,DESENVOLVIMENTO DE CAMINHÃO ELÉTRICO PARA UTILIZAÇÃO EM MANUTENÇÃO EM REDES DE,78,1,75.0,168.0,514.0,179.0,439.0,11.0,4829.0
gdi_0685,GDI_0685.pdf,para_blocks,0,1,4,title,1.0,1,DISTRIBUIÇÃO DE BAIXA TENSÃO,28,1,218.0,178.0,370.0,189.0,152.0,11.0,1672.0
gdi_0685,GDI_0685.pdf,para_blocks,0,1,5,list,,0,ANA PAULA OENING (1); SIGNIE LAUREANO FRANÇA SANTOS (1); NATAN BARBIZAN (2); LEONARDO,85,1,71.0,212.0,516.0,223.0,445.0,11.0,4895.0
gdi_0685,GDI_0685.pdf,para_blocks,0,1,5,list,,1,LOMBARDO FERREIRA (2); EDEMIR LUIZ KOWALSKI (1); GUILHERME RACHELLE HERNASKI (1);,81,1,81.0,220.0,505.0,234.0,424.0,14.0,5936.0
gdi_0685,GDI_0685.pdf,para_blocks,0,1,5,list,,2,EDUARDO CASARIN (3); AMANDA CORTEZ (3),38,1,191.0,231.0,394.0,243.0,203.0,12.0,2436.0
gdi_0685,GDI_0685.pdf,para_blocks,0,1,5,list,,3,INSTITUTO DE TECNOLOGIA PARA O DESENVOLVIMENTO (1); BYD DO BRASIL LTDA (2); ELEKTRO,83,1,74.0,241.0,512.0,255.0,438.0,14.0,6132.0
gdi_0685,GDI_0685.pdf,para_blocks,0,1,5,list,,4,REDES S.A. (3),14,1,260.0,253.0,327.0,264.0,67.0,11.0,737.0
gdi_0685,GDI_0685.pdf,para_blocks,0,1,6,title,2.0,0,RESUMO,6,1,67.0,282.0,107.0,294.0,40.0,12.0,480.0
gdi_0685,GDI_0685.pdf,para_blocks,0,1,7,abstract,,0,Neste trabalho é apresentado o desenvolvimento de um caminhão elétrico para serviços de manutenção em redes,107,1,66.0,299.0,531.0,308.0,465.0,9.0,4185.0
gdi_0685,GDI_0685.pdf,para_blocks,0,1,7,abstract,,1,"de distribuição de energia elétrica, incluindo todas as adaptações necessárias para a inclusão de cesto aéreo e",111,1,67.0,310.0,530.0,318.0,463.0,8.0,3704.0
gdi_0685,GDI_0685.pdf,para_blocks,0,1,7,abstract,,2,sistema seguro e eficiente para recargas de oportunidade do veículo na própria rede de distribuição da,102,1,67.0,320.0,531.0,330.0,464.0,10.0,4640.0
gdi_0685,GDI_0685.pdf,para_blocks,0,1,7,abstract,,3,concessionária. O desenvolvimento foi realizado no âmbito do programa de P&D ANEEL dentro da Chamada,100,1,67.0,330.0,531.0,340.0,464.0,10.0,4640.0
gdi_0685,GDI_0685.pdf,para_blocks,0,1,7,abstract,,4,Estratégica nº 22/2018 que teve como intuito impulsionar a mobilidade elétrica no país.,87,1,67.0,340.0,414.0,350.0,347.0,10.0,3470.0
gdi_0685,GDI_0685.pdf,para_blocks,0,1,8,title,2.0,0,PALAVRAS-CHAVE,14,1,67.0,368.0,149.0,378.0,82.0,10.0,820.0
gdi_0685,GDI_0685.pdf,para_blocks,0,1,9,text,,0,Mobilidade elétrica; veículo elétrico; serviços de manutenção; recarga de oportunidade.,87,1,66.0,384.0,415.0,393.0,349.0,9.0,3141.0
gdi_0685,GDI_0685.pdf,para_blocks,0,1,10,title,2.0,0,1.0 INTRODUÇÃO,14,1,68.0,403.0,143.0,415.0,75.0,12.0,900.0
gdi_0685,GDI_0685.pdf,para_blocks,0,1,11,text,,0,Em 2018 foi firmada uma parceria estratégica entre a ANEEL e a Agência de Cooperação Alemã (GIZ) para a,103,1,67.0,421.0,531.0,430.0,464.0,9.0,4176.0
gdi_0685,GDI_0685.pdf,para_blocks,0,1,11,text,,1,"organização da estruturação da Rede de Inovação do Setor Elétrico – RISE aplicada à Mobilidade Elétrica, com a",110,1,67.0,431.0,531.0,440.0,464.0,9.0,4176.0
gdi_0685,GDI_0685.pdf,para_blocks,0,1,11,text,,2,"intenção de promover ambientes de inovação propícios à criação de produtos tecnológicos com inserção no mercado,",112,1,67.0,441.0,530.0,450.0,463.0,9.0,4167.0
gdi_0685,GDI_0685.pdf,para_blocks,0,1,11,text,,3,"através de pesquisas alinhadas com o setor industrial, de modo a impulsionar a mobilidade elétrica no Brasil. Em",112,1,67.0,452.0,531.0,460.0,464.0,8.0,3712.0
gdi_0685,GDI_0685.pdf,para_blocks,0,1,11,text,,4,"consonância, a ANEEL lançou a Chamada de Projeto de P&D Estratégico “Desenvolvimento de Soluções em",99,1,66.0,461.0,531.0,472.0,465.0,11.0,5115.0
gdi_0685,GDI_0685.pdf,para_blocks,0,1,11,text,,5,"Mobilidade Elétrica Eficiente” [1], a qual tem por objetivo a apresentação de soluções para mobilidade elétrica por",115,1,67.0,473.0,531.0,482.0,464.0,9.0,4176.0
gdi_0685,GDI_0685.pdf,para_blocks,0,1,11,text,,6,"meio de modelos de negócio, equipamentos, tecnologias, serviços, sistemas ou infraestruturas para suporte ao",108,1,67.0,483.0,531.0,493.0,464.0,10.0,4640.0
gdi_0685,GDI_0685.pdf,para_blocks,0,1,11,text,,7,desenvolvimento ou à operação dos veículos elétricos ou híbridos plug-in.,73,1,66.0,493.0,362.0,503.0,296.0,10.0,2960.0
gdi_0685,GDI_0685.pdf,para_blocks,0,1,12,text,,0,"Neste sentido, com o intuito de contribuir para os objetivos propostos na temática da eletromobilidade no país e",112,1,66.0,510.0,531.0,519.0,465.0,9.0,4185.0
gdi_0685,GDI_0685.pdf,para_blocks,0,1,12,text,,1,"alcançar os resultados a que se propõe [2], a Neoenergia por meio da Elektro e demais cooperadas em parceira com",112,1,65.0,519.0,532.0,529.0,467.0,10.0,4670.0
gdi_0685,GDI_0685.pdf,para_blocks,0,1,12,text,,2,"o Lactec (instituto de pesquisa), com a BYD (indústria de veículos elétricos) e a com a PLE (desenvolvedora de",110,1,66.0,530.0,531.0,539.0,465.0,9.0,4185.0
gdi_0685,GDI_0685.pdf,para_blocks,0,1,12,text,,3,soluções em eletroeletrônicos) propuseram a realização de um projeto de P&D para o Desenvolvimento de Caminhão,110,1,66.0,540.0,532.0,551.0,466.0,11.0,5126.0
gdi_0685,GDI_0685.pdf,para_blocks,0,1,12,text,,4,"Elétrico para Manutenção de Redes de Distribuição, com conjunto inteligente para o gerenciamento da recarga e",109,1,65.0,550.0,532.0,561.0,467.0,11.0,5137.0
gdi_0685,GDI_0685.pdf,para_blocks,0,1,12,text,,5,sistema seguro e eficiente para recargas do veículo na própria rede da concessionária [3].,90,1,66.0,561.0,427.0,570.0,361.0,9.0,3249.0
gdi_0685,GDI_0685.pdf,para_blocks,0,1,13,text,,0,"Desta forma, neste trabalho estão apresentadas as etapas realizadas para a implementação de inovações no",104,1,66.0,577.0,531.0,587.0,465.0,10.0,4650.0
gdi_0685,GDI_0685.pdf,para_blocks,0,1,13,text,,1,"caminhão elétrico comercializado internacionalmente para aplicação em manutenção de redes de distribuição, o que",112,1,66.0,587.0,531.0,598.0,465.0,11.0,5115.0
gdi_0685,GDI_0685.pdf,para_blocks,0,1,13,text,,2,inclui a integração de braço hidráulico e cesto aéreo e sistema seguro e eficiente para recargas de oportunidade do,115,1,67.0,599.0,531.0,607.0,464.0,8.0,3712.0
gdi_0685,GDI_0685.pdf,para_blocks,0,1,13,text,,3,veículo na própria rede de distribuição da concessionária.,58,1,66.0,609.0,298.0,618.0,232.0,9.0,2088.0
gdi_0685,GDI_0685.pdf,para_blocks,0,1,14,title,2.0,0,2.0 DESENVOLVIMENTO,19,1,66.0,630.0,173.0,641.0,107.0,11.0,1177.0
gdi_0685,GDI_0685.pdf,para_blocks,0,1,15,text,,0,2.1 Estudos para definição dos requisitos e características para aprimoramento do caminhão e do carregador,106,1,66.0,650.0,505.0,660.0,439.0,10.0,4390.0
gdi_0685,GDI_0685.pdf,para_blocks,0,1,16,text,,0,O veículo escolhido para as implementações necessárias ao desenvolvimento do caminhão elétrico para manutenção,110,1,66.0,666.0,531.0,676.0,465.0,10.0,4650.0
gdi_0685,GDI_0685.pdf,para_blocks,0,1,16,text,,1,"de redes de distribuição é o caminhão BYD modelo T7 com pack de baterias de aproximadamente 160 kW, que pode",108,1,67.0,678.0,530.0,685.0,463.0,7.0,3241.0
gdi_0685,GDI_0685.pdf,para_blocks,0,1,16,text,,2,ser observado na Figura 1.,26,1,66.0,687.0,175.0,696.0,109.0,9.0,981.0
gdi_0685,GDI_0685.pdf,para_blocks,1,2,4,text,,0,O primeiro passo no desenvolvimento de um veículo comercial de carga é a definição do Peso Bruto Total (PBT),108,1,66.0,248.0,531.0,258.0,465.0,10.0,4650.0
gdi_0685,GDI_0685.pdf,para_blocks,1,2,4,text,,1,"para chassi rígido. O Peso em Ordem de Marcha (POM) do veículo em questão é de 4.750 kg, que corresponde ao",107,1,67.0,259.0,531.0,268.0,464.0,9.0,4176.0
gdi_0685,GDI_0685.pdf,para_blocks,1,2,4,text,,2,"peso próprio do caminhão considerando que todos os reservatórios (de expansão do sistema de arrefecimento, de",109,1,67.0,268.0,531.0,277.0,464.0,9.0,4176.0
gdi_0685,GDI_0685.pdf,para_blocks,1,2,4,text,,3,"óleo do sistema de direção, etc.) por exemplo estejam com pelo menos 90% de sua capacidade preenchida. Com",106,1,67.0,279.0,530.0,288.0,463.0,9.0,4167.0
gdi_0685,GDI_0685.pdf,para_blocks,1,2,4,text,,4,"isso, através da subtração do POM do PBT do veículo obteve-se uma carga líquida para transporte de 7.050kg (carga",113,1,66.0,288.0,531.0,299.0,465.0,11.0,5115.0
gdi_0685,GDI_0685.pdf,para_blocks,1,2,4,text,,5,líquida = 11.800kg – 4.750kg) para o caminhão elétrico de manutenção de redes de distribuição. Outro fator,106,1,67.0,298.0,531.0,307.0,464.0,9.0,4176.0
gdi_0685,GDI_0685.pdf,para_blocks,1,2,4,text,,6,importante a ser considerado em veículos comerciais é a distribuição de carga por eixo. O CONTRAN – Conselho,108,1,67.0,309.0,531.0,317.0,464.0,8.0,3712.0
gdi_0685,GDI_0685.pdf,para_blocks,1,2,4,text,,7,"Nacional de Trânsito, de acordo com a resolução n° 210 e resolução n° 211 ambas de 13/11/2006, diz que veículos",111,1,66.0,318.0,531.0,327.0,465.0,9.0,4185.0
gdi_0685,GDI_0685.pdf,para_blocks,1,2,4,text,,8,da categoria do T7 com PBT de até 16.000kg permitem o peso máximo de 6.000 kg no eixo dianteiro e 10.000 kg no,110,1,67.0,329.0,530.0,337.0,463.0,8.0,3704.0
gdi_0685,GDI_0685.pdf,para_blocks,1,2,4,text,,9,"eixo traseiro. Assim, considerando as limitações de peso impostas pelo CONTRAN, foi realizado o estudo de",105,1,67.0,339.0,531.0,348.0,464.0,9.0,4176.0
gdi_0685,GDI_0685.pdf,para_blocks,1,2,4,text,,10,"distribuição de cargas considerando o conjunto caminhão (T7), carroceria e cesto aéreo (Figura 3) para o",104,1,66.0,348.0,532.0,358.0,466.0,10.0,4660.0
gdi_0685,GDI_0685.pdf,para_blocks,1,2,4,text,,11,"desenvolvimento do caminhão elétrico para manutenção de redes de distribuição, que apresentou como resultado",108,1,67.0,358.0,531.0,367.0,464.0,9.0,4176.0
gdi_0685,GDI_0685.pdf,para_blocks,1,2,4,text,,12,"que com a implementação do cesto aéreo o peso do veículo completo atinge 7.440 kg, ultrapassando o peso mínimo",110,1,67.0,369.0,531.0,378.0,464.0,9.0,4176.0
gdi_0685,GDI_0685.pdf,para_blocks,1,2,4,text,,13,de 5.940 kg exigidos para estabilidade do veículo e em uma distribuição de carga por eixo que atende a especificação,116,1,66.0,378.0,531.0,388.0,465.0,10.0,4650.0
gdi_0685,GDI_0685.pdf,para_blocks,1,2,4,text,,14,"técnica do veículo e à norma brasileira do CONTRAN no que se refere a transferência de carga máxima ao solo,",108,1,67.0,388.0,530.0,397.0,463.0,9.0,4167.0
gdi_0685,GDI_0685.pdf,para_blocks,1,2,4,text,,15,"conforme pode-se verificar na Figura 2 – Conjunto caminhão, carroceria e cesto aéreo",84,1,67.0,398.0,392.0,407.0,325.0,9.0,2925.0
gdi_0685,GDI_0685.pdf,para_blocks,1,2,5,text,,0,Tabela 1. Em relação às dimensões gerais do caminhão um pré-requisito definido foi que o mesmo tivesse a menor,110,1,66.0,414.0,531.0,424.0,465.0,10.0,4650.0
gdi_0685,GDI_0685.pdf,para_blocks,1,2,5,text,,1,"distância entre eixos (entre os centros dos eixos dianteiro e traseiro) possível, para assim diminuir o raio de giro e",118,1,66.0,424.0,531.0,434.0,465.0,10.0,4650.0
gdi_0685,GDI_0685.pdf,para_blocks,1,2,5,text,,2,"facilitar o esterçamento do caminhão em ruas estreitas. Assim, chegou-se a uma distância entre eixos de 3.850 mm",112,1,67.0,435.0,530.0,444.0,463.0,9.0,4167.0
gdi_0685,GDI_0685.pdf,para_blocks,1,2,5,text,,3,obtendo um raio de giro máximo de 9.000 mm.,43,1,67.0,446.0,253.0,455.0,186.0,9.0,1674.0
gdi_0685,GDI_0685.pdf,para_blocks,2,3,2,text,,0,"Os modelos de cesto aéreo e bomba hidráulica escolhidos foram, respectivamente, o Versalift SST-40EIH e Hybel",109,1,66.0,84.0,531.0,95.0,465.0,11.0,5115.0
gdi_0685,GDI_0685.pdf,para_blocks,2,3,2,text,,1,do tipo “engrenagem”.,21,1,66.0,95.0,157.0,105.0,91.0,10.0,910.0
gdi_0685,GDI_0685.pdf,para_blocks,2,3,3,title,2.0,0,2.1.1 Desenvolvimento de PTO (power take off),45,1,67.0,117.0,257.0,126.0,190.0,9.0,1710.0
gdi_0685,GDI_0685.pdf,para_blocks,2,3,4,text,,0,Com base nos equipamentos a serem implementados foram realizados estudos para o desenvolvimento de PTO,102,1,67.0,132.0,530.0,141.0,463.0,9.0,4167.0
gdi_0685,GDI_0685.pdf,para_blocks,2,3,4,text,,1,"para energizar o conjunto cesto aéreo e bomba hidráulica. O PTO conta com um motor elétrico de 11 kW de potência,",113,1,66.0,143.0,530.0,152.0,464.0,9.0,4176.0
gdi_0685,GDI_0685.pdf,para_blocks,2,3,4,text,,2,"dimensionado para atender a potência mínima exigida pelo conjunto, e 1800 rpm de rotação, considerando a vazão",110,1,67.0,154.0,530.0,162.0,463.0,8.0,3704.0
gdi_0685,GDI_0685.pdf,para_blocks,2,3,4,text,,3,"requerida de 21,6 L/m requerida pela bomba hidráulica. Ainda, o PTO conta com um inversor com entrada compatível",112,1,66.0,163.0,531.0,172.0,465.0,9.0,4185.0
gdi_0685,GDI_0685.pdf,para_blocks,2,3,4,text,,4,"com os níveis de tensão da bateria de alta tensão (Vdc), saída trifásica no nível de tensão do motor (270 Vca) e",112,1,66.0,174.0,530.0,183.0,464.0,9.0,4176.0
gdi_0685,GDI_0685.pdf,para_blocks,2,3,4,text,,5,"módulo de comunicação CAN compatível com a rede de comunicação do chassi, pois as funções de comando e",102,1,66.0,184.0,531.0,193.0,465.0,9.0,4185.0
gdi_0685,GDI_0685.pdf,para_blocks,2,3,4,text,,6,"gerenciamento da segurança da aplicação são executadas em último nível pelas centrais do caminhão, e saída",106,1,66.0,195.0,531.0,204.0,465.0,9.0,4185.0
gdi_0685,GDI_0685.pdf,para_blocks,2,3,4,text,,7,trifásica no nível de tensão do motor.,38,1,66.0,204.0,216.0,214.0,150.0,10.0,1500.0
gdi_0685,GDI_0685.pdf,para_blocks,2,3,5,text,,0,Para acionamento do sistema eletro hidráulico foram implementados no caminhão elétrico 2 botões (um no cesto,108,1,66.0,220.0,531.0,230.0,465.0,10.0,4650.0
gdi_0685,GDI_0685.pdf,para_blocks,2,3,5,text,,1,"aéreo e outro nos controles da torre), os quais enviam sinais para o inversor iniciar a energização do motor",108,1,66.0,232.0,531.0,241.0,465.0,9.0,4185.0
gdi_0685,GDI_0685.pdf,para_blocks,2,3,5,text,,2,considerando quatro requisitos para o veículo: não estar com falha no chassi; velocidade igual a 0; freio de,108,1,66.0,242.0,531.0,251.0,465.0,9.0,4185.0
gdi_0685,GDI_0685.pdf,para_blocks,2,3,5,text,,3,"estacionamento acionado; e, marcha em Neutro. Existe ainda a possibilidade do operador após o posicionamento do",111,1,66.0,253.0,531.0,262.0,465.0,9.0,4185.0
gdi_0685,GDI_0685.pdf,para_blocks,2,3,5,text,,4,"cesto aéreo, desligar o sistema pelo botão contido no cesto aéreo, o que reduz o consumo de bateria de alta tensão",114,1,66.0,263.0,531.0,272.0,465.0,9.0,4185.0
gdi_0685,GDI_0685.pdf,para_blocks,2,3,5,text,,5,e impacta positivamente na autonomia do veículo.,48,1,66.0,273.0,267.0,282.0,201.0,9.0,1809.0
gdi_0685,GDI_0685.pdf,para_blocks,2,3,6,text,,0,"Baseado no consumo elétrico do chassi do caminhão e nas cargas auxiliares (farol, lanternas, rádio, etc.) ainda foi",115,1,67.0,289.0,531.0,299.0,464.0,10.0,4640.0
gdi_0685,GDI_0685.pdf,para_blocks,2,3,6,text,,1,"realizado o balanço energético e dimensionado um conversor DC/DC (potência de 2,5 kW e tensão de 28 V) para",107,1,66.0,300.0,531.0,309.0,465.0,9.0,4185.0
gdi_0685,GDI_0685.pdf,para_blocks,2,3,6,text,,2,atender as características da aplicação.,40,1,67.0,310.0,225.0,319.0,158.0,9.0,1422.0
gdi_0685,GDI_0685.pdf,para_blocks,2,3,7,title,2.0,0,2.2 Sistema embarcado para recargas de oportunidade,51,1,66.0,331.0,288.0,340.0,222.0,9.0,1998.0
gdi_0685,GDI_0685.pdf,para_blocks,2,3,8,text,,0,"Como inovação, no projeto de P&D “Desenvolvimento de Caminhão Elétrico para Manutenção de Redes de",98,1,67.0,347.0,530.0,355.0,463.0,8.0,3704.0
gdi_0685,GDI_0685.pdf,para_blocks,2,3,8,text,,1,Distribuição” foram previstas pelo veículo a realização das chamadas recargas de oportunidade na própria rede de,112,1,67.0,357.0,531.0,366.0,464.0,9.0,4176.0
gdi_0685,GDI_0685.pdf,para_blocks,2,3,8,text,,2,"distribuição da Neoenergia Elektro, com o intuito de possibilitar a circulação do mesmo e a realização das atividades",117,1,66.0,368.0,531.0,377.0,465.0,9.0,4185.0
gdi_0685,GDI_0685.pdf,para_blocks,2,3,8,text,,3,de manutenção sem depender exclusivamente dos pontos de recarga fixos (eletropostos). Para viabilizar as recargas,113,1,65.0,377.0,532.0,388.0,467.0,11.0,5137.0
gdi_0685,GDI_0685.pdf,para_blocks,2,3,8,text,,4,"de oportunidade foi especificado um sistema, que conta com carregador embarcado no caminhão, um transformador,",110,1,66.0,389.0,531.0,397.0,465.0,8.0,3720.0
gdi_0685,GDI_0685.pdf,para_blocks,2,3,8,text,,5,elementos de proteção e os elementos para conexão na rede de distribuição de BT da concessionária. Também foi,109,1,66.0,399.0,531.0,407.0,465.0,8.0,3720.0
gdi_0685,GDI_0685.pdf,para_blocks,2,3,8,text,,6,"definido procedimento seguro e adequado, com base em ensaios laboratoriais, para a execução das recargas de",107,1,66.0,410.0,531.0,418.0,465.0,8.0,3720.0
gdi_0685,GDI_0685.pdf,para_blocks,2,3,8,text,,7,oportunidade. Na Figura 3 pode ser visualizado uma ilustração do sistema para recargas de oportunidade do,105,1,65.0,419.0,531.0,429.0,466.0,10.0,4660.0
gdi_0685,GDI_0685.pdf,para_blocks,2,3,8,text,,8,caminhão elétrico.,18,1,66.0,430.0,140.0,439.0,74.0,9.0,666.0
gdi_0685,GDI_0685.pdf,para_blocks,2,3,11,text,,0,O carregador embarcado definido para a implementação é o modelo BYD de 40 kW – 380 V que permite realizar a,107,1,67.0,633.0,531.0,642.0,464.0,9.0,4176.0
gdi_0685,GDI_0685.pdf,para_blocks,2,3,11,text,,1,recarga total ou parcial do veículo diretamente de secundário dos transformadores da rede de distribuição. Como o,113,1,66.0,644.0,531.0,653.0,465.0,9.0,4185.0
gdi_0685,GDI_0685.pdf,para_blocks,2,3,11,text,,2,secundário dos transformadores de distribuição são trifásicos 220 V também foi necessário embarcar um,101,1,66.0,654.0,531.0,663.0,465.0,9.0,4185.0
gdi_0685,GDI_0685.pdf,para_blocks,2,3,11,text,,3,"transformador elevador para adequar o nível de tensão requerido para o carregador (380-220 V). Ainda,",101,1,66.0,665.0,531.0,674.0,465.0,9.0,4185.0
gdi_0685,GDI_0685.pdf,para_blocks,2,3,11,text,,4,"equipamentos acessórios para a conexão na rede compreendem o sistema, tais como: carretel retrátil à mola",105,1,66.0,675.0,531.0,684.0,465.0,9.0,4185.0
gdi_0685,GDI_0685.pdf,para_blocks,2,3,11,text,,5,embarcado; cabo tetrapolar flexível; carretilha de sustentação; e conectores.,77,1,67.0,686.0,372.0,695.0,305.0,9.0,2745.0
gdi_0685,GDI_0685.pdf,para_blocks,2,3,12,text,,0,A disponibilidade de potência na rede para as recargas de oportunidade foi objeto de estudo e resultou em,105,1,67.0,702.0,531.0,711.0,464.0,9.0,4176.0
gdi_0685,GDI_0685.pdf,para_blocks,2,3,12,text,,1,metodologia própria com base na realização de simulações computacionais do sistema elétrico.,92,1,67.0,713.0,450.0,721.0,383.0,8.0,3064.0
gdi_0685,GDI_0685.pdf,para_blocks,3,4,2,text,,0,O procedimento elaborado para a conexão segura e eficiente do caminhão à rede de BT para as recargas de,103,1,66.0,84.0,532.0,96.0,466.0,12.0,5592.0
gdi_0685,GDI_0685.pdf,para_blocks,3,4,2,text,,1,oportunidade foi testado e validado em laboratório e foi desenvolvido seguindo as normas e regulamentações de,109,1,67.0,96.0,531.0,105.0,464.0,9.0,4176.0
gdi_0685,GDI_0685.pdf,para_blocks,3,4,2,text,,2,"segurança vigentes ([4], [5]).",30,1,66.0,105.0,182.0,117.0,116.0,12.0,1392.0
gdi_0685,GDI_0685.pdf,para_blocks,3,4,5,title,2.0,0,2.3 Fabricação e implementação,30,1,66.0,287.0,199.0,298.0,133.0,11.0,1463.0
gdi_0685,GDI_0685.pdf,para_blocks,3,4,6,text,,0,A fabricação de duas unidades de caminhão elétrico aconteceu na cidade de Shenzhen nas dependências da fábrica,110,1,67.0,303.0,530.0,312.0,463.0,9.0,4167.0
gdi_0685,GDI_0685.pdf,para_blocks,3,4,6,text,,1,"da BYD China entre o período de junho e julho de 2021, com supervisão da equipe BYD Brasil e seguiu os",102,1,67.0,314.0,531.0,322.0,464.0,8.0,3712.0
gdi_0685,GDI_0685.pdf,para_blocks,3,4,6,text,,2,procedimentos estabelecidos pela fabricante no que tange às características convencionais do caminhão de,104,1,66.0,324.0,531.0,333.0,465.0,9.0,4185.0
gdi_0685,GDI_0685.pdf,para_blocks,3,4,6,text,,3,“mercado” vendido. Quanto às características específicas para o atendimento às necessidades do projeto de PD,108,1,68.0,334.0,531.0,343.0,463.0,9.0,4167.0
gdi_0685,GDI_0685.pdf,para_blocks,3,4,6,text,,4,foram conduzidas de forma particular e em acordo com os requisitos apresentados na seção 2.1 deste trabalho. As,111,1,66.0,345.0,530.0,353.0,464.0,8.0,3712.0
gdi_0685,GDI_0685.pdf,para_blocks,3,4,6,text,,5,principais etapas de fabricação foram:,38,1,67.0,356.0,219.0,364.0,152.0,8.0,1216.0
gdi_0685,GDI_0685.pdf,para_blocks,3,4,7,text,,0," Montagem estrutural, no quadro de longarinas do chassi;",57,1,87.0,366.0,331.0,375.0,244.0,9.0,2196.0
gdi_0685,GDI_0685.pdf,para_blocks,3,4,8,text,,0, Passagens dos chicotes que fazem parte do sistema de baixa tensão do caminhão de montagem dos eixos;,102,1,85.0,376.0,531.0,387.0,446.0,11.0,4906.0
gdi_0685,GDI_0685.pdf,para_blocks,3,4,9,text,,0,Motor elétrico de tração;,25,1,101.0,387.0,201.0,398.0,100.0,11.0,1100.0
gdi_0685,GDI_0685.pdf,para_blocks,3,4,10,text,,0, Sistema de freio;,19,1,85.0,398.0,171.0,408.0,86.0,10.0,860.0
gdi_0685,GDI_0685.pdf,para_blocks,3,4,11,text,,0, Montagem da tubulação e componentes do sistema de refrigeração de baterias;,77,1,87.0,411.0,423.0,419.0,336.0,8.0,2688.0
gdi_0685,GDI_0685.pdf,para_blocks,3,4,12,text,,0,Montagem do sistema de alta tensão na estrutura do chassi do caminhão: responsável por fornecer energia,103,1,102.0,421.0,531.0,430.0,429.0,9.0,3861.0
gdi_0685,GDI_0685.pdf,para_blocks,3,4,12,text,,1,suficiente para impulsionar o motor de tração e também por alimentar alguns componentes elétricos de,100,1,102.0,431.0,531.0,440.0,429.0,9.0,3861.0
gdi_0685,GDI_0685.pdf,para_blocks,3,4,12,text,,2,"baixa tensão do caminhão. A bateria é feita de ferro fosfato lítio, tem capacidade de 174 kWh e a tensão de",107,1,103.0,442.0,531.0,450.0,428.0,8.0,3424.0
gdi_0685,GDI_0685.pdf,para_blocks,3,4,12,text,,3,"512V. Ela fornece energia em padrão corrente contínua, que é transformada em corrente alternada pelo",100,1,103.0,452.0,531.0,461.0,428.0,9.0,3852.0
gdi_0685,GDI_0685.pdf,para_blocks,3,4,12,text,,4,"controlador do motor, para alimentação do motor de tração;",58,1,103.0,462.0,342.0,471.0,239.0,9.0,2151.0
gdi_0685,GDI_0685.pdf,para_blocks,3,4,13,text,,0, Finalização do chassi e seus sistemas (ver Figura 5);,55,1,85.0,473.0,316.0,483.0,231.0,10.0,2310.0
gdi_0685,GDI_0685.pdf,para_blocks,3,4,14,text,,0, Manufatura da cabine e acabamentos (ver Figura 5).,52,1,86.0,483.0,313.0,494.0,227.0,11.0,2497.0
gdi_0685,GDI_0685.pdf,para_blocks,3,4,17,text,,0,Após a fabricação os veículos foram transportados para o Brasil. Na BYD Brasil foi realizada a inspeção dos veículos,116,1,67.0,681.0,531.0,690.0,464.0,9.0,4176.0
gdi_0685,GDI_0685.pdf,para_blocks,3,4,17,text,,1,e aprovação quanto aos requisitos previamente definidos. N sequencia foi realizada a implementação do conjunto,110,1,67.0,692.0,531.0,701.0,464.0,9.0,4176.0
gdi_0685,GDI_0685.pdf,para_blocks,3,4,17,text,,2,"cesto aéreo e bomba hidráulica, do PTO (inversor, motor auxiliar) e do sistema para recargas de oportunidade.",109,1,67.0,702.0,510.0,711.0,443.0,9.0,3987.0
gdi_0685,GDI_0685.pdf,para_blocks,4,5,5,title,2.0,0,2.4 TESTES,10,1,66.0,344.0,118.0,355.0,52.0,11.0,572.0
gdi_0685,GDI_0685.pdf,para_blocks,4,5,6,text,,0,"Os protótipos foram submetidos em laboratório a testes de segurança, confiabilidade e autonomia. O cesto aéreo foi",114,1,67.0,360.0,531.0,369.0,464.0,9.0,4176.0
gdi_0685,GDI_0685.pdf,para_blocks,4,5,6,text,,1,"aprovado nos ensaios de emissão acústica (ABNT NBR 16593 [6]), estabilidade e de alta tensão (ambos ABNT NBR",108,1,65.0,370.0,532.0,380.0,467.0,10.0,4670.0
gdi_0685,GDI_0685.pdf,para_blocks,4,5,6,text,,2,16092:2018 [7]). Em ensaios para simulação das recargas de oportunidade do CE foram validados os procedimentos,110,1,67.0,381.0,531.0,390.0,464.0,9.0,4176.0
gdi_0685,GDI_0685.pdf,para_blocks,4,5,6,text,,3,"para conexão segura e eficiente à rede de BT. Também foram monitoradas grandezas elétricas, em etapas de pré-",109,1,65.0,391.0,531.0,401.0,466.0,10.0,4660.0
gdi_0685,GDI_0685.pdf,para_blocks,4,5,6,text,,4,"inicialização, início e interrupção de recarga da bateria, com carregamentos efetivos entre 15 e 35 kW, onde o",110,1,66.0,402.0,531.0,411.0,465.0,9.0,4185.0
gdi_0685,GDI_0685.pdf,para_blocks,4,5,6,text,,5,carregador do CE manteve o consumo de corrente constante e não houveram valores consideráveis de potência,105,1,66.0,412.0,531.0,421.0,465.0,9.0,4185.0
gdi_0685,GDI_0685.pdf,para_blocks,4,5,6,text,,6,"reativa durante o carregamento (fator de potência superior a 0,92). Quanto à curva de carga da bateria verificou-se",115,1,66.0,423.0,531.0,432.0,465.0,9.0,4185.0
gdi_0685,GDI_0685.pdf,para_blocks,4,5,6,text,,7,que entre 47-99% há um comportamento linear (≈2h) e entre 99-100% o carregamento ocorre de forma mais lenta,107,1,66.0,433.0,531.0,442.0,465.0,9.0,4185.0
gdi_0685,GDI_0685.pdf,para_blocks,4,5,6,text,,8,"(≈20min). Ainda foram avaliadas a temperatura das conexões, da carcaça do motor e do inversor durante operação",110,1,68.0,444.0,531.0,452.0,463.0,8.0,3704.0
gdi_0685,GDI_0685.pdf,para_blocks,4,5,6,text,,9,"do cesto aéreo, a vibração do motor, ruído interno na cabine, entre outros, e todos tiveram os requisitos atendidos e",117,1,67.0,455.0,531.0,462.0,464.0,7.0,3248.0
gdi_0685,GDI_0685.pdf,para_blocks,4,5,6,text,,10,valores abaixo da especificação dos fabricantes.,48,1,67.0,465.0,260.0,472.0,193.0,7.0,1351.0
gdi_0685,GDI_0685.pdf,para_blocks,5,6,2,title,2.0,0,2.5 MONITORAMENTO OPERAÇÂO,26,1,66.0,85.0,217.0,96.0,151.0,11.0,1661.0
gdi_0685,GDI_0685.pdf,para_blocks,5,6,3,text,,0,"Em campo, foi realizado o monitoramento da operação dos protótipos, nas cidades de Limeira e Mairiporã no estado",112,1,67.0,101.0,531.0,110.0,464.0,9.0,4176.0
gdi_0685,GDI_0685.pdf,para_blocks,5,6,3,text,,1,de São Paulo. Os veículos entraram em operação após a finalização dos testes a partir do mês de outubro de 2022.,112,1,67.0,112.0,530.0,121.0,463.0,9.0,4167.0
gdi_0685,GDI_0685.pdf,para_blocks,5,6,4,text,,0,"Foram realizados dois dias de monitoramento assistido, o primeiro monitoramento e acompanhamento foi realizado",110,1,66.0,128.0,531.0,137.0,465.0,9.0,4185.0
gdi_0685,GDI_0685.pdf,para_blocks,5,6,4,text,,1,no caminhão elétrico e nas operações realizadas na base da NEOENERGIA ELEKTRO em Limeira/SP. A Figura 8,103,1,67.0,139.0,531.0,147.0,464.0,8.0,3712.0
gdi_0685,GDI_0685.pdf,para_blocks,5,6,4,text,,2,mostra algumas imagens do caminhão elétrico em operação nesta unidade. Durante o período de operação foram,106,1,67.0,150.0,530.0,158.0,463.0,8.0,3704.0
gdi_0685,GDI_0685.pdf,para_blocks,5,6,4,text,,3,"percorridos aproximadamente 75 km, com aclive máximo de 11,8% e velocidade máxima de 59 km/h, apresentando",106,1,67.0,160.0,530.0,168.0,463.0,8.0,3704.0
gdi_0685,GDI_0685.pdf,para_blocks,5,6,4,text,,4,"um consumo de 31,2 % da bateria do caminhão elétrico.",53,1,67.0,170.0,291.0,178.0,224.0,8.0,1792.0
gdi_0685,GDI_0685.pdf,para_blocks,5,6,9,text,,0,O segundo monitoramento e acompanhamento foi realizado no caminhão elétrico nas operações realizadas na base,108,1,67.0,380.0,531.0,390.0,464.0,10.0,4640.0
gdi_0685,GDI_0685.pdf,para_blocks,5,6,9,text,,1,da NEOENERGIA ELEKTRO em Mairiporã/SP. A Figura 9 mostra algumas imagens do caminhão elétrico em,96,1,66.0,389.0,531.0,401.0,465.0,12.0,5580.0
gdi_0685,GDI_0685.pdf,para_blocks,5,6,9,text,,2,"operação nesta unidade. Durante o período de operação foram percorridos aproximadamente 58 km, com aclive",105,1,67.0,402.0,530.0,410.0,463.0,8.0,3704.0
gdi_0685,GDI_0685.pdf,para_blocks,5,6,9,text,,3,"máximo de 20,85% e velocidade máxima de 75 km/h, apresentando um consumo de 35,2 % da bateria do caminhão",105,1,66.0,411.0,531.0,421.0,465.0,10.0,4650.0
gdi_0685,GDI_0685.pdf,para_blocks,5,6,9,text,,4,elétrico.,9,1,66.0,422.0,99.0,432.0,33.0,10.0,330.0
gdi_0685,GDI_0685.pdf,para_blocks,5,6,14,text,,0,"A Tabela 2 apresenta as estatísticas obtidas no período de monitoramento dos caminhões, entre outubro e novembro",112,1,66.0,624.0,531.0,634.0,465.0,10.0,4650.0
gdi_0685,GDI_0685.pdf,para_blocks,5,6,14,text,,1,de 2022. É possível identificar que o caminhão de Mairiporã foi utilizado durante maior número de dias no período,113,1,66.0,635.0,531.0,645.0,465.0,10.0,4650.0
gdi_0685,GDI_0685.pdf,para_blocks,5,6,14,text,,2,"de outubro e novembro, consequentemente ele percorreu maior distância e teve maiores tempos totais de ignição",109,1,66.0,645.0,531.0,655.0,465.0,10.0,4650.0
gdi_0685,GDI_0685.pdf,para_blocks,5,6,14,text,,3,"ligada e em movimento. No entanto, ao se analisar as médias diárias, é possível notar que o tempo médio diário de",113,1,66.0,657.0,531.0,665.0,465.0,8.0,3720.0
gdi_0685,GDI_0685.pdf,para_blocks,5,6,14,text,,4,ignição ligada do caminhão de Mairiporã é inferior ao de Limeira (cerca de 1h 25min) enquanto o de movimento é,110,1,66.0,666.0,532.0,676.0,466.0,10.0,4660.0
gdi_0685,GDI_0685.pdf,para_blocks,5,6,14,text,,5,"maior em aproximadamente 30min. Já no trajeto percorrido, as médias diárias para os dois veículos são semelhantes,",114,1,66.0,677.0,530.0,686.0,464.0,9.0,4176.0
gdi_0685,GDI_0685.pdf,para_blocks,5,6,14,text,,6,de 46km e 49km respectivamente.,31,1,66.0,687.0,204.0,695.0,138.0,8.0,1104.0
gdi_0685,GDI_0685.pdf,para_blocks,6,7,4,text,,0,"No caminhão de Mairiporã a maior distância percorrida foi de 210 km, levemente acima da autonomia de fábrica de",111,1,66.0,222.0,531.0,231.0,465.0,9.0,4185.0
gdi_0685,GDI_0685.pdf,para_blocks,6,7,4,text,,1,"200 km. Nesse dia, o veículo se deslocou até a cidade de Campinas para passar por uma revisão na fábrica da BYD.",112,1,67.0,233.0,529.0,241.0,462.0,8.0,3696.0
gdi_0685,GDI_0685.pdf,para_blocks,6,7,4,text,,2,O trajeto de ida e volta foi realizado sem recargas intermediárias e o motorista informou que o veículo retornou à,114,1,67.0,243.0,531.0,252.0,464.0,9.0,4176.0
gdi_0685,GDI_0685.pdf,para_blocks,6,7,4,text,,3,"base com aproximadamente 30% de carga na bateria. Essa quilometragem superior à autonomia prevista se deve,",107,1,67.0,254.0,530.0,262.0,463.0,8.0,3704.0
gdi_0685,GDI_0685.pdf,para_blocks,6,7,4,text,,4,"principalmente, ao freio regenerativo, bastante utilizado pois o percurso possui longos trechos de declive.",107,1,67.0,263.0,487.0,273.0,420.0,10.0,4200.0
gdi_0685,GDI_0685.pdf,para_blocks,6,7,5,text,,0,"A maior distância percorrida em um dia pelo caminhão de Limeira foi de 103 km, bem abaixo da autonomia do veículo.",114,1,67.0,280.0,529.0,288.0,462.0,8.0,3696.0
gdi_0685,GDI_0685.pdf,para_blocks,6,7,5,text,,1,"De maneira geral, a média de quilômetros percorridos durante os dois meses pelos dois caminhões foi de 48 km/dia,",113,1,67.0,291.0,529.0,299.0,462.0,8.0,3696.0
gdi_0685,GDI_0685.pdf,para_blocks,6,7,5,text,,2,o que é bem inferior a autonomia prevista.,42,1,67.0,301.0,236.0,310.0,169.0,9.0,1521.0
gdi_0685,GDI_0685.pdf,para_blocks,6,7,6,title,2.0,0,3.0 CONCLUSÃO,13,1,67.0,320.0,139.0,331.0,72.0,11.0,792.0
gdi_0685,GDI_0685.pdf,para_blocks,6,7,7,text,,0,O desenvolvimento do caminhão elétrico para utilização em serviços de manutenção de redes de distribuição de,108,1,67.0,338.0,531.0,346.0,464.0,8.0,3712.0
gdi_0685,GDI_0685.pdf,para_blocks,6,7,7,text,,1,"energia foi concluído com sucesso, os veículos estão em operação há mais de seis meses e sua utilização foi",107,1,67.0,348.0,531.0,357.0,464.0,9.0,4176.0
gdi_0685,GDI_0685.pdf,para_blocks,6,7,7,text,,2,incorporada junto a frota da concessionária. A autonomia da bateria atendeu às necessidades de todos os percursos,113,1,66.0,357.0,532.0,367.0,466.0,10.0,4660.0
gdi_0685,GDI_0685.pdf,para_blocks,6,7,7,text,,3,"e atividades, não sendo relatado nenhum problema quanto a este quesito. Os resultados apresentados foram",104,1,66.0,369.0,531.0,378.0,465.0,9.0,4185.0
gdi_0685,GDI_0685.pdf,para_blocks,6,7,7,text,,4,"satisfatórios e indicam que o caminhão elétrico com carregador embarcado, desenvolvido para manutenção de rede",110,1,67.0,379.0,531.0,387.0,464.0,8.0,3712.0
gdi_0685,GDI_0685.pdf,para_blocks,6,7,7,text,,5,"de distribuição de energia, atende aos parâmetros fornecidos pelos fabricantes para os componentes",98,1,67.0,390.0,531.0,398.0,464.0,8.0,3712.0
gdi_0685,GDI_0685.pdf,para_blocks,6,7,7,text,,6,preestabelecidos no escopo do projeto.,38,1,67.0,400.0,224.0,409.0,157.0,9.0,1413.0
gdi_0685,GDI_0685.pdf,para_blocks,6,7,8,text,,0,Ao se avaliar os dados da telemetria dos caminhões é possível concluir que os veículos estão sendo utilizados na,112,1,67.0,416.0,530.0,424.0,463.0,8.0,3704.0
gdi_0685,GDI_0685.pdf,para_blocks,6,7,8,text,,1,"operação cotidiana das bases. O veículo de Mairiporã chegou a percorrer uma distância de 210 km em um único dia,",112,1,67.0,426.0,530.0,436.0,463.0,10.0,4630.0
gdi_0685,GDI_0685.pdf,para_blocks,6,7,8,text,,2,sem necessitar de recargas intermediárias e retornando a base com aproximadamente 30% de bateria. De forma,106,1,67.0,437.0,530.0,445.0,463.0,8.0,3704.0
gdi_0685,GDI_0685.pdf,para_blocks,6,7,8,text,,3,"geral, os veículos percorreram distâncias de aproximadamente 50 km por dia para o período avaliado, o que é bem",111,1,67.0,447.0,531.0,457.0,464.0,10.0,4640.0
gdi_0685,GDI_0685.pdf,para_blocks,6,7,8,text,,4,inferior a autonomia de fábrica de 200km.,41,1,67.0,458.0,233.0,466.0,166.0,8.0,1328.0
gdi_0685,GDI_0685.pdf,para_blocks,6,7,9,text,,0,"Os usuários dos caminhões (eletricistas, operadores e motoristas) apontaram que a utilização dos veículos é simples",115,1,66.0,473.0,531.0,483.0,465.0,10.0,4650.0
gdi_0685,GDI_0685.pdf,para_blocks,6,7,9,text,,1,"e muito eficiente, e citaram que o fato do caminhão elétrico não fazer barulho é um ganho em termos de qualidade",112,1,67.0,485.0,530.0,493.0,463.0,8.0,3704.0
gdi_0685,GDI_0685.pdf,para_blocks,6,7,9,text,,2,"de trabalho. Como benefícios para a concessionária, pode-se citar a redução de emissões de gases combustíveis",109,1,66.0,495.0,531.0,504.0,465.0,9.0,4185.0
gdi_0685,GDI_0685.pdf,para_blocks,6,7,9,text,,3,no meio ambiente em função da utilização de motor elétrico para o caminhão ao invés de motor a diesel e a redução,113,1,66.0,505.0,531.0,514.0,465.0,9.0,4185.0
gdi_0685,GDI_0685.pdf,para_blocks,6,7,9,text,,4,no número de manutenções previstas para os veículos.,52,1,67.0,516.0,288.0,524.0,221.0,8.0,1768.0
gdi_0685,GDI_0685.pdf,para_blocks,6,7,10,title,2.0,0,4.0 AGRADECIMENTOS,18,1,67.0,537.0,168.0,547.0,101.0,10.0,1010.0
gdi_0685,GDI_0685.pdf,para_blocks,6,7,11,text,,0,"Os autores expressam seu agradecimento aos profissionais da Neoenergia Elektro e do grupo Neoenergia, do",104,1,67.0,552.0,531.0,562.0,464.0,10.0,4640.0
gdi_0685,GDI_0685.pdf,para_blocks,6,7,11,text,,1,"Instituto de Pesquisa para o Desenvolvimento – LACTEC, BYD Brasil e à Agência Nacional de Energia Elétrica",106,1,66.0,563.0,531.0,572.0,465.0,9.0,4185.0
gdi_0685,GDI_0685.pdf,para_blocks,6,7,11,text,,2,"ANEEL pela motivação, colaboração e incentivo recebidos para o desenvolvimento deste trabalho, que é parte",106,1,66.0,573.0,531.0,582.0,465.0,9.0,4185.0
gdi_0685,GDI_0685.pdf,para_blocks,6,7,11,text,,3,"integrante de um projeto de Pesquisa e Desenvolvimento ANEEL, intitulado ""PD-00385-0069/2019 Desenvolvimento",108,1,67.0,584.0,530.0,592.0,463.0,8.0,3704.0
gdi_0685,GDI_0685.pdf,para_blocks,6,7,11,text,,4,de caminhão elétrico para manutenção de redes de distribuição de energia”.,74,1,66.0,594.0,372.0,603.0,306.0,9.0,2754.0
gdi_0685,GDI_0685.pdf,para_blocks,6,7,12,title,2.0,0,REFERÊNCIAS,11,1,67.0,622.0,132.0,635.0,65.0,13.0,845.0
gdi_0685,GDI_0685.pdf,para_blocks,6,7,13,text,,0,[1] ANEEL. (2019). Agência abre chamada de P&D estratégico sobre Mobilidade Elétrica Eficiente [Online]. Agência,112,1,66.0,645.0,531.0,655.0,465.0,10.0,4650.0
gdi_0685,GDI_0685.pdf,para_blocks,6,7,13,text,,1,Nacional de Energia Elétrica. Available: http://www.aneel.gov.br/sala-de-imprensa-exibicao-2/-,94,2,67.0,655.0,531.0,666.0,464.0,11.0,5104.0
gdi_0685,GDI_0685.pdf,para_blocks,6,7,13,text,,2,/asset_publisher/zXQREz8EVlZ6/content/agencia-abre-chamada-de-p-d-estrategico-sobre-mobilidade-eletrica-,104,1,67.0,666.0,510.0,675.0,443.0,9.0,3987.0
gdi_0685,GDI_0685.pdf,para_blocks,6,7,13,text,,3,eficiente/656877?inheritRedirect=false. Acessado em 29 de Julho 2020.,69,1,67.0,677.0,354.0,685.0,287.0,8.0,2296.0
gdi_0685,GDI_0685.pdf,para_blocks,6,7,14,text,,0,"[2] NEOENERGIA. Com o objetivo de contribuir para a descarbonização, companhia está ampliando infraestrutura",108,1,67.0,698.0,531.0,706.0,464.0,8.0,3712.0
gdi_0685,GDI_0685.pdf,para_blocks,6,7,14,text,,1,"de recarga de veículos elétricos nas suas áreas de atuação. Neoenergia, 2023. Disponivel em:",92,1,66.0,707.0,531.0,717.0,465.0,10.0,4650.0
gdi_0685,GDI_0685.pdf,para_blocks,6,7,14,text,,2,<https://www.neoenergia.com/pt-br/te-interessa/inovacao/Paginas/mobilidade-eletrica.aspx>. Acesso em: 14 jun.,109,1,66.0,717.0,531.0,727.0,465.0,10.0,4650.0
gdi_0685,GDI_0685.pdf,para_blocks,6,7,14,text,,3,2023.,5,1,66.0,728.0,91.0,738.0,25.0,10.0,250.0
gdi_0685,GDI_0685.pdf,para_blocks,7,8,2,ref_text,,0,[3] NEOENERGIA ELEKTRO. Relatório final do projeto “Desenvolvimento de Caminhão Elétrico para Manutenção,104,1,67.0,86.0,529.0,95.0,462.0,9.0,4158.0
gdi_0685,GDI_0685.pdf,para_blocks,7,8,2,ref_text,,1,"de Redes de Distribuição de Energia”. Neoenergia Elektro, 2023.",63,1,67.0,96.0,331.0,104.0,264.0,8.0,2112.0
gdi_0685,GDI_0685.pdf,para_blocks,7,8,3,ref_text,,0,[4] ASSOCIAÇÃO BRASILEIRA DE NORMAS TÉCNICAS. ABNT NBR 5370: Conectores de cobre para condutores,96,1,66.0,115.0,531.0,126.0,465.0,11.0,5115.0
gdi_0685,GDI_0685.pdf,para_blocks,7,8,3,ref_text,,1,"elétricos em sistemas de potência, p. 12, 1990.",47,1,67.0,127.0,255.0,136.0,188.0,9.0,1692.0
gdi_0685,GDI_0685.pdf,para_blocks,7,8,4,ref_text,,0,[5] ELEKTRO Eletricidade e Serviços S.A.. ELEKTRO ND.34: Especificação de conectores para redes de distribuição,111,1,67.0,148.0,531.0,157.0,464.0,9.0,4176.0
gdi_0685,GDI_0685.pdf,para_blocks,7,8,4,ref_text,,1,"de energia elétrica. Campinas, p.36, 2015.",42,1,67.0,158.0,237.0,168.0,170.0,10.0,1700.0
gdi_0685,GDI_0685.pdf,para_blocks,7,8,5,ref_text,,0,[6] ASSOCIAÇÃO BRASILEIRA DE NORMAS TÉCNICAS. ABNT NBR 16593: Ensaio não destrutivo - Emissão,93,1,66.0,177.0,532.0,187.0,466.0,10.0,4660.0
gdi_0685,GDI_0685.pdf,para_blocks,7,8,5,ref_text,,1,"acústica - Procedimento para ensaio em cestas aéreas isoladas e não isoladas, 2017.",83,1,67.0,189.0,410.0,198.0,343.0,9.0,3087.0
gdi_0685,GDI_0685.pdf,para_blocks,7,8,6,ref_text,,0,[7] ASSOCIAÇÃO BRASILEIRA DE NORMAS TÉCNICAS. ABNT NBR 16092: Cestas aéreas - Especificações e,94,1,65.0,208.0,531.0,221.0,466.0,13.0,6058.0
gdi_0685,GDI_0685.pdf,para_blocks,7,8,6,ref_text,,1,"ensaios, 2018.",14,1,66.0,219.0,126.0,229.0,60.0,10.0,600.0
gdi_0685,GDI_0685.pdf,para_blocks,8,9,2,title,2.0,0,DADOS BIOGRÁFICOS,17,1,66.0,83.0,164.0,96.0,98.0,13.0,1274.0
gdi_0685,GDI_0685.pdf,para_blocks,8,9,4,text,,0,"(1) ANA PAULA OENING Graduada em Matemática Industrial (2004), mestrado na área de",82,1,155.0,105.0,526.0,115.0,371.0,10.0,3710.0
gdi_0685,GDI_0685.pdf,para_blocks,8,9,4,text,,1,"otimização não linear (2006) e doutorado na área de previsão de carga (2014), obtidos na",88,1,155.0,115.0,526.0,125.0,371.0,10.0,3710.0
gdi_0685,GDI_0685.pdf,para_blocks,8,9,4,text,,2,Universidade Federal do Paraná. Pesquisadora do Lactec - Instituto de Tecnologia para o,87,1,155.0,125.0,526.0,135.0,371.0,10.0,3710.0
gdi_0685,GDI_0685.pdf,para_blocks,8,9,4,text,,3,"Desenvolvimento, na área de Sistemas Elétricos e professora no Mestrado Profissional em",87,1,155.0,136.0,525.0,145.0,370.0,9.0,3330.0
gdi_0685,GDI_0685.pdf,para_blocks,8,9,4,text,,4,"Desenvolvimento de Tecnologia. Atua no desenvolvimento de propostas, negociação,",80,1,155.0,145.0,525.0,156.0,370.0,11.0,4070.0
gdi_0685,GDI_0685.pdf,para_blocks,8,9,4,text,,5,gerência e execução de projetos de Pesquisa & Desenvolvimento e consultorias. Tem,81,1,155.0,156.0,525.0,165.0,370.0,9.0,3330.0
gdi_0685,GDI_0685.pdf,para_blocks,8,9,4,text,,6,"experiências nas áreas de planejamento e operação de sistemas de energia elétrica, mercado",90,1,155.0,165.0,525.0,174.0,370.0,9.0,3330.0
gdi_0685,GDI_0685.pdf,para_blocks,8,9,4,text,,7,"e comercialização de energia, análise de viabilidade econômica, pesquisa operacional,",85,1,155.0,176.0,525.0,185.0,370.0,9.0,3330.0
gdi_0685,GDI_0685.pdf,para_blocks,8,9,4,text,,8,"otimização, inteligência computacional e previsão de séries temporais.",70,1,155.0,186.0,437.0,195.0,282.0,9.0,2538.0
gdi_0685,GDI_0685.pdf,para_blocks,8,9,5,text,,0,"(2) SIGNIE LAUREANO FRANÇA SANTOS Possui graduação em Engenharia Elétrica com ênfase em Eletrotécnica,",102,1,67.0,206.0,531.0,216.0,464.0,10.0,4640.0
gdi_0685,GDI_0685.pdf,para_blocks,8,9,5,text,,1,mestrado em Engenharia Elétrica com ênfase em Sistemas de Potência e doutorado em Engenharia e Ciência de,105,1,66.0,216.0,531.0,226.0,465.0,10.0,4650.0
gdi_0685,GDI_0685.pdf,para_blocks,8,9,5,text,,2,"Materiais, na Universidade Federal do Paraná (UFPR). Atualmente é Pesquisadora Plena do Lactec e Docente nos",108,1,66.0,227.0,531.0,237.0,465.0,10.0,4650.0
gdi_0685,GDI_0685.pdf,para_blocks,8,9,5,text,,3,cursos de graduação em Engenharia na FAE Centro Universitário. Tem experiência na área de Engenharia Elétrica,109,1,66.0,237.0,531.0,247.0,465.0,10.0,4650.0
gdi_0685,GDI_0685.pdf,para_blocks,8,9,5,text,,4,"no desenvolvimento de propostas, negociação, gerência e execução de projetos de Pesquisa & Desenvolvimento",106,1,67.0,249.0,531.0,257.0,464.0,8.0,3712.0
gdi_0685,GDI_0685.pdf,para_blocks,8,9,5,text,,5,"(PD ANEEL), com ênfase nas áreas de Redes de Distribuição e Transmissão de Energia, Equipamentos de AT,",103,1,67.0,258.0,530.0,267.0,463.0,9.0,4167.0
gdi_0685,GDI_0685.pdf,para_blocks,8,9,5,text,,6,"Eletromobilidade, Energias Renováveis e Simulação Computacional de Transitórios e Campos Eletromagnéticos.",106,1,66.0,268.0,528.0,278.0,462.0,10.0,4620.0
gdi_0685,GDI_0685.pdf,para_blocks,8,9,6,text,,0,(3) NATAN BARBIZAN Possui Pós-Graduação em Engenharia Mecânica pelo Centro Universitário Salesiano de São,105,1,66.0,289.0,531.0,299.0,465.0,10.0,4650.0
gdi_0685,GDI_0685.pdf,para_blocks,8,9,6,text,,1,Paulo – UNISAL (2021). Atualmente é Engenheiro Projetista Sênior - BYD do Brasil. Tem experiência na área de,108,1,66.0,299.0,531.0,309.0,465.0,10.0,4650.0
gdi_0685,GDI_0685.pdf,para_blocks,8,9,6,text,,2,"Engenharia Mecânica, com ênfase em Pesquisa e Desenvolvimento. Possui 13 anos de experiência na Indústria",105,1,67.0,311.0,530.0,319.0,463.0,8.0,3704.0
gdi_0685,GDI_0685.pdf,para_blocks,8,9,6,text,,3,Automóvel Pesada (ônibus e caminhões).,38,1,67.0,321.0,234.0,329.0,167.0,8.0,1336.0
gdi_0685,GDI_0685.pdf,para_blocks,8,9,7,text,,0,(4) LEONARDO LOMBARDO FERREIRA Assistente de Engenharia Sênior na BYD do Brasil.Estudante de,92,1,67.0,340.0,531.0,350.0,464.0,10.0,4640.0
gdi_0685,GDI_0685.pdf,para_blocks,8,9,7,text,,1,engenharia elétrica com 3 anos de experiência no ramo de manutenção elétrica e 1 ano em vendas técnicas.,104,1,67.0,352.0,530.0,360.0,463.0,8.0,3704.0
gdi_0685,GDI_0685.pdf,para_blocks,8,9,7,text,,2,"Entusiasta em diversos segmentos como: manutenções elétricas, infraestrutura e engenharia, projetos elétricos,",110,1,66.0,361.0,531.0,371.0,465.0,10.0,4650.0
gdi_0685,GDI_0685.pdf,para_blocks,8,9,7,text,,3,"geração e distribuição de energia, I.A, automação industrial.Formação acadêmicaUniversidade Anhanguera -",104,1,66.0,372.0,532.0,381.0,466.0,9.0,4194.0
gdi_0685,GDI_0685.pdf,para_blocks,8,9,7,text,,4,Bacharelado em engenharia elétrica (2020 - 2024);SENAI São Paulo - Técnico em mecatrônica (2013 - 2015);SENAI,109,1,67.0,383.0,531.0,391.0,464.0,8.0,3712.0
gdi_0685,GDI_0685.pdf,para_blocks,8,9,7,text,,5,São Paulo - Eletricista de manutenção (2011 - 2013).ExperiênciaBYD do Brasil - 2021 - AtualmenteBosch Brasil -,110,1,67.0,393.0,531.0,401.0,464.0,8.0,3712.0
gdi_0685,GDI_0685.pdf,para_blocks,8,9,7,text,,6,"Estagiario - 2019 a 2021 GE Grid Solutions - Estagiario - 2018 a 2019,",70,1,67.0,403.0,349.0,412.0,282.0,9.0,2538.0
gdi_0685,GDI_0685.pdf,para_blocks,8,9,8,text,,0,"(5) EDEMIR LUIZ KOWALSKI Possui graduação em Física pela Universidade Federal do Paraná (1994), Mestrado",104,1,67.0,424.0,531.0,433.0,464.0,9.0,4176.0
gdi_0685,GDI_0685.pdf,para_blocks,8,9,8,text,,1,em Engenharia e Ciência dos Materiais pela Universidade Federal do Paraná (2003) e Doutorado em Engenharia e,108,1,67.0,434.0,531.0,443.0,464.0,9.0,4176.0
gdi_0685,GDI_0685.pdf,para_blocks,8,9,8,text,,2,Ciência dos Materiais pela Universidade Federal do Paraná (2006). Atualmente é professor associado nível IV da,110,1,67.0,444.0,530.0,453.0,463.0,9.0,4167.0
gdi_0685,GDI_0685.pdf,para_blocks,8,9,8,text,,3,"Universidade Federal do Paraná e Pesquisador do LACTEC. Tem experiência na área de Física, com ênfase em",104,1,67.0,455.0,531.0,464.0,464.0,9.0,4176.0
gdi_0685,GDI_0685.pdf,para_blocks,8,9,8,text,,4,"Materiais Dielétricos e Propriedades Dielétricas, atuando principalmente nos seguintes temas: borracha natural,",111,1,67.0,465.0,529.0,474.0,462.0,9.0,4158.0
gdi_0685,GDI_0685.pdf,para_blocks,8,9,8,text,,5,"ensaios em ferramentas de linha viva, equipamentos de proteção individual e coletiva, linha viva e isolantes elétricos.",119,1,67.0,477.0,527.0,484.0,460.0,7.0,3220.0
gdi_0685,GDI_0685.pdf,para_blocks,8,9,9,text,,0,(6) GUILHERME RACHELLE HERNASKI Graduação em Engenharia Elétrica e mestrado em Engenharia e Ciências,100,1,67.0,497.0,531.0,505.0,464.0,8.0,3712.0
gdi_0685,GDI_0685.pdf,para_blocks,8,9,9,text,,1,pela Universidade Federal do Paraná (2013). Atualmente é pesquisador do Instituto Lactec. Tem experiência na área,113,1,67.0,507.0,531.0,516.0,464.0,9.0,4176.0
gdi_0685,GDI_0685.pdf,para_blocks,8,9,9,text,,2,"de engenharia elétrica e materiais, com ênfase para o desenvolvimento de projetos de pesquisa e desenvolvimento",111,1,67.0,518.0,531.0,526.0,464.0,8.0,3712.0
gdi_0685,GDI_0685.pdf,para_blocks,8,9,9,text,,3,"e ensaios em laboratório, atuando principalmente nos seguintes temas: procedimentos para manutenção em redes",108,1,66.0,528.0,531.0,537.0,465.0,9.0,4185.0
gdi_0685,GDI_0685.pdf,para_blocks,8,9,9,text,,4,"de distribuição e transmissão, desenvolvimento de ferramentas e equipamentos para aplicação no setor elétrico,",110,1,67.0,538.0,530.0,547.0,463.0,9.0,4167.0
gdi_0685,GDI_0685.pdf,para_blocks,8,9,9,text,,5,"ensaios elétricos em alta tensão para equipamentos e ferramentas utilizadas pelo setor elétrico, mobilidade elétrica",116,1,67.0,549.0,531.0,557.0,464.0,8.0,3712.0
gdi_0685,GDI_0685.pdf,para_blocks,8,9,9,text,,6,e energias renováveis.,22,1,66.0,559.0,158.0,568.0,92.0,9.0,828.0
gdi_0685,GDI_0685.pdf,para_blocks,8,9,10,text,,0,(7) EDUARDO CASARIN Bacharel em Engenharia Mecânica pela Escola de Engenharia de Piracicaba (EEP/FUMEP,102,1,67.0,579.0,531.0,588.0,464.0,9.0,4176.0
gdi_0685,GDI_0685.pdf,para_blocks,8,9,10,text,,1,"- 2004), Pós Graduado em Administração Industrial (2007) e Logística Empresarial (2009) pelo Instituto Nacional de",114,1,67.0,590.0,531.0,599.0,464.0,9.0,4176.0
gdi_0685,GDI_0685.pdf,para_blocks,8,9,10,text,,2,"Pós Graduação (INPG), Pós Graduado em Metodologia de Educação a Distância (2012) pelo Centro Universitário",106,1,67.0,600.0,531.0,609.0,464.0,9.0,4176.0
gdi_0685,GDI_0685.pdf,para_blocks,8,9,10,text,,3,"Claretiano de Batatais (CEUCLAR), Pós Graduado em Gestão de Projetos pela Universidad Europea del Atlántico",107,1,67.0,610.0,531.0,619.0,464.0,9.0,4176.0
gdi_0685,GDI_0685.pdf,para_blocks,8,9,10,text,,4,(ESP 2019) e Mestrado Profissional em Desenvolvimento de Tecnologia (LACTEC/IEP - 2022). Atualmente é,101,1,67.0,621.0,531.0,630.0,464.0,9.0,4176.0
gdi_0685,GDI_0685.pdf,para_blocks,8,9,10,text,,5,"Engenheiro de Frota Sênior na Neoenergia Elektro, coordenador do curso de Bacharelado em Engenharia Mecânica",108,1,67.0,631.0,531.0,640.0,464.0,9.0,4176.0
gdi_0685,GDI_0685.pdf,para_blocks,8,9,10,text,,6,do Centro Universitário Claretiano de Rio Claro e docente na mesma instituição.,79,1,66.0,640.0,387.0,651.0,321.0,11.0,3531.0
gdi_0685,GDI_0685.pdf,para_blocks,8,9,11,text,,0,(8) AMANDA CORTEZ Engenheira eletricista com ênfase em sistemas elétricos de potência pela Universidade,103,1,67.0,662.0,531.0,671.0,464.0,9.0,4176.0
gdi_0685,GDI_0685.pdf,para_blocks,8,9,11,text,,1,"Federal de Itajubá (2014), possui MBA em Gestão Empresarial pela Fundação Getúlio Vargas (2021).Atua no setor",109,1,67.0,673.0,531.0,682.0,464.0,9.0,4176.0
gdi_0685,GDI_0685.pdf,para_blocks,8,9,11,text,,2,elétrico desde 2014.,20,1,67.0,684.0,148.0,691.0,81.0,7.0,567.0
gdi_0685,GDI_0685.pdf,discarded_blocks,0,1,1,header,,0,XXVII Seminário Nacional de,27,1,124.0,35.0,229.0,43.0,105.0,8.0,840.0
gdi_0685,GDI_0685.pdf,discarded_blocks,0,1,1,header,,1,Produção e Transmissão,22,1,124.0,45.0,248.0,55.0,124.0,10.0,1240.0
gdi_0685,GDI_0685.pdf,discarded_blocks,0,1,1,header,,2,de Energia Elétrica,19,1,124.0,56.0,219.0,67.0,95.0,11.0,1045.0
gdi_0685,GDI_0685.pdf,discarded_blocks,0,1,1,header,,3,XXVIISNPTEE,11,1,68.0,66.0,119.0,74.0,51.0,8.0,408.0
gdi_0685,GDI_0685.pdf,discarded_blocks,0,1,2,header,,0,0685,4,1,501.0,41.0,524.0,52.0,23.0,11.0,253.0
gdi_0685,GDI_0685.pdf,discarded_blocks,0,1,2,header,,1,GDI/7,5,1,498.0,58.0,523.0,69.0,25.0,11.0,275.0
gdi_0685,GDI_0685.pdf,discarded_blocks,0,1,17,footer,,0,ana.oening@lactec.com.br,24,1,241.0,791.0,356.0,799.0,115.0,8.0,920.0
gdi_0685,GDI_0685.pdf,discarded_blocks,1,2,1,page_number,,0,2,1,1,295.0,36.0,302.0,46.0,7.0,10.0,70.0
gdi_0685,GDI_0685.pdf,discarded_blocks,2,3,1,page_number,,0,3,1,1,295.0,36.0,302.0,46.0,7.0,10.0,70.0
gdi_0685,GDI_0685.pdf,discarded_blocks,3,4,1,page_number,,0,4,1,1,295.0,37.0,302.0,45.0,7.0,8.0,56.0
gdi_0685,GDI_0685.pdf,discarded_blocks,4,5,1,page_number,,0,5,1,1,296.0,37.0,302.0,45.0,6.0,8.0,48.0
gdi_0685,GDI_0685.pdf,discarded_blocks,5,6,1,page_number,,0,6,1,1,295.0,36.0,302.0,45.0,7.0,9.0,63.0
gdi_0685,GDI_0685.pdf,discarded_blocks,6,7,1,page_number,,0,7,1,1,295.0,36.0,302.0,46.0,7.0,10.0,70.0
gdi_0685,GDI_0685.pdf,discarded_blocks,7,8,1,page_number,,0,8,1,1,295.0,36.0,302.0,46.0,7.0,10.0,70.0
gdi_0685,GDI_0685.pdf,discarded_blocks,8,9,1,page_number,,0,9,1,1,295.0,36.0,302.0,45.0,7.0,9.0,63.0
ggh9,GGH9.pdf,preproc_blocks,0,1,4,text,,0,GRUPO - I,9,1,67.0,198.0,112.0,207.0,45.0,9.0,405.0
ggh9,GGH9.pdf,preproc_blocks,0,1,5,title,1.0,0,GRUPO DE ESTUDO DE GERAÇÃO HIDRÁULICA- GGH,42,1,182.0,207.0,418.0,219.0,236.0,12.0,2832.0
ggh9,GGH9.pdf,preproc_blocks,0,1,6,title,1.0,0,ESTRATÉGIAS “PIT STOP” PARA REDUZIR CUSTOS DE REFORMAS DE USINAS HIDRELÉTRICAS,78,1,88.0,239.0,511.0,250.0,423.0,11.0,4653.0
ggh9,GGH9.pdf,preproc_blocks,0,1,7,text,,0,Cornelis J. V. D. Poel Filho (*),32,1,118.0,276.0,245.0,286.0,127.0,10.0,1270.0
ggh9,GGH9.pdf,preproc_blocks,0,1,7,text,,1,ALSTOM ENERGIAS RENOVÁVEIS LTDA,31,1,93.0,285.0,270.0,296.0,177.0,11.0,1947.0
ggh9,GGH9.pdf,preproc_blocks,0,1,8,text,,0,Marco A. P. Santos,18,1,140.0,305.0,222.0,314.0,82.0,9.0,738.0
ggh9,GGH9.pdf,preproc_blocks,0,1,8,text,,1,ALSTOM ENERGIAS RENOVÁVEIS LTDA,31,1,93.0,314.0,270.0,323.0,177.0,9.0,1593.0
ggh9,GGH9.pdf,preproc_blocks,0,1,9,text,,0,Marcos V. D. Silva,18,1,378.0,276.0,457.0,285.0,79.0,9.0,711.0
ggh9,GGH9.pdf,preproc_blocks,0,1,9,text,,1,ALSTOM ENERGIAS RENOVÁVEIS LTDA,31,1,329.0,285.0,505.0,295.0,176.0,10.0,1760.0
ggh9,GGH9.pdf,preproc_blocks,0,1,10,text,,0,Wilian C. D. Oliveira,21,1,374.0,304.0,461.0,315.0,87.0,11.0,957.0
ggh9,GGH9.pdf,preproc_blocks,0,1,10,text,,1,ALSTOM ENERGIAS RENOVÁVEIS LTDA,31,1,330.0,313.0,505.0,324.0,175.0,11.0,1925.0
ggh9,GGH9.pdf,preproc_blocks,0,1,11,title,2.0,0,RESUMO,6,1,66.0,349.0,107.0,360.0,41.0,11.0,451.0
ggh9,GGH9.pdf,preproc_blocks,0,1,12,abstract,,0,"A manutenção contínua é essencial à disponibilidade das usinas para geração, porém, mesmo se realizada",102,1,67.0,370.0,531.0,379.0,464.0,9.0,4176.0
ggh9,GGH9.pdf,preproc_blocks,0,1,12,abstract,,1,"diligentemente, não evitará o envelhecimento das plantas. Para assegurar o desempenho no longo prazo, há a",106,1,67.0,381.0,531.0,389.0,464.0,8.0,3712.0
ggh9,GGH9.pdf,preproc_blocks,0,1,12,abstract,,2,"necessidade de uma reforma ou modernização. Essas intervenções requerem paradas de operação, significando",105,1,67.0,391.0,531.0,399.0,464.0,8.0,3712.0
ggh9,GGH9.pdf,preproc_blocks,0,1,12,abstract,,3,perdas de produção e receitas. Reduzir estas paradas significa melhorar a relação de custo-benefício do,103,1,67.0,401.0,531.0,410.0,464.0,9.0,4176.0
ggh9,GGH9.pdf,preproc_blocks,0,1,12,abstract,,4,investimento. O presente artigo abordará o conceito de pit-stop aplicado às reformas e modernizações. Será,106,1,66.0,411.0,531.0,421.0,465.0,10.0,4650.0
ggh9,GGH9.pdf,preproc_blocks,0,1,12,abstract,,5,apresentado um estudo de caso onde a estratégia de pit-stop possibilitou reduzir o tempo de parada em,101,1,67.0,422.0,531.0,430.0,464.0,8.0,3712.0
ggh9,GGH9.pdf,preproc_blocks,0,1,12,abstract,,6,aproximadamente 45% quando comparado a métodos tradicionais.,60,1,67.0,432.0,334.0,440.0,267.0,8.0,2136.0
ggh9,GGH9.pdf,preproc_blocks,0,1,13,title,2.0,0,PALAVRAS-CHAVE,14,1,67.0,464.0,149.0,473.0,82.0,9.0,738.0
ggh9,GGH9.pdf,preproc_blocks,0,1,14,text,,0,"Usinas hidrelétricas, serviços, reforma, modernização, “Pit Stop”",65,1,67.0,484.0,325.0,493.0,258.0,9.0,2322.0
ggh9,GGH9.pdf,preproc_blocks,0,1,15,title,2.0,0,1.0 - INTRODUÇÃO,16,1,77.0,506.0,158.0,516.0,81.0,10.0,810.0
ggh9,GGH9.pdf,preproc_blocks,0,1,16,text,,0,Usinas hidrelétricas precisam de uma manutenção contínua para assegurar elevados níveis de disponibilidade e,108,1,66.0,529.0,531.0,538.0,465.0,9.0,4185.0
ggh9,GGH9.pdf,preproc_blocks,0,1,16,text,,1,"geração de energia. Entretanto, mesmo os mais cuidadosos e diligentes programas de manutenção não evitarão o",108,1,66.0,540.0,531.0,549.0,465.0,9.0,4185.0
ggh9,GGH9.pdf,preproc_blocks,0,1,16,text,,2,"envelhecimento da usina e de seus equipamentos. Após anos de operação, não haverá manutenções nem",97,1,66.0,551.0,531.0,559.0,465.0,8.0,3720.0
ggh9,GGH9.pdf,preproc_blocks,0,1,16,text,,3,intervenções maiores de revisão capazes de manter o desempenho dos equipamentos igual ao original e nem em,106,1,66.0,561.0,531.0,570.0,465.0,9.0,4185.0
ggh9,GGH9.pdf,preproc_blocks,0,1,16,text,,4,níveis lucrativos. Este é o momento em que uma reforma mais ampla ou modernização será necessária.,98,1,67.0,572.0,530.0,579.0,463.0,7.0,3241.0
ggh9,GGH9.pdf,preproc_blocks,0,1,16,text,,5,"Modernizações têm a vantagem de proporcionar um ganho de desempenho ao equipamento, enquanto que uma",100,1,66.0,582.0,531.0,590.0,465.0,8.0,3720.0
ggh9,GGH9.pdf,preproc_blocks,0,1,16,text,,6,reforma tem o objetivo de recuperar o desempenho original. Modernizações são possíveis devido às evoluções,106,1,66.0,592.0,531.0,601.0,465.0,9.0,4185.0
ggh9,GGH9.pdf,preproc_blocks,0,1,16,text,,7,"tecnológicas que ocorrem com o passar do tempo e ao serem realizadas, utiliza-se o estado-da-arte do(s)",103,1,66.0,603.0,531.0,612.0,465.0,9.0,4185.0
ggh9,GGH9.pdf,preproc_blocks,0,1,16,text,,8,equipamento(s) envolvido(s) – ver Figura 1. Assumindo que a operação e manutenção de uma usina seguem boas,106,1,66.0,613.0,531.0,622.0,465.0,9.0,4185.0
ggh9,GGH9.pdf,preproc_blocks,0,1,16,text,,9,"práticas, o momento em que será necessária uma reforma ou modernização dependerá do equipamento",95,1,66.0,623.0,530.0,632.0,464.0,9.0,4176.0
ggh9,GGH9.pdf,preproc_blocks,0,1,16,text,,10,"específico. Por exemplo, sistemas eletrônicos e reguladores ficam obsoletos rapidamente e podem necessitar de",109,1,66.0,633.0,531.0,642.0,465.0,9.0,4185.0
ggh9,GGH9.pdf,preproc_blocks,0,1,16,text,,11,uma modernização em tempos tão breves como 5 (cinco) ou 10 (dez) anos. Quando se trata de turbinas ou,101,1,66.0,644.0,530.0,652.0,464.0,8.0,3712.0
ggh9,GGH9.pdf,preproc_blocks,0,1,16,text,,12,"geradores, este tempo pode ser entre 20 (vinte) e 30 (trinta) anos ou até mais. Em qualquer caso, há redução de",111,1,66.0,654.0,531.0,663.0,465.0,9.0,4185.0
ggh9,GGH9.pdf,preproc_blocks,0,1,16,text,,13,"desempenho operacional dos equipamentos, seja por sua vida útil, seja pela obsolescência tecnológica, o que em",110,1,66.0,665.0,531.0,673.0,465.0,8.0,3720.0
ggh9,GGH9.pdf,preproc_blocks,0,1,16,text,,14,"algum momento demandará uma ação de intervenção mais completa. Para o investidor, este é um momento crítico",107,1,66.0,675.0,531.0,684.0,465.0,9.0,4185.0
ggh9,GGH9.pdf,preproc_blocks,0,1,16,text,,15,porque uma reforma ou modernização é um serviço que requer investimentos significativos e sua execução,102,1,66.0,685.0,531.0,694.0,465.0,9.0,4185.0
ggh9,GGH9.pdf,preproc_blocks,0,1,16,text,,16,"tipicamente requer paradas de operação, significando perda de produção de energia e de receitas.",96,1,67.0,697.0,461.0,704.0,394.0,7.0,2758.0
ggh9,GGH9.pdf,preproc_blocks,1,2,4,text,,0,Este artigo abordará estratégias de intervenção para reformas ou modernizações cujo foco é a redução do tempo,109,1,66.0,289.0,531.0,300.0,465.0,11.0,5115.0
ggh9,GGH9.pdf,preproc_blocks,1,2,4,text,,1,"de parada da unidade geradora, as quais, inspiradas na prática de Fórmula 1, são denominadas de “Pit Stop”. Na",110,1,65.0,300.0,531.0,310.0,466.0,10.0,4660.0
ggh9,GGH9.pdf,preproc_blocks,1,2,4,text,,2,seção 2 será dada uma visão geral sobre os custos envolvidos na reforma de uma hidrelétrica. Os fundamentos da,110,1,67.0,311.0,531.0,320.0,464.0,9.0,4176.0
ggh9,GGH9.pdf,preproc_blocks,1,2,4,text,,3,"estratégia de “Pit Stop” serão apresentados na seção 3. Na seção 4, será detalhado um estudo de caso de “Pit",108,1,67.0,322.0,531.0,330.0,464.0,8.0,3712.0
ggh9,GGH9.pdf,preproc_blocks,1,2,4,text,,4,Stop” aplicado à reforma de um gerador de 13MVA na usina de Río Piedras na Colômbia. Outros resultados,102,1,67.0,332.0,531.0,340.0,464.0,8.0,3712.0
ggh9,GGH9.pdf,preproc_blocks,1,2,4,text,,5,"positivos obtidos em reformas com uso do “Pit Stop” serão apresentados na seção 5. Por fim, na seção 6 haverá a",111,1,66.0,343.0,531.0,351.0,465.0,8.0,3720.0
ggh9,GGH9.pdf,preproc_blocks,1,2,4,text,,6,conclusão deste artigo.,23,1,66.0,352.0,160.0,362.0,94.0,10.0,940.0
ggh9,GGH9.pdf,preproc_blocks,1,2,5,title,2.0,0,2.0 - CUSTO DE UMA REFORMA OU MODERNIZAÇÃO,42,1,75.0,385.0,306.0,397.0,231.0,12.0,2772.0
ggh9,GGH9.pdf,preproc_blocks,1,2,6,text,,0,"Assim como um novo projeto, uma reforma ou modernização é um investimento que deverá se justificar pelo",103,1,67.0,408.0,531.0,417.0,464.0,9.0,4176.0
ggh9,GGH9.pdf,preproc_blocks,1,2,6,text,,1,"adequado retorno do investimento. Conforme dito anteriormente, uma reforma ou modernização não é um serviço",107,1,67.0,419.0,531.0,428.0,464.0,9.0,4176.0
ggh9,GGH9.pdf,preproc_blocks,1,2,6,text,,2,"de baixo investimento, pois não está relacionado apenas aos novos itens a serem adquiridos ou serviços de",105,1,67.0,429.0,531.0,438.0,464.0,9.0,4176.0
ggh9,GGH9.pdf,preproc_blocks,1,2,6,text,,3,"recuperação, mas também à necessidade da retirada temporária do equipamento da operação, gerando",96,1,66.0,439.0,531.0,450.0,465.0,11.0,5115.0
ggh9,GGH9.pdf,preproc_blocks,1,2,6,text,,4,"indisponibilidade de geração e perda de receita. Desse modo, conforme indicado na Figura 2, o custo total de uma",112,1,67.0,450.0,531.0,459.0,464.0,9.0,4176.0
ggh9,GGH9.pdf,preproc_blocks,1,2,6,text,,5,reforma será a soma do preço do serviço mais a perda de receita.,64,1,67.0,461.0,330.0,470.0,263.0,9.0,2367.0
ggh9,GGH9.pdf,preproc_blocks,1,2,9,text,,0,"A perda de receita, devido ao tempo de máquina parada, tem um peso significante, se não o maior, no custo total",111,1,66.0,696.0,531.0,705.0,465.0,9.0,4185.0
ggh9,GGH9.pdf,preproc_blocks,1,2,9,text,,1,"para o investidor. A complexidade de intervenção é um fator agravante nestes casos. Por exemplo, turbinas de",108,1,65.0,706.0,531.0,715.0,466.0,9.0,4194.0
ggh9,GGH9.pdf,preproc_blocks,1,2,9,text,,2,pequeno e médio porte operando em águas com níveis extraordinários de sedimentos sofrem desgaste extremos,105,1,66.0,716.0,531.0,726.0,465.0,10.0,4650.0
ggh9,GGH9.pdf,preproc_blocks,1,2,9,text,,3,em todas as suas partes. A recuperação nesses casos pode levar mais de 30 (trinta) dias de solda e ajuste mais o,112,1,66.0,727.0,531.0,736.0,465.0,9.0,4185.0
ggh9,GGH9.pdf,preproc_blocks,1,2,9,text,,4,"tempo de desmontagem/montagem e transporte para uma fábrica, se necessário. Nessa situação, se 10 (dez) a 15",108,1,66.0,737.0,531.0,747.0,465.0,10.0,4650.0
ggh9,GGH9.pdf,preproc_blocks,2,3,2,text,,0,"(quinze) dias de perda de receitas equivalerem ao preço de uma nova roda de turbina, valerá mais a pena investir",112,1,67.0,57.0,531.0,66.0,464.0,9.0,4176.0
ggh9,GGH9.pdf,preproc_blocks,2,3,2,text,,1,na compra da nova roda e realizar uma parada rápida somente para troca da roda do que realizar o serviço de,107,1,67.0,69.0,531.0,76.0,464.0,7.0,3248.0
ggh9,GGH9.pdf,preproc_blocks,2,3,2,text,,2,menor preço de recuperação da turbina existente em campo. A situação pode ser bastante onerosa também no,104,1,66.0,78.0,531.0,87.0,465.0,9.0,4185.0
ggh9,GGH9.pdf,preproc_blocks,2,3,2,text,,3,"caso de turbinas de maior porte e/ou em localidades mais remotas, principalmente em unidades mais antigas, pois",111,1,66.0,88.0,531.0,97.0,465.0,9.0,4185.0
ggh9,GGH9.pdf,preproc_blocks,2,3,2,text,,4,os processos de desmontagem/montagem e transporte de todas as partes para uma fábrica podem levar a meses,105,1,66.0,99.0,531.0,108.0,465.0,9.0,4185.0
ggh9,GGH9.pdf,preproc_blocks,2,3,2,text,,5,de indisponibilidade de uma grande capacidade instalada de geração. Tudo se torna uma questão de análise,104,1,66.0,109.0,531.0,118.0,465.0,9.0,4185.0
ggh9,GGH9.pdf,preproc_blocks,2,3,2,text,,6,"completa do cenário de qualidade, custo e prazo. Desta forma, é importante buscar estratégias que minimizem as",110,1,66.0,119.0,531.0,129.0,465.0,10.0,4650.0
ggh9,GGH9.pdf,preproc_blocks,2,3,2,text,,7,"paradas, mesmo que o investimento no serviço em si possa ficar maior.",69,1,67.0,131.0,353.0,139.0,286.0,8.0,2288.0
ggh9,GGH9.pdf,preproc_blocks,2,3,3,text,,0,"Visando o melhor retorno do investimento, é imprescindível que se avalie todas as oportunidades relacionadas ao",111,1,67.0,150.0,531.0,159.0,464.0,9.0,4176.0
ggh9,GGH9.pdf,preproc_blocks,2,3,3,text,,1,"serviço a ser realizado, desde o escopo em si, ou seja, quais equipamentos precisam realmente ser reabilitados,",111,1,66.0,162.0,530.0,170.0,464.0,8.0,3712.0
ggh9,GGH9.pdf,preproc_blocks,2,3,3,text,,2,"até a melhor decisão entre reformar ou trocar por um novo, considerando toda uma preparação que gere o",102,1,67.0,172.0,531.0,180.0,464.0,8.0,3712.0
ggh9,GGH9.pdf,preproc_blocks,2,3,3,text,,3,planejamento da execução com o menor tempo de máquina parada na usina. Esta estratégia é relacionada ao “Pit,108,1,66.0,182.0,531.0,190.0,465.0,8.0,3720.0
ggh9,GGH9.pdf,preproc_blocks,2,3,3,text,,4,"Stop”, cujo conceito está na execução de uma tarefa com um minucioso nível de preparação e planejamento,",104,1,67.0,192.0,530.0,201.0,463.0,9.0,4167.0
ggh9,GGH9.pdf,preproc_blocks,2,3,3,text,,5,"agilidade, assertividade e rapidez, assim como se realiza na Fórmula 1, onde a redução de tempo é o principal",109,1,66.0,201.0,531.0,212.0,465.0,11.0,5115.0
ggh9,GGH9.pdf,preproc_blocks,2,3,3,text,,6,objetivo a ser perseguido por quem necessita chegar em primeiro lugar.,70,1,67.0,214.0,354.0,222.0,287.0,8.0,2296.0
ggh9,GGH9.pdf,preproc_blocks,2,3,4,title,2.0,0,3.0 - O CONCEITO DE “PIT STOP” APLICADO A REFORMAS,50,1,75.0,246.0,329.0,257.0,254.0,11.0,2794.0
ggh9,GGH9.pdf,preproc_blocks,2,3,5,text,,0,A Figura 3 apresenta um “Pit Stop” realizado na Fórmula 1. A análise de todos os detalhes da atividade é feita,110,1,67.0,269.0,531.0,277.0,464.0,8.0,3712.0
ggh9,GGH9.pdf,preproc_blocks,2,3,5,text,,1,"antecipadamente de forma impecável e todos os passos são planejados minuciosamente, incluindo a",95,1,67.0,280.0,531.0,289.0,464.0,9.0,4176.0
ggh9,GGH9.pdf,preproc_blocks,2,3,5,text,,2,disponibilidade dos instrumentos e cada movimento de cada membro da equipe. O resultado é a redução extrema,107,1,68.0,290.0,531.0,299.0,463.0,9.0,4167.0
ggh9,GGH9.pdf,preproc_blocks,2,3,5,text,,3,do tempo de parada do carro.,28,1,67.0,301.0,186.0,309.0,119.0,8.0,952.0
ggh9,GGH9.pdf,preproc_blocks,2,3,8,text,,0,"Baseando-se na Fórmula 1, por “Pit Stop” designamos as estratégias que focam na minimização do tempo de",103,1,66.0,554.0,531.0,563.0,465.0,9.0,4185.0
ggh9,GGH9.pdf,preproc_blocks,2,3,8,text,,1,"parada das máquinas através de uma antecipação/planejamento detalhado das atividades de campo, juntamente",105,1,66.0,565.0,531.0,574.0,465.0,9.0,4185.0
ggh9,GGH9.pdf,preproc_blocks,2,3,8,text,,2,"com uma análise profunda do escopo do serviço, incluindo o projeto e fabricação de novos equipamentos e/ou",106,1,66.0,575.0,531.0,584.0,465.0,9.0,4185.0
ggh9,GGH9.pdf,preproc_blocks,2,3,8,text,,3,"partes desses, de modo a se ter uma intervenção de campo relativamente rápida, do tipo “plug-and-play”. “Pit",108,1,66.0,585.0,531.0,594.0,465.0,9.0,4185.0
ggh9,GGH9.pdf,preproc_blocks,2,3,8,text,,4,Stop’s” têm a vantagem adicional de possibilitar a realização de uma modernização ao invés de simplesmente uma,110,1,67.0,596.0,531.0,605.0,464.0,9.0,4176.0
ggh9,GGH9.pdf,preproc_blocks,2,3,8,text,,5,"reforma, o que possibilita tornar a análise estratégica do investimento ainda mais ampla para elevar o patamar de",113,1,66.0,606.0,531.0,615.0,465.0,9.0,4185.0
ggh9,GGH9.pdf,preproc_blocks,2,3,8,text,,6,"desempenho tanto de um equipamento de geração de energia, como de toda a planta de geração.",91,1,66.0,617.0,460.0,626.0,394.0,9.0,3546.0
ggh9,GGH9.pdf,preproc_blocks,2,3,8,text,,7,"Nesta seção, serão abordados pilares principais para a metodologia de “Pit Stop”, que são:",90,1,66.0,627.0,431.0,636.0,365.0,9.0,3285.0
ggh9,GGH9.pdf,preproc_blocks,2,3,9,text,,0,"a. Avaliação e diagnóstico da condição dos equipamentos da planta, para definição precisa do escopo da",102,1,77.0,648.0,531.0,657.0,454.0,9.0,4086.0
ggh9,GGH9.pdf,preproc_blocks,2,3,9,text,,1,"reforma, incluindo decisões entre reabilitações ou trocas por novos, e ações posteriores;",89,1,85.0,659.0,439.0,668.0,354.0,9.0,3186.0
ggh9,GGH9.pdf,preproc_blocks,2,3,10,text,,0,"b. Avaliações da planta in loco com equipes especializadas, para definição da execução das futuras atividades de",112,1,76.0,679.0,531.0,688.0,455.0,9.0,4095.0
ggh9,GGH9.pdf,preproc_blocks,2,3,10,text,,1,campo buscando a minimização do tempo de parada;,48,1,86.0,690.0,299.0,698.0,213.0,8.0,1704.0
ggh9,GGH9.pdf,preproc_blocks,2,3,11,text,,0,c. Planejamento antecipado e detalhado das todas as atividades do projeto;,74,1,76.0,710.0,378.0,719.0,302.0,9.0,2718.0
ggh9,GGH9.pdf,preproc_blocks,2,3,12,text,,0,"d. Trabalho de equipe eficaz, com profissionais experientes e envolvimento do prestador do serviço e do pessoal",111,1,76.0,730.0,531.0,739.0,455.0,9.0,4095.0
ggh9,GGH9.pdf,preproc_blocks,2,3,12,text,,1,de operação e manutenção da planta;,35,1,86.0,742.0,237.0,750.0,151.0,8.0,1208.0
ggh9,GGH9.pdf,preproc_blocks,3,4,2,text,,0,e. Ganhos de produtividade e retorno do investimento como foco principal do trabalho.,85,1,76.0,68.0,420.0,77.0,344.0,9.0,3096.0
ggh9,GGH9.pdf,preproc_blocks,3,4,3,text,,0,"Dentre os passos de desenvolvimento da metodologia, o primeiro a ser dado para garantir o sucesso da sua",104,1,66.0,87.0,531.0,98.0,465.0,11.0,5115.0
ggh9,GGH9.pdf,preproc_blocks,3,4,3,text,,1,execução está relacionado ao levantamento de informações iniciais sobre o escopo de atividades a serem,102,1,67.0,99.0,531.0,108.0,464.0,9.0,4176.0
ggh9,GGH9.pdf,preproc_blocks,3,4,3,text,,2,"realizadas. Neste caso, avaliar detalhadamente a condição de cada componente objeto da reforma é de suma",104,1,66.0,109.0,531.0,118.0,465.0,9.0,4185.0
ggh9,GGH9.pdf,preproc_blocks,3,4,3,text,,3,"importância no estabelecimento das estratégias adequadas. Também, através de uma análise adequada de riscos",107,1,66.0,120.0,531.0,128.0,465.0,8.0,3720.0
ggh9,GGH9.pdf,preproc_blocks,3,4,3,text,,4,"e oportunidades, pode-se optar até mesmo pela modernização completa do componente. Lembrando que a",98,1,66.0,130.0,532.0,139.0,466.0,9.0,4194.0
ggh9,GGH9.pdf,preproc_blocks,3,4,3,text,,5,avaliação terá um diagnóstico adequado se executado por equipe treinada e experiente.,85,1,67.0,140.0,420.0,149.0,353.0,9.0,3177.0
ggh9,GGH9.pdf,preproc_blocks,3,4,4,text,,0,"A escolha do método de avaliação da condição e diagnóstico adequado, dependendo do componente, poderá",101,1,66.0,161.0,531.0,170.0,465.0,9.0,4185.0
ggh9,GGH9.pdf,preproc_blocks,3,4,4,text,,1,"evitar inclusive paradas de máquinas. Por exemplo, níveis de vibração e temperatura de uma unidade geradora já",110,1,67.0,171.0,531.0,180.0,464.0,9.0,4176.0
ggh9,GGH9.pdf,preproc_blocks,3,4,4,text,,2,podem indicar uma série de maus funcionamentos e modos de falha relacionados a certos componentes. Com os,105,1,66.0,182.0,531.0,191.0,465.0,9.0,4185.0
ggh9,GGH9.pdf,preproc_blocks,3,4,4,text,,3,"dados adequados e a informação processada corretamente, será possível determinar quais peças necessitam",103,1,66.0,192.0,531.0,201.0,465.0,9.0,4185.0
ggh9,GGH9.pdf,preproc_blocks,3,4,4,text,,4,"substituição e podem ser adquiridas sem mesmo efetuar a parada da unidade, possibilitando correto planejamento",110,1,67.0,203.0,530.0,210.0,463.0,7.0,3241.0
ggh9,GGH9.pdf,preproc_blocks,3,4,4,text,,5,de parada e intervenção somente para substituição.,50,1,66.0,213.0,274.0,222.0,208.0,9.0,1872.0
ggh9,GGH9.pdf,preproc_blocks,3,4,5,text,,0,Outro ponto que a avaliação da condição possibilita é a definição pela real necessidade de intervenção em,105,1,67.0,233.0,531.0,243.0,464.0,10.0,4640.0
ggh9,GGH9.pdf,preproc_blocks,3,4,5,text,,1,"determinado componente ou não. Em alguns casos, conclui-se pela não intervenção em componentes que, por",103,1,66.0,243.0,531.0,253.0,465.0,10.0,4650.0
ggh9,GGH9.pdf,preproc_blocks,3,4,5,text,,2,"uma prática preventiva, sempre se substituem. Isto já permite a otimização dos ciclos de intervenção e custos.",110,1,67.0,255.0,507.0,263.0,440.0,8.0,3520.0
ggh9,GGH9.pdf,preproc_blocks,3,4,6,text,,0,"Em outros tipos de reformas, onde técnicas preditivas não garantem um resultado adequado de avaliação da",104,1,66.0,275.0,531.0,284.0,465.0,9.0,4185.0
ggh9,GGH9.pdf,preproc_blocks,3,4,6,text,,1,"condição, realiza-se a inspeção direta do componente e a análise da sua condição. Com isto pode-se definir o que",112,1,66.0,285.0,531.0,294.0,465.0,9.0,4185.0
ggh9,GGH9.pdf,preproc_blocks,3,4,6,text,,2,"é necessário fazer para se garantir a recuperação do mesmo, ou sua modernização. Dentro desta análise, deve-se",110,1,66.0,295.0,531.0,305.0,465.0,10.0,4650.0
ggh9,GGH9.pdf,preproc_blocks,3,4,6,text,,3,definir se cada componente: ou será substituído (conforme projeto original ou modernizado); ou enviado para uma,111,1,66.0,306.0,531.0,315.0,465.0,9.0,4185.0
ggh9,GGH9.pdf,preproc_blocks,3,4,6,text,,4,"fábrica para reparo, ou reparado em campo. Ou seja, a avaliação adequada da condição permitirá o",96,1,66.0,317.0,531.0,325.0,465.0,8.0,3720.0
ggh9,GGH9.pdf,preproc_blocks,3,4,6,text,,5,desdobramento estratégico da aplicação da metodologia de um “Pit Stop” mais eficaz em uma reforma ou,100,1,66.0,326.0,531.0,336.0,465.0,10.0,4650.0
ggh9,GGH9.pdf,preproc_blocks,3,4,6,text,,6,modernização.,13,1,66.0,336.0,127.0,347.0,61.0,11.0,671.0
ggh9,GGH9.pdf,preproc_blocks,3,4,7,text,,0,"Todas as avaliações da condição dos equipamentos são inicialmente realizadas in-loco. Entretanto, as avaliações",111,1,67.0,358.0,531.0,366.0,464.0,8.0,3712.0
ggh9,GGH9.pdf,preproc_blocks,3,4,7,text,,1,não devem levar em conta apenas equipamentos objeto da reforma. Considerando que o “Pit Stop” compreende,104,1,66.0,368.0,531.0,377.0,465.0,9.0,4185.0
ggh9,GGH9.pdf,preproc_blocks,3,4,7,text,,2,"todo o ciclo de desmontagem e posterior montagem dos componentes, uma avaliação criteriosa das instalações e",108,1,66.0,379.0,531.0,387.0,465.0,8.0,3720.0
ggh9,GGH9.pdf,preproc_blocks,3,4,7,text,,3,recursos disponíveis é necessária a fim de possibilitar a elaboração de um plano detalhado de atividades de,107,1,66.0,389.0,531.0,397.0,465.0,8.0,3720.0
ggh9,GGH9.pdf,preproc_blocks,3,4,7,text,,4,"campo. Este plano deve considerar dispositivos necessários, métodos de movimentação de peças de forma",101,1,66.0,398.0,531.0,408.0,465.0,10.0,4650.0
ggh9,GGH9.pdf,preproc_blocks,3,4,7,text,,5,"adequada, sincronizada e, sobretudo, segura. Isto evitará problemas durante estas atividades e permitirá otimizar o",115,1,67.0,410.0,531.0,419.0,464.0,9.0,4176.0
ggh9,GGH9.pdf,preproc_blocks,3,4,7,text,,6,"planejamento de execução, não só das atividades de campo, mas de todo o projeto.",80,1,66.0,420.0,403.0,429.0,337.0,9.0,3033.0
ggh9,GGH9.pdf,preproc_blocks,3,4,8,text,,0,Com a aplicação da estratégia de “Pit Stop” conforme conceitos e passos explicados nesta seção obtêm-se,103,1,67.0,440.0,531.0,449.0,464.0,9.0,4176.0
ggh9,GGH9.pdf,preproc_blocks,3,4,8,text,,1,"resultados de acordo com o gráfico na Figura 4. O investimento no serviço em si tipicamente aumenta, no entanto,",112,1,66.0,451.0,531.0,460.0,465.0,9.0,4185.0
ggh9,GGH9.pdf,preproc_blocks,3,4,8,text,,2,"devido à parada mais curta, o resultado final é uma reforma de custo menor, com maior retorno do investimento.",110,1,66.0,461.0,529.0,470.0,463.0,9.0,4167.0
ggh9,GGH9.pdf,preproc_blocks,3,4,8,text,,3,"Naturalmente, fatores como capacidade da unidade geradora, legislação reguladora do sistema energético do país",110,1,65.0,470.0,531.0,481.0,466.0,11.0,5126.0
ggh9,GGH9.pdf,preproc_blocks,3,4,8,text,,4,"onde a planta está instalada, entre outros, podem afetar as relações expostas na Figura 4 e devem ser",101,1,67.0,483.0,531.0,490.0,464.0,7.0,3248.0
ggh9,GGH9.pdf,preproc_blocks,3,4,8,text,,5,consideradas no cálculo do retorno do investimento.,51,1,68.0,493.0,275.0,500.0,207.0,7.0,1449.0
ggh9,GGH9.pdf,preproc_blocks,4,5,2,title,2.0,0,4.0 - ESTUDO DE CASO: CENTRAL RÍO PIEDRAS - COLÔMBIA,52,1,75.0,57.0,340.0,68.0,265.0,11.0,2915.0
ggh9,GGH9.pdf,preproc_blocks,4,5,3,text,,0,"Um estudo de caso real aplicado a um gerador na Colômbia será apresentado nesta seção. Neste, inicialmente, o",109,1,66.0,81.0,531.0,90.0,465.0,9.0,4185.0
ggh9,GGH9.pdf,preproc_blocks,4,5,3,text,,1,escopo de fornecimento era tal que 41 dias de serviços de campo com máquina parada eram necessários. Depois,107,1,67.0,92.0,530.0,100.0,463.0,8.0,3704.0
ggh9,GGH9.pdf,preproc_blocks,4,5,3,text,,2,"de uma análise detalhada que incluiu uma avaliação da condição do gerador existente, concluiu-se que seria",106,1,66.0,102.0,531.0,111.0,465.0,9.0,4185.0
ggh9,GGH9.pdf,preproc_blocks,4,5,3,text,,3,possível aperfeiçoar o escopo do serviço e sua execução de modo a reduzir as atividades de campo em,99,1,66.0,111.0,531.0,121.0,465.0,10.0,4650.0
ggh9,GGH9.pdf,preproc_blocks,4,5,3,text,,4,"aproximadamente 45%, de 41 para 23 dias. Foram definidas atividades de campo tipo “plug-and-play”, isto é, com",110,1,66.0,122.0,531.0,132.0,465.0,10.0,4650.0
ggh9,GGH9.pdf,preproc_blocks,4,5,3,text,,5,"transporte de partes prontas para montagem direta, sem gasto de tempo com recuperações de campo. Neste caso,",108,1,66.0,133.0,530.0,142.0,464.0,9.0,4176.0
ggh9,GGH9.pdf,preproc_blocks,4,5,3,text,,6,a avaliação da condição permitiu ainda identificar peças que não precisavam ser substituídas ou recuperadas para,112,1,66.0,142.0,530.0,152.0,464.0,10.0,4640.0
ggh9,GGH9.pdf,preproc_blocks,4,5,3,text,,7,se atender aos requisitos técnicos do serviço. Isso levou a uma modificação do escopo de fornecimento de,104,1,67.0,154.0,530.0,162.0,463.0,8.0,3704.0
ggh9,GGH9.pdf,preproc_blocks,4,5,3,text,,8,"equipamentos, alcançando o objetivo de reduzir o tempo de máquina parada e consequentes perdas de receitas,",107,1,66.0,164.0,530.0,173.0,464.0,9.0,4176.0
ggh9,GGH9.pdf,preproc_blocks,4,5,3,text,,9,"bem como, nesse caso, uma redução geral do custo do serviço.",60,1,66.0,174.0,322.0,184.0,256.0,10.0,2560.0
ggh9,GGH9.pdf,preproc_blocks,4,5,4,text,,0,A Central Río Piedras é uma usina hidrelétrica situada na Colômbia e compreende duas unidades geradoras de,106,1,67.0,195.0,531.0,204.0,464.0,9.0,4176.0
ggh9,GGH9.pdf,preproc_blocks,4,5,4,text,,1,"13MVA, sendo que apenas uma das unidades geradoras foi objeto do escopo da reforma. A unidade geradora,",103,1,67.0,205.0,531.0,215.0,464.0,10.0,4640.0
ggh9,GGH9.pdf,preproc_blocks,4,5,4,text,,2,"objeto da reforma sofrera um sinistro de queima do enrolamento estatórico, o que demandaria sua substituição.",109,1,67.0,215.0,530.0,225.0,463.0,10.0,4630.0
ggh9,GGH9.pdf,preproc_blocks,4,5,4,text,,3,"Neste processo, foram avaliadas três alternativas principais:",61,1,66.0,226.0,307.0,235.0,241.0,9.0,2169.0
ggh9,GGH9.pdf,preproc_blocks,4,5,5,text,,0,"a. Reforma do gerador original sinistrado em fábrica, considerando inicialmente o transporte do estator completo",112,1,76.0,246.0,531.0,256.0,455.0,10.0,4550.0
ggh9,GGH9.pdf,preproc_blocks,4,5,5,text,,1,"para a fábrica, reforma do núcleo e substituição do enrolamento e retorno dos mesmos à planta. Além disto,",106,1,85.0,258.0,530.0,266.0,445.0,8.0,3560.0
ggh9,GGH9.pdf,preproc_blocks,4,5,5,text,,2,"outros componentes também seriam substituídos, caso necessário;",63,1,86.0,268.0,355.0,276.0,269.0,8.0,2152.0
ggh9,GGH9.pdf,preproc_blocks,4,5,6,text,,0,"b. Fornecimento de 1 (um) gerador completo novo, incluindo estator, rotor, mancais, trocadores de calor e demais",112,1,75.0,288.0,531.0,298.0,456.0,10.0,4560.0
ggh9,GGH9.pdf,preproc_blocks,4,5,6,text,,1,"itens auxiliares relacionados, para substituição completa da unidade geradora sinistrada existente na obra.",107,1,85.0,299.0,530.0,307.0,445.0,8.0,3560.0
ggh9,GGH9.pdf,preproc_blocks,4,5,6,text,,2,Esta opção foi sugerida pelo proprietário da planta devido à logística e prazos de transporte da alternativa “a”;,113,1,85.0,309.0,524.0,318.0,439.0,9.0,3951.0
ggh9,GGH9.pdf,preproc_blocks,4,5,7,text,,0,"c. Alternativa otimizada de fornecimento, a ser detalhada após a avaliação da condição dos equipamentos da",106,1,76.0,330.0,531.0,339.0,455.0,9.0,4095.0
ggh9,GGH9.pdf,preproc_blocks,4,5,7,text,,1,"planta, seguindo a estratégia de “Pit Stop”.",44,1,85.0,340.0,256.0,349.0,171.0,9.0,1539.0
ggh9,GGH9.pdf,preproc_blocks,4,5,8,text,,0,"A alternativa “a” foi descartada imediatamente após uma análise dos tempos de transporte e prazos totais, sendo",111,1,67.0,361.0,531.0,370.0,464.0,9.0,4176.0
ggh9,GGH9.pdf,preproc_blocks,4,5,8,text,,1,"que a somatória de prazos de desmontagem, transporte, reforma em fábrica e remontagem resultaram em uma",103,1,67.0,371.0,531.0,380.0,464.0,9.0,4176.0
ggh9,GGH9.pdf,preproc_blocks,4,5,8,text,,2,indisponibilidade total elevada.,32,1,67.0,381.0,190.0,390.0,123.0,9.0,1107.0
ggh9,GGH9.pdf,preproc_blocks,4,5,9,text,,0,"A alternativa “b” foi sugerida pelo proprietário da planta para reduzir o tempo total de indisponibilidade, entretanto,",119,1,67.0,403.0,530.0,411.0,463.0,8.0,3704.0
ggh9,GGH9.pdf,preproc_blocks,4,5,9,text,,1,não levou em conta realizar uma avaliação detalhada da condição da máquina. Mesmo considerando uma troca ao,107,1,66.0,412.0,531.0,422.0,465.0,10.0,4650.0
ggh9,GGH9.pdf,preproc_blocks,4,5,9,text,,2,"estilo “Pit Stop”, esta alternativa não explorava todas as potencialidades de otimização relacionadas ao serviço,",113,1,66.0,422.0,531.0,432.0,465.0,10.0,4650.0
ggh9,GGH9.pdf,preproc_blocks,4,5,9,text,,3,"para obter-se a melhor relação de investimento e retorno possíveis. Entretanto, era uma alternativa mais factível se",116,1,66.0,433.0,531.0,442.0,465.0,9.0,4185.0
ggh9,GGH9.pdf,preproc_blocks,4,5,9,text,,4,comparada à opção “a”.,22,1,66.0,443.0,163.0,452.0,97.0,9.0,873.0
ggh9,GGH9.pdf,preproc_blocks,4,5,10,text,,0,"No caso da alternativa “c”, aplicou-se o conceito de “Pit Stop”, com seus pilares principais, conforme visto na seção",117,1,66.0,463.0,531.0,474.0,465.0,11.0,5115.0
ggh9,GGH9.pdf,preproc_blocks,4,5,10,text,,1,"3 do presente artigo. Ou seja, a partir desta alternativa iniciou-se um processo detalhado de avaliação da condição",115,1,66.0,475.0,531.0,484.0,465.0,9.0,4185.0
ggh9,GGH9.pdf,preproc_blocks,4,5,10,text,,2,"conduzido por especialistas, com o foco na redução dos prazos e do tempo de indisponibilidade de máquina.",105,1,67.0,484.0,502.0,494.0,435.0,10.0,4350.0
ggh9,GGH9.pdf,preproc_blocks,4,5,11,text,,0,"Na avaliação da condição realizada, os especialistas determinaram que a troca completa do gerador não era",105,1,66.0,505.0,531.0,514.0,465.0,9.0,4185.0
ggh9,GGH9.pdf,preproc_blocks,4,5,11,text,,1,"necessária, visto que parte de seus componentes estava em boas condições. Em uma primeira análise, confirmou-",109,1,66.0,516.0,531.0,525.0,465.0,9.0,4185.0
ggh9,GGH9.pdf,preproc_blocks,4,5,11,text,,2,"se que apenas o núcleo e o enrolamento necessitariam ser reformados, o que já coincidia com a alternativa “a”",109,1,66.0,526.0,531.0,535.0,465.0,9.0,4185.0
ggh9,GGH9.pdf,preproc_blocks,4,5,11,text,,3,informada anteriormente. Foi então que se realizou uma avaliação criteriosa da casa de força e das instalações,110,1,66.0,536.0,531.0,545.0,465.0,9.0,4185.0
ggh9,GGH9.pdf,preproc_blocks,4,5,11,text,,4,para identificar oportunidades de otimização das atividades durante as intervenções nestes componentes.,103,1,66.0,547.0,530.0,556.0,464.0,9.0,4176.0
ggh9,GGH9.pdf,preproc_blocks,4,5,11,text,,5,"Questões como: o que reparar em campo, o que reparar em fábrica, o que fornecer pré-montado desde fábrica,",106,1,65.0,556.0,531.0,567.0,466.0,11.0,5126.0
ggh9,GGH9.pdf,preproc_blocks,4,5,11,text,,6,"como transportar, como desmontar e como montar de forma mais adequada foram avaliadas visando identificar as",108,1,66.0,568.0,531.0,576.0,465.0,8.0,3720.0
ggh9,GGH9.pdf,preproc_blocks,4,5,11,text,,7,melhores práticas aplicáveis na execução deste fornecimento. A avaliação das instalações também buscou,102,1,66.0,578.0,531.0,587.0,465.0,9.0,4185.0
ggh9,GGH9.pdf,preproc_blocks,4,5,11,text,,8,"identificar os recursos disponíveis e facilidades da central, permitindo prever os recursos adicionais necessários às",117,1,66.0,587.0,531.0,598.0,465.0,11.0,5115.0
ggh9,GGH9.pdf,preproc_blocks,4,5,11,text,,9,"atividades. Também foi realizado o estudo das movimentações críticas em termos de espaço, tempo e sobretudo",107,1,66.0,599.0,531.0,608.0,465.0,9.0,4185.0
ggh9,GGH9.pdf,preproc_blocks,4,5,11,text,,10,"segurança, para determinar o plano mais adequado de desmontagens e montagens, o que permite o detalhamento",106,1,66.0,609.0,530.0,618.0,464.0,9.0,4176.0
ggh9,GGH9.pdf,preproc_blocks,4,5,11,text,,11,adequado do cronograma e a otimização nos prazos definidos.,59,1,67.0,620.0,318.0,627.0,251.0,7.0,1757.0
ggh9,GGH9.pdf,preproc_blocks,4,5,12,text,,0,"Neste estudo constatou-se que, apesar de apenas o núcleo e o enrolamento necessitarem reforma, sua simples",106,1,67.0,640.0,531.0,649.0,464.0,9.0,4176.0
ggh9,GGH9.pdf,preproc_blocks,4,5,12,text,,1,"substituição na carcaça existente acarretaria intervenções maiores, e, consequentemente, mais alocação de",105,1,67.0,650.0,531.0,659.0,464.0,9.0,4176.0
ggh9,GGH9.pdf,preproc_blocks,4,5,12,text,,2,"recursos e mais atividades de campo. Logo, concluiu-se que a melhor opção era o fornecimento de um estator",106,1,66.0,660.0,531.0,669.0,465.0,9.0,4185.0
ggh9,GGH9.pdf,preproc_blocks,4,5,12,text,,3,"completamente novo (incluindo núcleo, enrolamento e carcaça), que resultaria na aplicação de um aspecto",103,1,66.0,671.0,530.0,680.0,464.0,9.0,4176.0
ggh9,GGH9.pdf,preproc_blocks,4,5,12,text,,4,importante do método de “Pit Stop” que é a redução do tempo de parada através da utilização de componentes pré-,111,1,66.0,681.0,531.0,690.0,465.0,9.0,4185.0
ggh9,GGH9.pdf,preproc_blocks,4,5,12,text,,5,"montados em fábrica, possibilitando uma substituição ao estilo “plug-and-play”. O ganho significativo de tempo",110,1,66.0,692.0,531.0,701.0,465.0,9.0,4185.0
ggh9,GGH9.pdf,preproc_blocks,4,5,12,text,,6,"desta alternativa, se comparada à alternativa “b”, é que a substituição do estator completo - ao invés do gerador",113,1,67.0,702.0,531.0,711.0,464.0,9.0,4176.0
ggh9,GGH9.pdf,preproc_blocks,4,5,12,text,,7,"completo - eliminaria as atividades de ajustes de nivelamento dos mancais, realinhamento completo da unidade e",110,1,66.0,712.0,531.0,721.0,465.0,9.0,4185.0
ggh9,GGH9.pdf,preproc_blocks,4,5,12,text,,8,"novo balanceamento do rotor em campo, pois tais peças não sofreriam modificações devido às suas boas",100,1,66.0,723.0,530.0,732.0,464.0,9.0,4176.0
ggh9,GGH9.pdf,preproc_blocks,4,5,12,text,,9,"condições. Além disto, a previsão de escopo da alternativa “b” incluía também a substituição do sistema de",106,1,67.0,733.0,530.0,742.0,463.0,9.0,4167.0
ggh9,GGH9.pdf,preproc_blocks,4,5,12,text,,10,"excitação, que após avaliação e constatação de seu pleno funcionamento, não necessitou substituição, sendo que",110,1,67.0,744.0,531.0,753.0,464.0,9.0,4176.0
ggh9,GGH9.pdf,preproc_blocks,5,6,2,text,,0,"isto também resultou em ganhos nos tempos de montagem e comissionamento. Logo, obteve-se uma redução de",103,1,66.0,57.0,531.0,67.0,465.0,10.0,4650.0
ggh9,GGH9.pdf,preproc_blocks,5,6,2,text,,1,"18 (dezoito) dias no processo de montagem e comissionamento, o que representou em uma redução de 45% nos",104,1,68.0,68.0,531.0,76.0,463.0,8.0,3704.0
ggh9,GGH9.pdf,preproc_blocks,5,6,2,text,,2,tempos de indisponibilidade de máquina previstos durante os serviços da reforma. Tal representação pode ser vista,113,1,67.0,79.0,530.0,87.0,463.0,8.0,3704.0
ggh9,GGH9.pdf,preproc_blocks,5,6,2,text,,3,na figura 5 abaixo:,19,1,67.0,89.0,141.0,97.0,74.0,8.0,592.0
ggh9,GGH9.pdf,preproc_blocks,5,6,5,text,,0,"Entretanto, no caso de Río Piedras, não somente a redução dos tempos de parada foi alcançada. Através da",104,1,65.0,338.0,531.0,349.0,466.0,11.0,5126.0
ggh9,GGH9.pdf,preproc_blocks,5,6,5,text,,1,"aplicação do conceito do “Pit Stop”, e, com isso, uma avaliação da condição minuciosa dos equipamentos, o real",110,1,67.0,350.0,531.0,359.0,464.0,9.0,4176.0
ggh9,GGH9.pdf,preproc_blocks,5,6,5,text,,2,"problema associado à falha do gerador sinistrado foi identificado. Nesta avaliação da condição realizada na planta,",115,1,66.0,361.0,531.0,370.0,465.0,9.0,4185.0
ggh9,GGH9.pdf,preproc_blocks,5,6,5,text,,3,constatou-se que a unidade geradora que sofrera o sinistro de queima não possuía mais o seu enrolamento do,106,1,66.0,371.0,531.0,380.0,465.0,9.0,4185.0
ggh9,GGH9.pdf,preproc_blocks,5,6,5,text,,4,"estator original. O mesmo já havia sido substituído em outro fornecimento passado, em uma tentativa de correção",111,1,66.0,381.0,531.0,390.0,465.0,9.0,4185.0
ggh9,GGH9.pdf,preproc_blocks,5,6,5,text,,5,de um problema de sobreaquecimento. Constatou-se também que a unidade em operação possuía uma restrição,103,1,66.0,392.0,531.0,401.0,465.0,9.0,4185.0
ggh9,GGH9.pdf,preproc_blocks,5,6,5,text,,6,"de potência, pois operava com 90% de sua capacidade devido a um sobreaquecimento do enrolamento do estator.",107,1,66.0,402.0,531.0,411.0,465.0,9.0,4185.0
ggh9,GGH9.pdf,preproc_blocks,5,6,5,text,,7,"Com base nestas informações, foram realizados ensaios na unidade geradora que estava em operação a fim de se",108,1,66.0,412.0,531.0,421.0,465.0,9.0,4185.0
ggh9,GGH9.pdf,preproc_blocks,5,6,5,text,,8,verificar o comportamento térmico em diferentes cargas. Todas as variáveis relacionadas à carga e à ventilação,110,1,66.0,423.0,531.0,432.0,465.0,9.0,4185.0
ggh9,GGH9.pdf,preproc_blocks,5,6,5,text,,9,foram analisadas onde se concluiu que o problema de sobreaquecimento dava-se por uma deficiência no sistema,107,1,66.0,433.0,531.0,442.0,465.0,9.0,4185.0
ggh9,GGH9.pdf,preproc_blocks,5,6,5,text,,10,"de ventilação do projeto original. Uma vez que as causas do problema foram identificadas, foram determinadas as",111,1,66.0,444.0,531.0,453.0,465.0,9.0,4185.0
ggh9,GGH9.pdf,preproc_blocks,5,6,5,text,,11,"necessidades para a correção do mesmo, o que resultou na modernização do sistema de ventilação existente, visto",111,1,66.0,454.0,531.0,462.0,465.0,8.0,3720.0
ggh9,GGH9.pdf,preproc_blocks,5,6,5,text,,12,"que as ferramentas mais avançadas de cálculo foram utilizadas na determinação da solução final, o que possibilitou",114,1,66.0,464.0,531.0,473.0,465.0,9.0,4185.0
ggh9,GGH9.pdf,preproc_blocks,5,6,5,text,,13,o retorno das unidades geradoras à sua plena capacidade de geração em 100%.,75,1,66.0,475.0,390.0,483.0,324.0,8.0,2592.0
ggh9,GGH9.pdf,preproc_blocks,5,6,6,text,,0,"Desta forma, comparando-se o escopo da alternativa “b” e o escopo da alternativa “c”, se obteve uma redução",107,1,67.0,495.0,531.0,505.0,464.0,10.0,4640.0
ggh9,GGH9.pdf,preproc_blocks,5,6,6,text,,1,significativa no grau de intervenção na central:,48,1,67.0,506.0,254.0,515.0,187.0,9.0,1683.0
ggh9,GGH9.pdf,preproc_blocks,5,6,9,text,,0,O resultado obtido ao final da aplicação da estratégia de “Pit Stop” no caso de Río Piedras pode ser resumido no,112,1,67.0,678.0,531.0,686.0,464.0,8.0,3712.0
ggh9,GGH9.pdf,preproc_blocks,5,6,9,text,,1,"gráfico comparativo (2), representado pela Figura 6 da próxima página, permitindo uma visão clara dos ganhos e",110,1,67.0,688.0,531.0,697.0,464.0,9.0,4176.0
ggh9,GGH9.pdf,preproc_blocks,5,6,9,text,,2,benefícios obtidos.,19,1,67.0,699.0,141.0,706.0,74.0,7.0,518.0
ggh9,GGH9.pdf,preproc_blocks,6,7,4,text,,0,"Neste estudo de caso, confirmou-se a aplicação dos pilares principais do conceito de “Pit Stop”. É importante",109,1,66.0,301.0,531.0,312.0,465.0,11.0,5115.0
ggh9,GGH9.pdf,preproc_blocks,6,7,4,text,,1,"destacar o trabalho antecipado de avaliação da condição dos equipamentos e das instalações, que permitiram",106,1,67.0,313.0,531.0,322.0,464.0,9.0,4176.0
ggh9,GGH9.pdf,preproc_blocks,6,7,4,text,,2,"alcançar reduções tanto no tempo de parada como no escopo. Neste caso em especial, a redução em ambos os",104,1,67.0,323.0,531.0,333.0,464.0,10.0,4640.0
ggh9,GGH9.pdf,preproc_blocks,6,7,4,text,,3,"aspectos foi possível, tendo um resultado duplamente positivo, alcançando uma redução aproximada de 43% no",106,1,66.0,333.0,531.0,343.0,465.0,10.0,4650.0
ggh9,GGH9.pdf,preproc_blocks,6,7,4,text,,4,"impacto financeiro total da reforma. Normalmente, na maioria dos casos, o escopo de fornecimento é",98,1,66.0,344.0,531.0,353.0,465.0,9.0,4185.0
ggh9,GGH9.pdf,preproc_blocks,6,7,4,text,,5,"incrementado, mas os tempos de parada são reduzidos, resultando em uma redução geral no investimento. Se",104,1,66.0,354.0,531.0,364.0,465.0,10.0,4650.0
ggh9,GGH9.pdf,preproc_blocks,6,7,4,text,,6,"considerarmos a aplicação do conceito de “Pit Stop” em unidades geradores de maior potência, maior será o",105,1,66.0,364.0,531.0,374.0,465.0,10.0,4650.0
ggh9,GGH9.pdf,preproc_blocks,6,7,4,text,,7,"impacto positivo no resultado financeiro do projeto de reforma e/ou modernização, pois o nível de perda de",106,1,66.0,374.0,530.0,384.0,464.0,10.0,4640.0
ggh9,GGH9.pdf,preproc_blocks,6,7,4,text,,8,produção de energia por dia parado é mais elevado. Na próxima seção serão apresentados sucintamente outros,106,1,67.0,386.0,530.0,394.0,463.0,8.0,3704.0
ggh9,GGH9.pdf,preproc_blocks,6,7,4,text,,9,casos da aplicação da metodologia “Pit Stop” e os principais ganhos obtidos.,76,1,67.0,396.0,374.0,405.0,307.0,9.0,2763.0
ggh9,GGH9.pdf,preproc_blocks,6,7,5,title,2.0,0,5.0 - OUTROS CASOS DE APLICAÇÃO DO “PIT STOP”,45,1,75.0,418.0,306.0,429.0,231.0,11.0,2541.0
ggh9,GGH9.pdf,preproc_blocks,6,7,6,text,,0,"Conforme visto nas seções anteriores, a aplicação do conceito de “Pit Stop” é baseada em pilares principais, sendo",114,1,67.0,441.0,531.0,451.0,464.0,10.0,4640.0
ggh9,GGH9.pdf,preproc_blocks,6,7,6,text,,1,"que a aplicabilidade e os resultados dependerão do tipo de reforma e equipamento. Entretanto, o foco nas",104,1,66.0,452.0,531.0,462.0,465.0,10.0,4650.0
ggh9,GGH9.pdf,preproc_blocks,6,7,6,text,,2,"oportunidades de redução dos tempos de parada é o principal fator, o que ainda poderá levar a outras",100,1,68.0,463.0,531.0,471.0,463.0,8.0,3704.0
ggh9,GGH9.pdf,preproc_blocks,6,7,6,text,,3,"oportunidades de melhora da relação de investimento e retorno. Abaixo, na Tabela 2, são listados dois outros",108,1,66.0,473.0,531.0,483.0,465.0,10.0,4650.0
ggh9,GGH9.pdf,preproc_blocks,6,7,6,text,,4,casos de aplicação deste conceito em outras centrais hidrelétricas pelo mundo (1).,82,1,66.0,483.0,398.0,493.0,332.0,10.0,3320.0
ggh9,GGH9.pdf,preproc_blocks,7,8,2,title,2.0,0,6.0 - CONCLUSÃO,15,1,76.0,57.0,154.0,67.0,78.0,10.0,780.0
ggh9,GGH9.pdf,preproc_blocks,7,8,3,text,,0,O presente artigo abordou o conceito de “Pit Stop” e mostrou os principais pilares para aplicação do mesmo em,109,1,66.0,81.0,531.0,90.0,465.0,9.0,4185.0
ggh9,GGH9.pdf,preproc_blocks,7,8,3,text,,1,reformas ou modernizações de plantas hidrelétricas. Foram destacadas as principais atividades inerentes à,105,1,66.0,91.0,531.0,100.0,465.0,9.0,4185.0
ggh9,GGH9.pdf,preproc_blocks,7,8,3,text,,2,"estratégia do “Pit Stop”, de forma a garantir o sucesso de sua aplicação. Dentre eles está a importância da",107,1,66.0,101.0,531.0,110.0,465.0,9.0,4185.0
ggh9,GGH9.pdf,preproc_blocks,7,8,3,text,,3,"avaliação da condição dos equipamentos objeto da reforma ou modernização, o que permite concluir sobre o",104,1,66.0,113.0,531.0,122.0,465.0,9.0,4185.0
ggh9,GGH9.pdf,preproc_blocks,7,8,3,text,,4,escopo necessário para garantir uma solução efetiva. O presente artigo também reforçou a importância da,103,1,66.0,123.0,531.0,131.0,465.0,8.0,3720.0
ggh9,GGH9.pdf,preproc_blocks,7,8,3,text,,5,"avaliação das instalações da central, de forma a definir as melhores estratégias de reforma, fabricação, pré-",109,1,66.0,133.0,530.0,142.0,464.0,9.0,4176.0
ggh9,GGH9.pdf,preproc_blocks,7,8,3,text,,6,"montagens e montagens, a fim de se obter uma execução adequada e com prazos otimizados. Em resumo,",98,1,66.0,144.0,530.0,153.0,464.0,9.0,4176.0
ggh9,GGH9.pdf,preproc_blocks,7,8,3,text,,7,"reforçou a importância de um planejamento detalhado de projeto de execução que, através dos resultados positivos",112,1,67.0,155.0,530.0,162.0,463.0,7.0,3241.0
ggh9,GGH9.pdf,preproc_blocks,7,8,3,text,,8,"demonstrados, permite concluir sobre a importância da aplicação do conceito “Pit Stop” na otimização de reformas",112,1,66.0,164.0,531.0,173.0,465.0,9.0,4185.0
ggh9,GGH9.pdf,preproc_blocks,7,8,3,text,,9,"e modernizações, resultando em melhores práticas de atividades de fornecimento, transporte, montagem, EHS e",107,1,66.0,174.0,531.0,183.0,465.0,9.0,4185.0
ggh9,GGH9.pdf,preproc_blocks,7,8,3,text,,10,no melhor retorno ao investimento.,34,1,67.0,186.0,205.0,193.0,138.0,7.0,966.0
ggh9,GGH9.pdf,preproc_blocks,7,8,4,title,2.0,0,7.0 - REFERÊNCIAS BIBLIOGRÁFICAS,32,1,76.0,205.0,239.0,217.0,163.0,12.0,1956.0
ggh9,GGH9.pdf,preproc_blocks,7,8,5,text,,0,"(1) DELISLE, B., DUCHESNE, Y.M., ROY, S., CZERWINSKI, F. – Alstom Pit Stop Concept for Minimum",94,1,67.0,231.0,531.0,240.0,464.0,9.0,4176.0
ggh9,GGH9.pdf,preproc_blocks,7,8,5,text,,1,"Rehabilitation Outage, Hydro Vision International, Denver/CO, 2013.",67,1,66.0,241.0,340.0,250.0,274.0,9.0,2466.0
ggh9,GGH9.pdf,preproc_blocks,7,8,6,text,,0,"(2) COMISIÓN DE INTEGRACIÓN ENERGÉTICA REGIONAL, Precios Medios Nacionales de Eletricidad a Nivel de",100,1,67.0,261.0,531.0,271.0,464.0,10.0,4640.0
ggh9,GGH9.pdf,preproc_blocks,7,8,6,text,,1,Generacion y Transmisión de dezembro de 2012.,45,1,67.0,272.0,265.0,282.0,198.0,10.0,1980.0
ggh9,GGH9.pdf,preproc_blocks,7,8,7,title,2.0,0,8.0 - DADOS BIOGRÁFICOS,23,1,76.0,294.0,194.0,304.0,118.0,10.0,1180.0
ggh9,GGH9.pdf,preproc_blocks,7,8,9,text,,0,Cornelis J. V. D. Poel Filho nasceu em Campina Grande/PB em 1975. Graduou-se e,78,1,155.0,318.0,524.0,327.0,369.0,9.0,3321.0
ggh9,GGH9.pdf,preproc_blocks,7,8,9,text,,1,"realizou Mestrado em Engenharia Mecânica pela UFPB em 1998 e 2000, respectivamente.",83,1,155.0,329.0,523.0,338.0,368.0,9.0,3312.0
ggh9,GGH9.pdf,preproc_blocks,7,8,9,text,,2,"Em 2005, obteve o título de Doutor pela UNICAMP/Politecnico di Torino (Itália). Possui",86,1,155.0,339.0,523.0,348.0,368.0,9.0,3312.0
ggh9,GGH9.pdf,preproc_blocks,7,8,9,text,,3,"MBA em Gestão Empresarial pela FGV (2013). Ingressou na indústria em 2005, na divisão",85,1,155.0,349.0,523.0,359.0,368.0,10.0,3680.0
ggh9,GGH9.pdf,preproc_blocks,7,8,9,text,,4,"de motores e geradores elétricos de média e alta tensão da GE (General Eletric). Na GE,",87,1,155.0,360.0,523.0,370.0,368.0,10.0,3680.0
ggh9,GGH9.pdf,preproc_blocks,7,8,9,text,,5,"passou por várias posições, desde Engenheiro Mecânico calculista até Gerente da",79,1,154.0,370.0,523.0,380.0,369.0,10.0,3690.0
ggh9,GGH9.pdf,preproc_blocks,7,8,9,text,,6,Engenharia de Desenvolvimento de Novos Produtos. Desde 2012 está na Alstom,74,1,155.0,380.0,523.0,390.0,368.0,10.0,3680.0
ggh9,GGH9.pdf,preproc_blocks,7,8,9,text,,7,"Renewable Power. Atualmente, trabalha na divisão de serviços para usinas hidrelétricas,",87,1,155.0,391.0,523.0,401.0,368.0,10.0,3680.0
ggh9,GGH9.pdf,preproc_blocks,7,8,9,text,,8,onde acumula as funções de Gerente de Engenharia e Desenvolvimento de Portfolio.,80,1,154.0,401.0,497.0,411.0,343.0,10.0,3430.0
ggh9,GGH9.pdf,preproc_blocks,7,8,11,text,,0,Marcos V. D. Silva nasceu em Porto Alegre/RS em 1977. Graduou-se em Engenharia,78,1,154.0,422.0,524.0,432.0,370.0,10.0,3700.0
ggh9,GGH9.pdf,preproc_blocks,7,8,11,text,,1,"Elétrica pela UFRGS em 2001. Ingressou na indústria em 2001, na divisão de geradores",84,1,155.0,433.0,523.0,443.0,368.0,10.0,3680.0
ggh9,GGH9.pdf,preproc_blocks,7,8,11,text,,2,"elétricos de pequeno e médio porte da ALSTOM. Na ALSTOM, passou por várias posições,",84,1,155.0,443.0,523.0,453.0,368.0,10.0,3680.0
ggh9,GGH9.pdf,preproc_blocks,7,8,11,text,,3,"desde Engenheiro Eletricista calculista, Coordenador da Engenharia de projeto de",80,1,155.0,454.0,523.0,464.0,368.0,10.0,3680.0
ggh9,GGH9.pdf,preproc_blocks,7,8,11,text,,4,geradores e Coordenador Técnico de Integração de Plantas. Também atuou na GE,76,1,155.0,464.0,524.0,474.0,369.0,10.0,3690.0
ggh9,GGH9.pdf,preproc_blocks,7,8,11,text,,5,"(General Electric) na divisão Bently Nevada, na área de monitoramento de máquinas. Em",85,1,155.0,475.0,523.0,484.0,368.0,9.0,3312.0
ggh9,GGH9.pdf,preproc_blocks,7,8,11,text,,6,"2007 retornou para a Alstom Renewable Power. Atualmente, trabalha na divisão de",79,1,154.0,485.0,523.0,495.0,369.0,10.0,3690.0
ggh9,GGH9.pdf,preproc_blocks,7,8,11,text,,7,"serviços para usinas hidrelétricas, onde possui a função de Coordenador Técnico da",82,1,154.0,495.0,523.0,505.0,369.0,10.0,3690.0
ggh9,GGH9.pdf,preproc_blocks,7,8,11,text,,8,Engenharia de Geradores.,24,1,154.0,506.0,262.0,515.0,108.0,9.0,972.0
ggh9,GGH9.pdf,preproc_blocks,7,8,13,text,,0,Wilian C. D. Oliveira nasceu em Indiaporã/SP em 1978. Graduou-se em Engenharia Elétrica,87,1,155.0,527.0,525.0,537.0,370.0,10.0,3700.0
ggh9,GGH9.pdf,preproc_blocks,7,8,13,text,,1,"pela UNESP de Ilha Solteira em 2002. Em 2003 ingressou na WEG como trainee,",75,1,156.0,537.0,524.0,547.0,368.0,10.0,3680.0
ggh9,GGH9.pdf,preproc_blocks,7,8,13,text,,2,permanecendo por quatro anos como Analista de Projetos. Transferiu-se para ALSTOM em,84,1,155.0,548.0,525.0,558.0,370.0,10.0,3700.0
ggh9,GGH9.pdf,preproc_blocks,7,8,13,text,,3,"2007, trabalhando como Engenheiro de Propostas, dedicando-se ao cálculo de hidro",80,1,156.0,558.0,525.0,568.0,369.0,10.0,3690.0
ggh9,GGH9.pdf,preproc_blocks,7,8,13,text,,4,geradores; desde 2013 acumula a função de gestor de propostas técnicas para,75,1,156.0,569.0,525.0,578.0,369.0,9.0,3321.0
ggh9,GGH9.pdf,preproc_blocks,7,8,13,text,,5,"empreendimentos na América Latina, com gerenciamento do grupo de propostas dos",78,1,156.0,579.0,525.0,589.0,369.0,10.0,3690.0
ggh9,GGH9.pdf,preproc_blocks,7,8,13,text,,6,"diversos equipamentos, como hidromecânicos, turbinas, geradores, reguladores, dentre",84,1,156.0,590.0,525.0,599.0,369.0,9.0,3321.0
ggh9,GGH9.pdf,preproc_blocks,7,8,13,text,,7,outros. Concluiu o Mestrado Profissional em Máquinas Elétricas Girantes pela UFSC –,83,1,156.0,600.0,525.0,610.0,369.0,10.0,3690.0
ggh9,GGH9.pdf,preproc_blocks,7,8,13,text,,8,Florianópolis SC em 2008.,25,1,155.0,610.0,263.0,619.0,108.0,9.0,972.0
ggh9,GGH9.pdf,preproc_blocks,7,8,15,text,,0,Marco A. P. Santos nasceu em São José dos Campos/SP em 1982. Formado pelo SENAI,79,1,154.0,632.0,523.0,641.0,369.0,9.0,3321.0
ggh9,GGH9.pdf,preproc_blocks,7,8,15,text,,1,"em Usinagem, exerceu a função de mecânico de manutenção de Usinas, Subestações e",80,1,155.0,642.0,523.0,651.0,368.0,9.0,3312.0
ggh9,GGH9.pdf,preproc_blocks,7,8,15,text,,2,sistemas auxiliares durante 14 anos na CESP CIA Energética de São Paulo. Graduou-se,83,1,154.0,651.0,524.0,662.0,370.0,11.0,4070.0
ggh9,GGH9.pdf,preproc_blocks,7,8,15,text,,3,em Engenharia Mecânica pela UNITAU em 2010 e ingressou na Alstom Renewable em,77,1,155.0,662.0,524.0,673.0,369.0,11.0,4059.0
ggh9,GGH9.pdf,preproc_blocks,7,8,15,text,,4,"2011 na função de Supervisor de Montagem externa. Atualmente, trabalha na divisão de",84,1,155.0,673.0,523.0,682.0,368.0,9.0,3312.0
ggh9,GGH9.pdf,preproc_blocks,7,8,15,text,,5,serviços para usinas hidrelétricas na função de coordenador de montagem externa.,80,1,155.0,684.0,489.0,693.0,334.0,9.0,3006.0
ggh9,GGH9.pdf,para_blocks,0,1,4,text,,0,GRUPO - I,9,1,67.0,198.0,112.0,207.0,45.0,9.0,405.0
ggh9,GGH9.pdf,para_blocks,0,1,5,title,1.0,0,GRUPO DE ESTUDO DE GERAÇÃO HIDRÁULICA- GGH,42,1,182.0,207.0,418.0,219.0,236.0,12.0,2832.0
ggh9,GGH9.pdf,para_blocks,0,1,6,title,1.0,0,ESTRATÉGIAS “PIT STOP” PARA REDUZIR CUSTOS DE REFORMAS DE USINAS HIDRELÉTRICAS,78,1,88.0,239.0,511.0,250.0,423.0,11.0,4653.0
ggh9,GGH9.pdf,para_blocks,0,1,7,text,,0,Cornelis J. V. D. Poel Filho (*),32,1,118.0,276.0,245.0,286.0,127.0,10.0,1270.0
ggh9,GGH9.pdf,para_blocks,0,1,7,text,,1,ALSTOM ENERGIAS RENOVÁVEIS LTDA,31,1,93.0,285.0,270.0,296.0,177.0,11.0,1947.0
ggh9,GGH9.pdf,para_blocks,0,1,8,text,,0,Marco A. P. Santos,18,1,140.0,305.0,222.0,314.0,82.0,9.0,738.0
ggh9,GGH9.pdf,para_blocks,0,1,8,text,,1,ALSTOM ENERGIAS RENOVÁVEIS LTDA,31,1,93.0,314.0,270.0,323.0,177.0,9.0,1593.0
ggh9,GGH9.pdf,para_blocks,0,1,9,text,,0,Marcos V. D. Silva,18,1,378.0,276.0,457.0,285.0,79.0,9.0,711.0
ggh9,GGH9.pdf,para_blocks,0,1,9,text,,1,ALSTOM ENERGIAS RENOVÁVEIS LTDA,31,1,329.0,285.0,505.0,295.0,176.0,10.0,1760.0
ggh9,GGH9.pdf,para_blocks,0,1,10,text,,0,Wilian C. D. Oliveira,21,1,374.0,304.0,461.0,315.0,87.0,11.0,957.0
ggh9,GGH9.pdf,para_blocks,0,1,10,text,,1,ALSTOM ENERGIAS RENOVÁVEIS LTDA,31,1,330.0,313.0,505.0,324.0,175.0,11.0,1925.0
ggh9,GGH9.pdf,para_blocks,0,1,11,title,2.0,0,RESUMO,6,1,66.0,349.0,107.0,360.0,41.0,11.0,451.0
ggh9,GGH9.pdf,para_blocks,0,1,12,abstract,,0,"A manutenção contínua é essencial à disponibilidade das usinas para geração, porém, mesmo se realizada",102,1,67.0,370.0,531.0,379.0,464.0,9.0,4176.0
ggh9,GGH9.pdf,para_blocks,0,1,12,abstract,,1,"diligentemente, não evitará o envelhecimento das plantas. Para assegurar o desempenho no longo prazo, há a",106,1,67.0,381.0,531.0,389.0,464.0,8.0,3712.0
ggh9,GGH9.pdf,para_blocks,0,1,12,abstract,,2,"necessidade de uma reforma ou modernização. Essas intervenções requerem paradas de operação, significando",105,1,67.0,391.0,531.0,399.0,464.0,8.0,3712.0
ggh9,GGH9.pdf,para_blocks,0,1,12,abstract,,3,perdas de produção e receitas. Reduzir estas paradas significa melhorar a relação de custo-benefício do,103,1,67.0,401.0,531.0,410.0,464.0,9.0,4176.0
ggh9,GGH9.pdf,para_blocks,0,1,12,abstract,,4,investimento. O presente artigo abordará o conceito de pit-stop aplicado às reformas e modernizações. Será,106,1,66.0,411.0,531.0,421.0,465.0,10.0,4650.0
ggh9,GGH9.pdf,para_blocks,0,1,12,abstract,,5,apresentado um estudo de caso onde a estratégia de pit-stop possibilitou reduzir o tempo de parada em,101,1,67.0,422.0,531.0,430.0,464.0,8.0,3712.0
ggh9,GGH9.pdf,para_blocks,0,1,12,abstract,,6,aproximadamente 45% quando comparado a métodos tradicionais.,60,1,67.0,432.0,334.0,440.0,267.0,8.0,2136.0
ggh9,GGH9.pdf,para_blocks,0,1,13,title,2.0,0,PALAVRAS-CHAVE,14,1,67.0,464.0,149.0,473.0,82.0,9.0,738.0
ggh9,GGH9.pdf,para_blocks,0,1,14,text,,0,"Usinas hidrelétricas, serviços, reforma, modernização, “Pit Stop”",65,1,67.0,484.0,325.0,493.0,258.0,9.0,2322.0
ggh9,GGH9.pdf,para_blocks,0,1,15,title,2.0,0,1.0 - INTRODUÇÃO,16,1,77.0,506.0,158.0,516.0,81.0,10.0,810.0
ggh9,GGH9.pdf,para_blocks,0,1,16,text,,0,Usinas hidrelétricas precisam de uma manutenção contínua para assegurar elevados níveis de disponibilidade e,108,1,66.0,529.0,531.0,538.0,465.0,9.0,4185.0
ggh9,GGH9.pdf,para_blocks,0,1,16,text,,1,"geração de energia. Entretanto, mesmo os mais cuidadosos e diligentes programas de manutenção não evitarão o",108,1,66.0,540.0,531.0,549.0,465.0,9.0,4185.0
ggh9,GGH9.pdf,para_blocks,0,1,16,text,,2,"envelhecimento da usina e de seus equipamentos. Após anos de operação, não haverá manutenções nem",97,1,66.0,551.0,531.0,559.0,465.0,8.0,3720.0
ggh9,GGH9.pdf,para_blocks,0,1,16,text,,3,intervenções maiores de revisão capazes de manter o desempenho dos equipamentos igual ao original e nem em,106,1,66.0,561.0,531.0,570.0,465.0,9.0,4185.0
ggh9,GGH9.pdf,para_blocks,0,1,16,text,,4,níveis lucrativos. Este é o momento em que uma reforma mais ampla ou modernização será necessária.,98,1,67.0,572.0,530.0,579.0,463.0,7.0,3241.0
ggh9,GGH9.pdf,para_blocks,0,1,16,text,,5,"Modernizações têm a vantagem de proporcionar um ganho de desempenho ao equipamento, enquanto que uma",100,1,66.0,582.0,531.0,590.0,465.0,8.0,3720.0
ggh9,GGH9.pdf,para_blocks,0,1,16,text,,6,reforma tem o objetivo de recuperar o desempenho original. Modernizações são possíveis devido às evoluções,106,1,66.0,592.0,531.0,601.0,465.0,9.0,4185.0
ggh9,GGH9.pdf,para_blocks,0,1,16,text,,7,"tecnológicas que ocorrem com o passar do tempo e ao serem realizadas, utiliza-se o estado-da-arte do(s)",103,1,66.0,603.0,531.0,612.0,465.0,9.0,4185.0
ggh9,GGH9.pdf,para_blocks,0,1,16,text,,8,equipamento(s) envolvido(s) – ver Figura 1. Assumindo que a operação e manutenção de uma usina seguem boas,106,1,66.0,613.0,531.0,622.0,465.0,9.0,4185.0
ggh9,GGH9.pdf,para_blocks,0,1,16,text,,9,"práticas, o momento em que será necessária uma reforma ou modernização dependerá do equipamento",95,1,66.0,623.0,530.0,632.0,464.0,9.0,4176.0
ggh9,GGH9.pdf,para_blocks,0,1,16,text,,10,"específico. Por exemplo, sistemas eletrônicos e reguladores ficam obsoletos rapidamente e podem necessitar de",109,1,66.0,633.0,531.0,642.0,465.0,9.0,4185.0
ggh9,GGH9.pdf,para_blocks,0,1,16,text,,11,uma modernização em tempos tão breves como 5 (cinco) ou 10 (dez) anos. Quando se trata de turbinas ou,101,1,66.0,644.0,530.0,652.0,464.0,8.0,3712.0
ggh9,GGH9.pdf,para_blocks,0,1,16,text,,12,"geradores, este tempo pode ser entre 20 (vinte) e 30 (trinta) anos ou até mais. Em qualquer caso, há redução de",111,1,66.0,654.0,531.0,663.0,465.0,9.0,4185.0
ggh9,GGH9.pdf,para_blocks,0,1,16,text,,13,"desempenho operacional dos equipamentos, seja por sua vida útil, seja pela obsolescência tecnológica, o que em",110,1,66.0,665.0,531.0,673.0,465.0,8.0,3720.0
ggh9,GGH9.pdf,para_blocks,0,1,16,text,,14,"algum momento demandará uma ação de intervenção mais completa. Para o investidor, este é um momento crítico",107,1,66.0,675.0,531.0,684.0,465.0,9.0,4185.0
ggh9,GGH9.pdf,para_blocks,0,1,16,text,,15,porque uma reforma ou modernização é um serviço que requer investimentos significativos e sua execução,102,1,66.0,685.0,531.0,694.0,465.0,9.0,4185.0
ggh9,GGH9.pdf,para_blocks,0,1,16,text,,16,"tipicamente requer paradas de operação, significando perda de produção de energia e de receitas.",96,1,67.0,697.0,461.0,704.0,394.0,7.0,2758.0
ggh9,GGH9.pdf,para_blocks,1,2,4,text,,0,Este artigo abordará estratégias de intervenção para reformas ou modernizações cujo foco é a redução do tempo,109,1,66.0,289.0,531.0,300.0,465.0,11.0,5115.0
ggh9,GGH9.pdf,para_blocks,1,2,4,text,,1,"de parada da unidade geradora, as quais, inspiradas na prática de Fórmula 1, são denominadas de “Pit Stop”. Na",110,1,65.0,300.0,531.0,310.0,466.0,10.0,4660.0
ggh9,GGH9.pdf,para_blocks,1,2,4,text,,2,seção 2 será dada uma visão geral sobre os custos envolvidos na reforma de uma hidrelétrica. Os fundamentos da,110,1,67.0,311.0,531.0,320.0,464.0,9.0,4176.0
ggh9,GGH9.pdf,para_blocks,1,2,4,text,,3,"estratégia de “Pit Stop” serão apresentados na seção 3. Na seção 4, será detalhado um estudo de caso de “Pit",108,1,67.0,322.0,531.0,330.0,464.0,8.0,3712.0
ggh9,GGH9.pdf,para_blocks,1,2,4,text,,4,Stop” aplicado à reforma de um gerador de 13MVA na usina de Río Piedras na Colômbia. Outros resultados,102,1,67.0,332.0,531.0,340.0,464.0,8.0,3712.0
ggh9,GGH9.pdf,para_blocks,1,2,4,text,,5,"positivos obtidos em reformas com uso do “Pit Stop” serão apresentados na seção 5. Por fim, na seção 6 haverá a",111,1,66.0,343.0,531.0,351.0,465.0,8.0,3720.0
ggh9,GGH9.pdf,para_blocks,1,2,4,text,,6,conclusão deste artigo.,23,1,66.0,352.0,160.0,362.0,94.0,10.0,940.0
ggh9,GGH9.pdf,para_blocks,1,2,5,title,2.0,0,2.0 - CUSTO DE UMA REFORMA OU MODERNIZAÇÃO,42,1,75.0,385.0,306.0,397.0,231.0,12.0,2772.0
ggh9,GGH9.pdf,para_blocks,1,2,6,text,,0,"Assim como um novo projeto, uma reforma ou modernização é um investimento que deverá se justificar pelo",103,1,67.0,408.0,531.0,417.0,464.0,9.0,4176.0
ggh9,GGH9.pdf,para_blocks,1,2,6,text,,1,"adequado retorno do investimento. Conforme dito anteriormente, uma reforma ou modernização não é um serviço",107,1,67.0,419.0,531.0,428.0,464.0,9.0,4176.0
ggh9,GGH9.pdf,para_blocks,1,2,6,text,,2,"de baixo investimento, pois não está relacionado apenas aos novos itens a serem adquiridos ou serviços de",105,1,67.0,429.0,531.0,438.0,464.0,9.0,4176.0
ggh9,GGH9.pdf,para_blocks,1,2,6,text,,3,"recuperação, mas também à necessidade da retirada temporária do equipamento da operação, gerando",96,1,66.0,439.0,531.0,450.0,465.0,11.0,5115.0
ggh9,GGH9.pdf,para_blocks,1,2,6,text,,4,"indisponibilidade de geração e perda de receita. Desse modo, conforme indicado na Figura 2, o custo total de uma",112,1,67.0,450.0,531.0,459.0,464.0,9.0,4176.0
ggh9,GGH9.pdf,para_blocks,1,2,6,text,,5,reforma será a soma do preço do serviço mais a perda de receita.,64,1,67.0,461.0,330.0,470.0,263.0,9.0,2367.0
ggh9,GGH9.pdf,para_blocks,1,2,9,text,,0,"A perda de receita, devido ao tempo de máquina parada, tem um peso significante, se não o maior, no custo total",111,1,66.0,696.0,531.0,705.0,465.0,9.0,4185.0
ggh9,GGH9.pdf,para_blocks,1,2,9,text,,1,"para o investidor. A complexidade de intervenção é um fator agravante nestes casos. Por exemplo, turbinas de",108,1,65.0,706.0,531.0,715.0,466.0,9.0,4194.0
ggh9,GGH9.pdf,para_blocks,1,2,9,text,,2,pequeno e médio porte operando em águas com níveis extraordinários de sedimentos sofrem desgaste extremos,105,1,66.0,716.0,531.0,726.0,465.0,10.0,4650.0
ggh9,GGH9.pdf,para_blocks,1,2,9,text,,3,em todas as suas partes. A recuperação nesses casos pode levar mais de 30 (trinta) dias de solda e ajuste mais o,112,1,66.0,727.0,531.0,736.0,465.0,9.0,4185.0
ggh9,GGH9.pdf,para_blocks,1,2,9,text,,4,"tempo de desmontagem/montagem e transporte para uma fábrica, se necessário. Nessa situação, se 10 (dez) a 15",108,1,66.0,737.0,531.0,747.0,465.0,10.0,4650.0
ggh9,GGH9.pdf,para_blocks,1,2,9,text,,5,"(quinze) dias de perda de receitas equivalerem ao preço de uma nova roda de turbina, valerá mais a pena investir",112,1,67.0,57.0,531.0,66.0,464.0,9.0,4176.0
ggh9,GGH9.pdf,para_blocks,1,2,9,text,,6,na compra da nova roda e realizar uma parada rápida somente para troca da roda do que realizar o serviço de,107,1,67.0,69.0,531.0,76.0,464.0,7.0,3248.0
ggh9,GGH9.pdf,para_blocks,1,2,9,text,,7,menor preço de recuperação da turbina existente em campo. A situação pode ser bastante onerosa também no,104,1,66.0,78.0,531.0,87.0,465.0,9.0,4185.0
ggh9,GGH9.pdf,para_blocks,1,2,9,text,,8,"caso de turbinas de maior porte e/ou em localidades mais remotas, principalmente em unidades mais antigas, pois",111,1,66.0,88.0,531.0,97.0,465.0,9.0,4185.0
ggh9,GGH9.pdf,para_blocks,1,2,9,text,,9,os processos de desmontagem/montagem e transporte de todas as partes para uma fábrica podem levar a meses,105,1,66.0,99.0,531.0,108.0,465.0,9.0,4185.0
ggh9,GGH9.pdf,para_blocks,1,2,9,text,,10,de indisponibilidade de uma grande capacidade instalada de geração. Tudo se torna uma questão de análise,104,1,66.0,109.0,531.0,118.0,465.0,9.0,4185.0
ggh9,GGH9.pdf,para_blocks,1,2,9,text,,11,"completa do cenário de qualidade, custo e prazo. Desta forma, é importante buscar estratégias que minimizem as",110,1,66.0,119.0,531.0,129.0,465.0,10.0,4650.0
ggh9,GGH9.pdf,para_blocks,1,2,9,text,,12,"paradas, mesmo que o investimento no serviço em si possa ficar maior.",69,1,67.0,131.0,353.0,139.0,286.0,8.0,2288.0
ggh9,GGH9.pdf,para_blocks,2,3,3,text,,0,"Visando o melhor retorno do investimento, é imprescindível que se avalie todas as oportunidades relacionadas ao",111,1,67.0,150.0,531.0,159.0,464.0,9.0,4176.0
ggh9,GGH9.pdf,para_blocks,2,3,3,text,,1,"serviço a ser realizado, desde o escopo em si, ou seja, quais equipamentos precisam realmente ser reabilitados,",111,1,66.0,162.0,530.0,170.0,464.0,8.0,3712.0
ggh9,GGH9.pdf,para_blocks,2,3,3,text,,2,"até a melhor decisão entre reformar ou trocar por um novo, considerando toda uma preparação que gere o",102,1,67.0,172.0,531.0,180.0,464.0,8.0,3712.0
ggh9,GGH9.pdf,para_blocks,2,3,3,text,,3,planejamento da execução com o menor tempo de máquina parada na usina. Esta estratégia é relacionada ao “Pit,108,1,66.0,182.0,531.0,190.0,465.0,8.0,3720.0
ggh9,GGH9.pdf,para_blocks,2,3,3,text,,4,"Stop”, cujo conceito está na execução de uma tarefa com um minucioso nível de preparação e planejamento,",104,1,67.0,192.0,530.0,201.0,463.0,9.0,4167.0
ggh9,GGH9.pdf,para_blocks,2,3,3,text,,5,"agilidade, assertividade e rapidez, assim como se realiza na Fórmula 1, onde a redução de tempo é o principal",109,1,66.0,201.0,531.0,212.0,465.0,11.0,5115.0
ggh9,GGH9.pdf,para_blocks,2,3,3,text,,6,objetivo a ser perseguido por quem necessita chegar em primeiro lugar.,70,1,67.0,214.0,354.0,222.0,287.0,8.0,2296.0
ggh9,GGH9.pdf,para_blocks,2,3,4,title,2.0,0,3.0 - O CONCEITO DE “PIT STOP” APLICADO A REFORMAS,50,1,75.0,246.0,329.0,257.0,254.0,11.0,2794.0
ggh9,GGH9.pdf,para_blocks,2,3,5,text,,0,A Figura 3 apresenta um “Pit Stop” realizado na Fórmula 1. A análise de todos os detalhes da atividade é feita,110,1,67.0,269.0,531.0,277.0,464.0,8.0,3712.0
ggh9,GGH9.pdf,para_blocks,2,3,5,text,,1,"antecipadamente de forma impecável e todos os passos são planejados minuciosamente, incluindo a",95,1,67.0,280.0,531.0,289.0,464.0,9.0,4176.0
ggh9,GGH9.pdf,para_blocks,2,3,5,text,,2,disponibilidade dos instrumentos e cada movimento de cada membro da equipe. O resultado é a redução extrema,107,1,68.0,290.0,531.0,299.0,463.0,9.0,4167.0
ggh9,GGH9.pdf,para_blocks,2,3,5,text,,3,do tempo de parada do carro.,28,1,67.0,301.0,186.0,309.0,119.0,8.0,952.0
ggh9,GGH9.pdf,para_blocks,2,3,8,text,,0,"Baseando-se na Fórmula 1, por “Pit Stop” designamos as estratégias que focam na minimização do tempo de",103,1,66.0,554.0,531.0,563.0,465.0,9.0,4185.0
ggh9,GGH9.pdf,para_blocks,2,3,8,text,,1,"parada das máquinas através de uma antecipação/planejamento detalhado das atividades de campo, juntamente",105,1,66.0,565.0,531.0,574.0,465.0,9.0,4185.0
ggh9,GGH9.pdf,para_blocks,2,3,8,text,,2,"com uma análise profunda do escopo do serviço, incluindo o projeto e fabricação de novos equipamentos e/ou",106,1,66.0,575.0,531.0,584.0,465.0,9.0,4185.0
ggh9,GGH9.pdf,para_blocks,2,3,8,text,,3,"partes desses, de modo a se ter uma intervenção de campo relativamente rápida, do tipo “plug-and-play”. “Pit",108,1,66.0,585.0,531.0,594.0,465.0,9.0,4185.0
ggh9,GGH9.pdf,para_blocks,2,3,8,text,,4,Stop’s” têm a vantagem adicional de possibilitar a realização de uma modernização ao invés de simplesmente uma,110,1,67.0,596.0,531.0,605.0,464.0,9.0,4176.0
ggh9,GGH9.pdf,para_blocks,2,3,8,text,,5,"reforma, o que possibilita tornar a análise estratégica do investimento ainda mais ampla para elevar o patamar de",113,1,66.0,606.0,531.0,615.0,465.0,9.0,4185.0
ggh9,GGH9.pdf,para_blocks,2,3,8,text,,6,"desempenho tanto de um equipamento de geração de energia, como de toda a planta de geração.",91,1,66.0,617.0,460.0,626.0,394.0,9.0,3546.0
ggh9,GGH9.pdf,para_blocks,2,3,8,text,,7,"Nesta seção, serão abordados pilares principais para a metodologia de “Pit Stop”, que são:",90,1,66.0,627.0,431.0,636.0,365.0,9.0,3285.0
ggh9,GGH9.pdf,para_blocks,2,3,9,text,,0,"a. Avaliação e diagnóstico da condição dos equipamentos da planta, para definição precisa do escopo da",102,1,77.0,648.0,531.0,657.0,454.0,9.0,4086.0
ggh9,GGH9.pdf,para_blocks,2,3,9,text,,1,"reforma, incluindo decisões entre reabilitações ou trocas por novos, e ações posteriores;",89,1,85.0,659.0,439.0,668.0,354.0,9.0,3186.0
ggh9,GGH9.pdf,para_blocks,2,3,10,text,,0,"b. Avaliações da planta in loco com equipes especializadas, para definição da execução das futuras atividades de",112,1,76.0,679.0,531.0,688.0,455.0,9.0,4095.0
ggh9,GGH9.pdf,para_blocks,2,3,10,text,,1,campo buscando a minimização do tempo de parada;,48,1,86.0,690.0,299.0,698.0,213.0,8.0,1704.0
ggh9,GGH9.pdf,para_blocks,2,3,11,text,,0,c. Planejamento antecipado e detalhado das todas as atividades do projeto;,74,1,76.0,710.0,378.0,719.0,302.0,9.0,2718.0
ggh9,GGH9.pdf,para_blocks,2,3,12,text,,0,"d. Trabalho de equipe eficaz, com profissionais experientes e envolvimento do prestador do serviço e do pessoal",111,1,76.0,730.0,531.0,739.0,455.0,9.0,4095.0
ggh9,GGH9.pdf,para_blocks,2,3,12,text,,1,de operação e manutenção da planta;,35,1,86.0,742.0,237.0,750.0,151.0,8.0,1208.0
ggh9,GGH9.pdf,para_blocks,3,4,2,text,,0,e. Ganhos de produtividade e retorno do investimento como foco principal do trabalho.,85,1,76.0,68.0,420.0,77.0,344.0,9.0,3096.0
ggh9,GGH9.pdf,para_blocks,3,4,3,text,,0,"Dentre os passos de desenvolvimento da metodologia, o primeiro a ser dado para garantir o sucesso da sua",104,1,66.0,87.0,531.0,98.0,465.0,11.0,5115.0
ggh9,GGH9.pdf,para_blocks,3,4,3,text,,1,execução está relacionado ao levantamento de informações iniciais sobre o escopo de atividades a serem,102,1,67.0,99.0,531.0,108.0,464.0,9.0,4176.0
ggh9,GGH9.pdf,para_blocks,3,4,3,text,,2,"realizadas. Neste caso, avaliar detalhadamente a condição de cada componente objeto da reforma é de suma",104,1,66.0,109.0,531.0,118.0,465.0,9.0,4185.0
ggh9,GGH9.pdf,para_blocks,3,4,3,text,,3,"importância no estabelecimento das estratégias adequadas. Também, através de uma análise adequada de riscos",107,1,66.0,120.0,531.0,128.0,465.0,8.0,3720.0
ggh9,GGH9.pdf,para_blocks,3,4,3,text,,4,"e oportunidades, pode-se optar até mesmo pela modernização completa do componente. Lembrando que a",98,1,66.0,130.0,532.0,139.0,466.0,9.0,4194.0
ggh9,GGH9.pdf,para_blocks,3,4,3,text,,5,avaliação terá um diagnóstico adequado se executado por equipe treinada e experiente.,85,1,67.0,140.0,420.0,149.0,353.0,9.0,3177.0
ggh9,GGH9.pdf,para_blocks,3,4,4,text,,0,"A escolha do método de avaliação da condição e diagnóstico adequado, dependendo do componente, poderá",101,1,66.0,161.0,531.0,170.0,465.0,9.0,4185.0
ggh9,GGH9.pdf,para_blocks,3,4,4,text,,1,"evitar inclusive paradas de máquinas. Por exemplo, níveis de vibração e temperatura de uma unidade geradora já",110,1,67.0,171.0,531.0,180.0,464.0,9.0,4176.0
ggh9,GGH9.pdf,para_blocks,3,4,4,text,,2,podem indicar uma série de maus funcionamentos e modos de falha relacionados a certos componentes. Com os,105,1,66.0,182.0,531.0,191.0,465.0,9.0,4185.0
ggh9,GGH9.pdf,para_blocks,3,4,4,text,,3,"dados adequados e a informação processada corretamente, será possível determinar quais peças necessitam",103,1,66.0,192.0,531.0,201.0,465.0,9.0,4185.0
ggh9,GGH9.pdf,para_blocks,3,4,4,text,,4,"substituição e podem ser adquiridas sem mesmo efetuar a parada da unidade, possibilitando correto planejamento",110,1,67.0,203.0,530.0,210.0,463.0,7.0,3241.0
ggh9,GGH9.pdf,para_blocks,3,4,4,text,,5,de parada e intervenção somente para substituição.,50,1,66.0,213.0,274.0,222.0,208.0,9.0,1872.0
ggh9,GGH9.pdf,para_blocks,3,4,5,text,,0,Outro ponto que a avaliação da condição possibilita é a definição pela real necessidade de intervenção em,105,1,67.0,233.0,531.0,243.0,464.0,10.0,4640.0
ggh9,GGH9.pdf,para_blocks,3,4,5,text,,1,"determinado componente ou não. Em alguns casos, conclui-se pela não intervenção em componentes que, por",103,1,66.0,243.0,531.0,253.0,465.0,10.0,4650.0
ggh9,GGH9.pdf,para_blocks,3,4,5,text,,2,"uma prática preventiva, sempre se substituem. Isto já permite a otimização dos ciclos de intervenção e custos.",110,1,67.0,255.0,507.0,263.0,440.0,8.0,3520.0
ggh9,GGH9.pdf,para_blocks,3,4,6,text,,0,"Em outros tipos de reformas, onde técnicas preditivas não garantem um resultado adequado de avaliação da",104,1,66.0,275.0,531.0,284.0,465.0,9.0,4185.0
ggh9,GGH9.pdf,para_blocks,3,4,6,text,,1,"condição, realiza-se a inspeção direta do componente e a análise da sua condição. Com isto pode-se definir o que",112,1,66.0,285.0,531.0,294.0,465.0,9.0,4185.0
ggh9,GGH9.pdf,para_blocks,3,4,6,text,,2,"é necessário fazer para se garantir a recuperação do mesmo, ou sua modernização. Dentro desta análise, deve-se",110,1,66.0,295.0,531.0,305.0,465.0,10.0,4650.0
ggh9,GGH9.pdf,para_blocks,3,4,6,text,,3,definir se cada componente: ou será substituído (conforme projeto original ou modernizado); ou enviado para uma,111,1,66.0,306.0,531.0,315.0,465.0,9.0,4185.0
ggh9,GGH9.pdf,para_blocks,3,4,6,text,,4,"fábrica para reparo, ou reparado em campo. Ou seja, a avaliação adequada da condição permitirá o",96,1,66.0,317.0,531.0,325.0,465.0,8.0,3720.0
ggh9,GGH9.pdf,para_blocks,3,4,6,text,,5,desdobramento estratégico da aplicação da metodologia de um “Pit Stop” mais eficaz em uma reforma ou,100,1,66.0,326.0,531.0,336.0,465.0,10.0,4650.0
ggh9,GGH9.pdf,para_blocks,3,4,6,text,,6,modernização.,13,1,66.0,336.0,127.0,347.0,61.0,11.0,671.0
ggh9,GGH9.pdf,para_blocks,3,4,7,text,,0,"Todas as avaliações da condição dos equipamentos são inicialmente realizadas in-loco. Entretanto, as avaliações",111,1,67.0,358.0,531.0,366.0,464.0,8.0,3712.0
ggh9,GGH9.pdf,para_blocks,3,4,7,text,,1,não devem levar em conta apenas equipamentos objeto da reforma. Considerando que o “Pit Stop” compreende,104,1,66.0,368.0,531.0,377.0,465.0,9.0,4185.0
ggh9,GGH9.pdf,para_blocks,3,4,7,text,,2,"todo o ciclo de desmontagem e posterior montagem dos componentes, uma avaliação criteriosa das instalações e",108,1,66.0,379.0,531.0,387.0,465.0,8.0,3720.0
ggh9,GGH9.pdf,para_blocks,3,4,7,text,,3,recursos disponíveis é necessária a fim de possibilitar a elaboração de um plano detalhado de atividades de,107,1,66.0,389.0,531.0,397.0,465.0,8.0,3720.0
ggh9,GGH9.pdf,para_blocks,3,4,7,text,,4,"campo. Este plano deve considerar dispositivos necessários, métodos de movimentação de peças de forma",101,1,66.0,398.0,531.0,408.0,465.0,10.0,4650.0
ggh9,GGH9.pdf,para_blocks,3,4,7,text,,5,"adequada, sincronizada e, sobretudo, segura. Isto evitará problemas durante estas atividades e permitirá otimizar o",115,1,67.0,410.0,531.0,419.0,464.0,9.0,4176.0
ggh9,GGH9.pdf,para_blocks,3,4,7,text,,6,"planejamento de execução, não só das atividades de campo, mas de todo o projeto.",80,1,66.0,420.0,403.0,429.0,337.0,9.0,3033.0
ggh9,GGH9.pdf,para_blocks,3,4,8,text,,0,Com a aplicação da estratégia de “Pit Stop” conforme conceitos e passos explicados nesta seção obtêm-se,103,1,67.0,440.0,531.0,449.0,464.0,9.0,4176.0
ggh9,GGH9.pdf,para_blocks,3,4,8,text,,1,"resultados de acordo com o gráfico na Figura 4. O investimento no serviço em si tipicamente aumenta, no entanto,",112,1,66.0,451.0,531.0,460.0,465.0,9.0,4185.0
ggh9,GGH9.pdf,para_blocks,3,4,8,text,,2,"devido à parada mais curta, o resultado final é uma reforma de custo menor, com maior retorno do investimento.",110,1,66.0,461.0,529.0,470.0,463.0,9.0,4167.0
ggh9,GGH9.pdf,para_blocks,3,4,8,text,,3,"Naturalmente, fatores como capacidade da unidade geradora, legislação reguladora do sistema energético do país",110,1,65.0,470.0,531.0,481.0,466.0,11.0,5126.0
ggh9,GGH9.pdf,para_blocks,3,4,8,text,,4,"onde a planta está instalada, entre outros, podem afetar as relações expostas na Figura 4 e devem ser",101,1,67.0,483.0,531.0,490.0,464.0,7.0,3248.0
ggh9,GGH9.pdf,para_blocks,3,4,8,text,,5,consideradas no cálculo do retorno do investimento.,51,1,68.0,493.0,275.0,500.0,207.0,7.0,1449.0
ggh9,GGH9.pdf,para_blocks,4,5,2,title,2.0,0,4.0 - ESTUDO DE CASO: CENTRAL RÍO PIEDRAS - COLÔMBIA,52,1,75.0,57.0,340.0,68.0,265.0,11.0,2915.0
ggh9,GGH9.pdf,para_blocks,4,5,3,text,,0,"Um estudo de caso real aplicado a um gerador na Colômbia será apresentado nesta seção. Neste, inicialmente, o",109,1,66.0,81.0,531.0,90.0,465.0,9.0,4185.0
ggh9,GGH9.pdf,para_blocks,4,5,3,text,,1,escopo de fornecimento era tal que 41 dias de serviços de campo com máquina parada eram necessários. Depois,107,1,67.0,92.0,530.0,100.0,463.0,8.0,3704.0
ggh9,GGH9.pdf,para_blocks,4,5,3,text,,2,"de uma análise detalhada que incluiu uma avaliação da condição do gerador existente, concluiu-se que seria",106,1,66.0,102.0,531.0,111.0,465.0,9.0,4185.0
ggh9,GGH9.pdf,para_blocks,4,5,3,text,,3,possível aperfeiçoar o escopo do serviço e sua execução de modo a reduzir as atividades de campo em,99,1,66.0,111.0,531.0,121.0,465.0,10.0,4650.0
ggh9,GGH9.pdf,para_blocks,4,5,3,text,,4,"aproximadamente 45%, de 41 para 23 dias. Foram definidas atividades de campo tipo “plug-and-play”, isto é, com",110,1,66.0,122.0,531.0,132.0,465.0,10.0,4650.0
ggh9,GGH9.pdf,para_blocks,4,5,3,text,,5,"transporte de partes prontas para montagem direta, sem gasto de tempo com recuperações de campo. Neste caso,",108,1,66.0,133.0,530.0,142.0,464.0,9.0,4176.0
ggh9,GGH9.pdf,para_blocks,4,5,3,text,,6,a avaliação da condição permitiu ainda identificar peças que não precisavam ser substituídas ou recuperadas para,112,1,66.0,142.0,530.0,152.0,464.0,10.0,4640.0
ggh9,GGH9.pdf,para_blocks,4,5,3,text,,7,se atender aos requisitos técnicos do serviço. Isso levou a uma modificação do escopo de fornecimento de,104,1,67.0,154.0,530.0,162.0,463.0,8.0,3704.0
ggh9,GGH9.pdf,para_blocks,4,5,3,text,,8,"equipamentos, alcançando o objetivo de reduzir o tempo de máquina parada e consequentes perdas de receitas,",107,1,66.0,164.0,530.0,173.0,464.0,9.0,4176.0
ggh9,GGH9.pdf,para_blocks,4,5,3,text,,9,"bem como, nesse caso, uma redução geral do custo do serviço.",60,1,66.0,174.0,322.0,184.0,256.0,10.0,2560.0
ggh9,GGH9.pdf,para_blocks,4,5,4,text,,0,A Central Río Piedras é uma usina hidrelétrica situada na Colômbia e compreende duas unidades geradoras de,106,1,67.0,195.0,531.0,204.0,464.0,9.0,4176.0
ggh9,GGH9.pdf,para_blocks,4,5,4,text,,1,"13MVA, sendo que apenas uma das unidades geradoras foi objeto do escopo da reforma. A unidade geradora,",103,1,67.0,205.0,531.0,215.0,464.0,10.0,4640.0
ggh9,GGH9.pdf,para_blocks,4,5,4,text,,2,"objeto da reforma sofrera um sinistro de queima do enrolamento estatórico, o que demandaria sua substituição.",109,1,67.0,215.0,530.0,225.0,463.0,10.0,4630.0
ggh9,GGH9.pdf,para_blocks,4,5,4,text,,3,"Neste processo, foram avaliadas três alternativas principais:",61,1,66.0,226.0,307.0,235.0,241.0,9.0,2169.0
ggh9,GGH9.pdf,para_blocks,4,5,5,text,,0,"a. Reforma do gerador original sinistrado em fábrica, considerando inicialmente o transporte do estator completo",112,1,76.0,246.0,531.0,256.0,455.0,10.0,4550.0
ggh9,GGH9.pdf,para_blocks,4,5,5,text,,1,"para a fábrica, reforma do núcleo e substituição do enrolamento e retorno dos mesmos à planta. Além disto,",106,1,85.0,258.0,530.0,266.0,445.0,8.0,3560.0
ggh9,GGH9.pdf,para_blocks,4,5,5,text,,2,"outros componentes também seriam substituídos, caso necessário;",63,1,86.0,268.0,355.0,276.0,269.0,8.0,2152.0
ggh9,GGH9.pdf,para_blocks,4,5,6,text,,0,"b. Fornecimento de 1 (um) gerador completo novo, incluindo estator, rotor, mancais, trocadores de calor e demais",112,1,75.0,288.0,531.0,298.0,456.0,10.0,4560.0
ggh9,GGH9.pdf,para_blocks,4,5,6,text,,1,"itens auxiliares relacionados, para substituição completa da unidade geradora sinistrada existente na obra.",107,1,85.0,299.0,530.0,307.0,445.0,8.0,3560.0
ggh9,GGH9.pdf,para_blocks,4,5,6,text,,2,Esta opção foi sugerida pelo proprietário da planta devido à logística e prazos de transporte da alternativa “a”;,113,1,85.0,309.0,524.0,318.0,439.0,9.0,3951.0
ggh9,GGH9.pdf,para_blocks,4,5,7,text,,0,"c. Alternativa otimizada de fornecimento, a ser detalhada após a avaliação da condição dos equipamentos da",106,1,76.0,330.0,531.0,339.0,455.0,9.0,4095.0
ggh9,GGH9.pdf,para_blocks,4,5,7,text,,1,"planta, seguindo a estratégia de “Pit Stop”.",44,1,85.0,340.0,256.0,349.0,171.0,9.0,1539.0
ggh9,GGH9.pdf,para_blocks,4,5,8,text,,0,"A alternativa “a” foi descartada imediatamente após uma análise dos tempos de transporte e prazos totais, sendo",111,1,67.0,361.0,531.0,370.0,464.0,9.0,4176.0
ggh9,GGH9.pdf,para_blocks,4,5,8,text,,1,"que a somatória de prazos de desmontagem, transporte, reforma em fábrica e remontagem resultaram em uma",103,1,67.0,371.0,531.0,380.0,464.0,9.0,4176.0
ggh9,GGH9.pdf,para_blocks,4,5,8,text,,2,indisponibilidade total elevada.,32,1,67.0,381.0,190.0,390.0,123.0,9.0,1107.0
ggh9,GGH9.pdf,para_blocks,4,5,9,text,,0,"A alternativa “b” foi sugerida pelo proprietário da planta para reduzir o tempo total de indisponibilidade, entretanto,",119,1,67.0,403.0,530.0,411.0,463.0,8.0,3704.0
ggh9,GGH9.pdf,para_blocks,4,5,9,text,,1,não levou em conta realizar uma avaliação detalhada da condição da máquina. Mesmo considerando uma troca ao,107,1,66.0,412.0,531.0,422.0,465.0,10.0,4650.0
ggh9,GGH9.pdf,para_blocks,4,5,9,text,,2,"estilo “Pit Stop”, esta alternativa não explorava todas as potencialidades de otimização relacionadas ao serviço,",113,1,66.0,422.0,531.0,432.0,465.0,10.0,4650.0
ggh9,GGH9.pdf,para_blocks,4,5,9,text,,3,"para obter-se a melhor relação de investimento e retorno possíveis. Entretanto, era uma alternativa mais factível se",116,1,66.0,433.0,531.0,442.0,465.0,9.0,4185.0
ggh9,GGH9.pdf,para_blocks,4,5,9,text,,4,comparada à opção “a”.,22,1,66.0,443.0,163.0,452.0,97.0,9.0,873.0
ggh9,GGH9.pdf,para_blocks,4,5,10,text,,0,"No caso da alternativa “c”, aplicou-se o conceito de “Pit Stop”, com seus pilares principais, conforme visto na seção",117,1,66.0,463.0,531.0,474.0,465.0,11.0,5115.0
ggh9,GGH9.pdf,para_blocks,4,5,10,text,,1,"3 do presente artigo. Ou seja, a partir desta alternativa iniciou-se um processo detalhado de avaliação da condição",115,1,66.0,475.0,531.0,484.0,465.0,9.0,4185.0
ggh9,GGH9.pdf,para_blocks,4,5,10,text,,2,"conduzido por especialistas, com o foco na redução dos prazos e do tempo de indisponibilidade de máquina.",105,1,67.0,484.0,502.0,494.0,435.0,10.0,4350.0
ggh9,GGH9.pdf,para_blocks,4,5,11,text,,0,"Na avaliação da condição realizada, os especialistas determinaram que a troca completa do gerador não era",105,1,66.0,505.0,531.0,514.0,465.0,9.0,4185.0
ggh9,GGH9.pdf,para_blocks,4,5,11,text,,1,"necessária, visto que parte de seus componentes estava em boas condições. Em uma primeira análise, confirmou-",109,1,66.0,516.0,531.0,525.0,465.0,9.0,4185.0
ggh9,GGH9.pdf,para_blocks,4,5,11,text,,2,"se que apenas o núcleo e o enrolamento necessitariam ser reformados, o que já coincidia com a alternativa “a”",109,1,66.0,526.0,531.0,535.0,465.0,9.0,4185.0
ggh9,GGH9.pdf,para_blocks,4,5,11,text,,3,informada anteriormente. Foi então que se realizou uma avaliação criteriosa da casa de força e das instalações,110,1,66.0,536.0,531.0,545.0,465.0,9.0,4185.0
ggh9,GGH9.pdf,para_blocks,4,5,11,text,,4,para identificar oportunidades de otimização das atividades durante as intervenções nestes componentes.,103,1,66.0,547.0,530.0,556.0,464.0,9.0,4176.0
ggh9,GGH9.pdf,para_blocks,4,5,11,text,,5,"Questões como: o que reparar em campo, o que reparar em fábrica, o que fornecer pré-montado desde fábrica,",106,1,65.0,556.0,531.0,567.0,466.0,11.0,5126.0
ggh9,GGH9.pdf,para_blocks,4,5,11,text,,6,"como transportar, como desmontar e como montar de forma mais adequada foram avaliadas visando identificar as",108,1,66.0,568.0,531.0,576.0,465.0,8.0,3720.0
ggh9,GGH9.pdf,para_blocks,4,5,11,text,,7,melhores práticas aplicáveis na execução deste fornecimento. A avaliação das instalações também buscou,102,1,66.0,578.0,531.0,587.0,465.0,9.0,4185.0
ggh9,GGH9.pdf,para_blocks,4,5,11,text,,8,"identificar os recursos disponíveis e facilidades da central, permitindo prever os recursos adicionais necessários às",117,1,66.0,587.0,531.0,598.0,465.0,11.0,5115.0
ggh9,GGH9.pdf,para_blocks,4,5,11,text,,9,"atividades. Também foi realizado o estudo das movimentações críticas em termos de espaço, tempo e sobretudo",107,1,66.0,599.0,531.0,608.0,465.0,9.0,4185.0
ggh9,GGH9.pdf,para_blocks,4,5,11,text,,10,"segurança, para determinar o plano mais adequado de desmontagens e montagens, o que permite o detalhamento",106,1,66.0,609.0,530.0,618.0,464.0,9.0,4176.0
ggh9,GGH9.pdf,para_blocks,4,5,11,text,,11,adequado do cronograma e a otimização nos prazos definidos.,59,1,67.0,620.0,318.0,627.0,251.0,7.0,1757.0
ggh9,GGH9.pdf,para_blocks,4,5,12,text,,0,"Neste estudo constatou-se que, apesar de apenas o núcleo e o enrolamento necessitarem reforma, sua simples",106,1,67.0,640.0,531.0,649.0,464.0,9.0,4176.0
ggh9,GGH9.pdf,para_blocks,4,5,12,text,,1,"substituição na carcaça existente acarretaria intervenções maiores, e, consequentemente, mais alocação de",105,1,67.0,650.0,531.0,659.0,464.0,9.0,4176.0
ggh9,GGH9.pdf,para_blocks,4,5,12,text,,2,"recursos e mais atividades de campo. Logo, concluiu-se que a melhor opção era o fornecimento de um estator",106,1,66.0,660.0,531.0,669.0,465.0,9.0,4185.0
ggh9,GGH9.pdf,para_blocks,4,5,12,text,,3,"completamente novo (incluindo núcleo, enrolamento e carcaça), que resultaria na aplicação de um aspecto",103,1,66.0,671.0,530.0,680.0,464.0,9.0,4176.0
ggh9,GGH9.pdf,para_blocks,4,5,12,text,,4,importante do método de “Pit Stop” que é a redução do tempo de parada através da utilização de componentes pré-,111,1,66.0,681.0,531.0,690.0,465.0,9.0,4185.0
ggh9,GGH9.pdf,para_blocks,4,5,12,text,,5,"montados em fábrica, possibilitando uma substituição ao estilo “plug-and-play”. O ganho significativo de tempo",110,1,66.0,692.0,531.0,701.0,465.0,9.0,4185.0
ggh9,GGH9.pdf,para_blocks,4,5,12,text,,6,"desta alternativa, se comparada à alternativa “b”, é que a substituição do estator completo - ao invés do gerador",113,1,67.0,702.0,531.0,711.0,464.0,9.0,4176.0
ggh9,GGH9.pdf,para_blocks,4,5,12,text,,7,"completo - eliminaria as atividades de ajustes de nivelamento dos mancais, realinhamento completo da unidade e",110,1,66.0,712.0,531.0,721.0,465.0,9.0,4185.0
ggh9,GGH9.pdf,para_blocks,4,5,12,text,,8,"novo balanceamento do rotor em campo, pois tais peças não sofreriam modificações devido às suas boas",100,1,66.0,723.0,530.0,732.0,464.0,9.0,4176.0
ggh9,GGH9.pdf,para_blocks,4,5,12,text,,9,"condições. Além disto, a previsão de escopo da alternativa “b” incluía também a substituição do sistema de",106,1,67.0,733.0,530.0,742.0,463.0,9.0,4167.0
ggh9,GGH9.pdf,para_blocks,4,5,12,text,,10,"excitação, que após avaliação e constatação de seu pleno funcionamento, não necessitou substituição, sendo que",110,1,67.0,744.0,531.0,753.0,464.0,9.0,4176.0
ggh9,GGH9.pdf,para_blocks,4,5,12,text,,11,"isto também resultou em ganhos nos tempos de montagem e comissionamento. Logo, obteve-se uma redução de",103,1,66.0,57.0,531.0,67.0,465.0,10.0,4650.0
ggh9,GGH9.pdf,para_blocks,4,5,12,text,,12,"18 (dezoito) dias no processo de montagem e comissionamento, o que representou em uma redução de 45% nos",104,1,68.0,68.0,531.0,76.0,463.0,8.0,3704.0
ggh9,GGH9.pdf,para_blocks,4,5,12,text,,13,tempos de indisponibilidade de máquina previstos durante os serviços da reforma. Tal representação pode ser vista,113,1,67.0,79.0,530.0,87.0,463.0,8.0,3704.0
ggh9,GGH9.pdf,para_blocks,4,5,12,text,,14,na figura 5 abaixo:,19,1,67.0,89.0,141.0,97.0,74.0,8.0,592.0
ggh9,GGH9.pdf,para_blocks,5,6,5,text,,0,"Entretanto, no caso de Río Piedras, não somente a redução dos tempos de parada foi alcançada. Através da",104,1,65.0,338.0,531.0,349.0,466.0,11.0,5126.0
ggh9,GGH9.pdf,para_blocks,5,6,5,text,,1,"aplicação do conceito do “Pit Stop”, e, com isso, uma avaliação da condição minuciosa dos equipamentos, o real",110,1,67.0,350.0,531.0,359.0,464.0,9.0,4176.0
ggh9,GGH9.pdf,para_blocks,5,6,5,text,,2,"problema associado à falha do gerador sinistrado foi identificado. Nesta avaliação da condição realizada na planta,",115,1,66.0,361.0,531.0,370.0,465.0,9.0,4185.0
ggh9,GGH9.pdf,para_blocks,5,6,5,text,,3,constatou-se que a unidade geradora que sofrera o sinistro de queima não possuía mais o seu enrolamento do,106,1,66.0,371.0,531.0,380.0,465.0,9.0,4185.0
ggh9,GGH9.pdf,para_blocks,5,6,5,text,,4,"estator original. O mesmo já havia sido substituído em outro fornecimento passado, em uma tentativa de correção",111,1,66.0,381.0,531.0,390.0,465.0,9.0,4185.0
ggh9,GGH9.pdf,para_blocks,5,6,5,text,,5,de um problema de sobreaquecimento. Constatou-se também que a unidade em operação possuía uma restrição,103,1,66.0,392.0,531.0,401.0,465.0,9.0,4185.0
ggh9,GGH9.pdf,para_blocks,5,6,5,text,,6,"de potência, pois operava com 90% de sua capacidade devido a um sobreaquecimento do enrolamento do estator.",107,1,66.0,402.0,531.0,411.0,465.0,9.0,4185.0
ggh9,GGH9.pdf,para_blocks,5,6,5,text,,7,"Com base nestas informações, foram realizados ensaios na unidade geradora que estava em operação a fim de se",108,1,66.0,412.0,531.0,421.0,465.0,9.0,4185.0
ggh9,GGH9.pdf,para_blocks,5,6,5,text,,8,verificar o comportamento térmico em diferentes cargas. Todas as variáveis relacionadas à carga e à ventilação,110,1,66.0,423.0,531.0,432.0,465.0,9.0,4185.0
ggh9,GGH9.pdf,para_blocks,5,6,5,text,,9,foram analisadas onde se concluiu que o problema de sobreaquecimento dava-se por uma deficiência no sistema,107,1,66.0,433.0,531.0,442.0,465.0,9.0,4185.0
ggh9,GGH9.pdf,para_blocks,5,6,5,text,,10,"de ventilação do projeto original. Uma vez que as causas do problema foram identificadas, foram determinadas as",111,1,66.0,444.0,531.0,453.0,465.0,9.0,4185.0
ggh9,GGH9.pdf,para_blocks,5,6,5,text,,11,"necessidades para a correção do mesmo, o que resultou na modernização do sistema de ventilação existente, visto",111,1,66.0,454.0,531.0,462.0,465.0,8.0,3720.0
ggh9,GGH9.pdf,para_blocks,5,6,5,text,,12,"que as ferramentas mais avançadas de cálculo foram utilizadas na determinação da solução final, o que possibilitou",114,1,66.0,464.0,531.0,473.0,465.0,9.0,4185.0
ggh9,GGH9.pdf,para_blocks,5,6,5,text,,13,o retorno das unidades geradoras à sua plena capacidade de geração em 100%.,75,1,66.0,475.0,390.0,483.0,324.0,8.0,2592.0
ggh9,GGH9.pdf,para_blocks,5,6,6,text,,0,"Desta forma, comparando-se o escopo da alternativa “b” e o escopo da alternativa “c”, se obteve uma redução",107,1,67.0,495.0,531.0,505.0,464.0,10.0,4640.0
ggh9,GGH9.pdf,para_blocks,5,6,6,text,,1,significativa no grau de intervenção na central:,48,1,67.0,506.0,254.0,515.0,187.0,9.0,1683.0
ggh9,GGH9.pdf,para_blocks,5,6,9,text,,0,O resultado obtido ao final da aplicação da estratégia de “Pit Stop” no caso de Río Piedras pode ser resumido no,112,1,67.0,678.0,531.0,686.0,464.0,8.0,3712.0
ggh9,GGH9.pdf,para_blocks,5,6,9,text,,1,"gráfico comparativo (2), representado pela Figura 6 da próxima página, permitindo uma visão clara dos ganhos e",110,1,67.0,688.0,531.0,697.0,464.0,9.0,4176.0
ggh9,GGH9.pdf,para_blocks,5,6,9,text,,2,benefícios obtidos.,19,1,67.0,699.0,141.0,706.0,74.0,7.0,518.0
ggh9,GGH9.pdf,para_blocks,6,7,4,text,,0,"Neste estudo de caso, confirmou-se a aplicação dos pilares principais do conceito de “Pit Stop”. É importante",109,1,66.0,301.0,531.0,312.0,465.0,11.0,5115.0
ggh9,GGH9.pdf,para_blocks,6,7,4,text,,1,"destacar o trabalho antecipado de avaliação da condição dos equipamentos e das instalações, que permitiram",106,1,67.0,313.0,531.0,322.0,464.0,9.0,4176.0
ggh9,GGH9.pdf,para_blocks,6,7,4,text,,2,"alcançar reduções tanto no tempo de parada como no escopo. Neste caso em especial, a redução em ambos os",104,1,67.0,323.0,531.0,333.0,464.0,10.0,4640.0
ggh9,GGH9.pdf,para_blocks,6,7,4,text,,3,"aspectos foi possível, tendo um resultado duplamente positivo, alcançando uma redução aproximada de 43% no",106,1,66.0,333.0,531.0,343.0,465.0,10.0,4650.0
ggh9,GGH9.pdf,para_blocks,6,7,4,text,,4,"impacto financeiro total da reforma. Normalmente, na maioria dos casos, o escopo de fornecimento é",98,1,66.0,344.0,531.0,353.0,465.0,9.0,4185.0
ggh9,GGH9.pdf,para_blocks,6,7,4,text,,5,"incrementado, mas os tempos de parada são reduzidos, resultando em uma redução geral no investimento. Se",104,1,66.0,354.0,531.0,364.0,465.0,10.0,4650.0
ggh9,GGH9.pdf,para_blocks,6,7,4,text,,6,"considerarmos a aplicação do conceito de “Pit Stop” em unidades geradores de maior potência, maior será o",105,1,66.0,364.0,531.0,374.0,465.0,10.0,4650.0
ggh9,GGH9.pdf,para_blocks,6,7,4,text,,7,"impacto positivo no resultado financeiro do projeto de reforma e/ou modernização, pois o nível de perda de",106,1,66.0,374.0,530.0,384.0,464.0,10.0,4640.0
ggh9,GGH9.pdf,para_blocks,6,7,4,text,,8,produção de energia por dia parado é mais elevado. Na próxima seção serão apresentados sucintamente outros,106,1,67.0,386.0,530.0,394.0,463.0,8.0,3704.0
ggh9,GGH9.pdf,para_blocks,6,7,4,text,,9,casos da aplicação da metodologia “Pit Stop” e os principais ganhos obtidos.,76,1,67.0,396.0,374.0,405.0,307.0,9.0,2763.0
ggh9,GGH9.pdf,para_blocks,6,7,5,title,2.0,0,5.0 - OUTROS CASOS DE APLICAÇÃO DO “PIT STOP”,45,1,75.0,418.0,306.0,429.0,231.0,11.0,2541.0
ggh9,GGH9.pdf,para_blocks,6,7,6,text,,0,"Conforme visto nas seções anteriores, a aplicação do conceito de “Pit Stop” é baseada em pilares principais, sendo",114,1,67.0,441.0,531.0,451.0,464.0,10.0,4640.0
ggh9,GGH9.pdf,para_blocks,6,7,6,text,,1,"que a aplicabilidade e os resultados dependerão do tipo de reforma e equipamento. Entretanto, o foco nas",104,1,66.0,452.0,531.0,462.0,465.0,10.0,4650.0
ggh9,GGH9.pdf,para_blocks,6,7,6,text,,2,"oportunidades de redução dos tempos de parada é o principal fator, o que ainda poderá levar a outras",100,1,68.0,463.0,531.0,471.0,463.0,8.0,3704.0
ggh9,GGH9.pdf,para_blocks,6,7,6,text,,3,"oportunidades de melhora da relação de investimento e retorno. Abaixo, na Tabela 2, são listados dois outros",108,1,66.0,473.0,531.0,483.0,465.0,10.0,4650.0
ggh9,GGH9.pdf,para_blocks,6,7,6,text,,4,casos de aplicação deste conceito em outras centrais hidrelétricas pelo mundo (1).,82,1,66.0,483.0,398.0,493.0,332.0,10.0,3320.0
ggh9,GGH9.pdf,para_blocks,7,8,2,title,2.0,0,6.0 - CONCLUSÃO,15,1,76.0,57.0,154.0,67.0,78.0,10.0,780.0
ggh9,GGH9.pdf,para_blocks,7,8,3,text,,0,O presente artigo abordou o conceito de “Pit Stop” e mostrou os principais pilares para aplicação do mesmo em,109,1,66.0,81.0,531.0,90.0,465.0,9.0,4185.0
ggh9,GGH9.pdf,para_blocks,7,8,3,text,,1,reformas ou modernizações de plantas hidrelétricas. Foram destacadas as principais atividades inerentes à,105,1,66.0,91.0,531.0,100.0,465.0,9.0,4185.0
ggh9,GGH9.pdf,para_blocks,7,8,3,text,,2,"estratégia do “Pit Stop”, de forma a garantir o sucesso de sua aplicação. Dentre eles está a importância da",107,1,66.0,101.0,531.0,110.0,465.0,9.0,4185.0
ggh9,GGH9.pdf,para_blocks,7,8,3,text,,3,"avaliação da condição dos equipamentos objeto da reforma ou modernização, o que permite concluir sobre o",104,1,66.0,113.0,531.0,122.0,465.0,9.0,4185.0
ggh9,GGH9.pdf,para_blocks,7,8,3,text,,4,escopo necessário para garantir uma solução efetiva. O presente artigo também reforçou a importância da,103,1,66.0,123.0,531.0,131.0,465.0,8.0,3720.0
ggh9,GGH9.pdf,para_blocks,7,8,3,text,,5,"avaliação das instalações da central, de forma a definir as melhores estratégias de reforma, fabricação, pré-",109,1,66.0,133.0,530.0,142.0,464.0,9.0,4176.0
ggh9,GGH9.pdf,para_blocks,7,8,3,text,,6,"montagens e montagens, a fim de se obter uma execução adequada e com prazos otimizados. Em resumo,",98,1,66.0,144.0,530.0,153.0,464.0,9.0,4176.0
ggh9,GGH9.pdf,para_blocks,7,8,3,text,,7,"reforçou a importância de um planejamento detalhado de projeto de execução que, através dos resultados positivos",112,1,67.0,155.0,530.0,162.0,463.0,7.0,3241.0
ggh9,GGH9.pdf,para_blocks,7,8,3,text,,8,"demonstrados, permite concluir sobre a importância da aplicação do conceito “Pit Stop” na otimização de reformas",112,1,66.0,164.0,531.0,173.0,465.0,9.0,4185.0
ggh9,GGH9.pdf,para_blocks,7,8,3,text,,9,"e modernizações, resultando em melhores práticas de atividades de fornecimento, transporte, montagem, EHS e",107,1,66.0,174.0,531.0,183.0,465.0,9.0,4185.0
ggh9,GGH9.pdf,para_blocks,7,8,3,text,,10,no melhor retorno ao investimento.,34,1,67.0,186.0,205.0,193.0,138.0,7.0,966.0
ggh9,GGH9.pdf,para_blocks,7,8,4,title,2.0,0,7.0 - REFERÊNCIAS BIBLIOGRÁFICAS,32,1,76.0,205.0,239.0,217.0,163.0,12.0,1956.0
ggh9,GGH9.pdf,para_blocks,7,8,5,text,,0,"(1) DELISLE, B., DUCHESNE, Y.M., ROY, S., CZERWINSKI, F. – Alstom Pit Stop Concept for Minimum",94,1,67.0,231.0,531.0,240.0,464.0,9.0,4176.0
ggh9,GGH9.pdf,para_blocks,7,8,5,text,,1,"Rehabilitation Outage, Hydro Vision International, Denver/CO, 2013.",67,1,66.0,241.0,340.0,250.0,274.0,9.0,2466.0
ggh9,GGH9.pdf,para_blocks,7,8,6,text,,0,"(2) COMISIÓN DE INTEGRACIÓN ENERGÉTICA REGIONAL, Precios Medios Nacionales de Eletricidad a Nivel de",100,1,67.0,261.0,531.0,271.0,464.0,10.0,4640.0
ggh9,GGH9.pdf,para_blocks,7,8,6,text,,1,Generacion y Transmisión de dezembro de 2012.,45,1,67.0,272.0,265.0,282.0,198.0,10.0,1980.0
ggh9,GGH9.pdf,para_blocks,7,8,7,title,2.0,0,8.0 - DADOS BIOGRÁFICOS,23,1,76.0,294.0,194.0,304.0,118.0,10.0,1180.0
ggh9,GGH9.pdf,para_blocks,7,8,9,text,,0,Cornelis J. V. D. Poel Filho nasceu em Campina Grande/PB em 1975. Graduou-se e,78,1,155.0,318.0,524.0,327.0,369.0,9.0,3321.0
ggh9,GGH9.pdf,para_blocks,7,8,9,text,,1,"realizou Mestrado em Engenharia Mecânica pela UFPB em 1998 e 2000, respectivamente.",83,1,155.0,329.0,523.0,338.0,368.0,9.0,3312.0
ggh9,GGH9.pdf,para_blocks,7,8,9,text,,2,"Em 2005, obteve o título de Doutor pela UNICAMP/Politecnico di Torino (Itália). Possui",86,1,155.0,339.0,523.0,348.0,368.0,9.0,3312.0
ggh9,GGH9.pdf,para_blocks,7,8,9,text,,3,"MBA em Gestão Empresarial pela FGV (2013). Ingressou na indústria em 2005, na divisão",85,1,155.0,349.0,523.0,359.0,368.0,10.0,3680.0
ggh9,GGH9.pdf,para_blocks,7,8,9,text,,4,"de motores e geradores elétricos de média e alta tensão da GE (General Eletric). Na GE,",87,1,155.0,360.0,523.0,370.0,368.0,10.0,3680.0
ggh9,GGH9.pdf,para_blocks,7,8,9,text,,5,"passou por várias posições, desde Engenheiro Mecânico calculista até Gerente da",79,1,154.0,370.0,523.0,380.0,369.0,10.0,3690.0
ggh9,GGH9.pdf,para_blocks,7,8,9,text,,6,Engenharia de Desenvolvimento de Novos Produtos. Desde 2012 está na Alstom,74,1,155.0,380.0,523.0,390.0,368.0,10.0,3680.0
ggh9,GGH9.pdf,para_blocks,7,8,9,text,,7,"Renewable Power. Atualmente, trabalha na divisão de serviços para usinas hidrelétricas,",87,1,155.0,391.0,523.0,401.0,368.0,10.0,3680.0
ggh9,GGH9.pdf,para_blocks,7,8,9,text,,8,onde acumula as funções de Gerente de Engenharia e Desenvolvimento de Portfolio.,80,1,154.0,401.0,497.0,411.0,343.0,10.0,3430.0
ggh9,GGH9.pdf,para_blocks,7,8,11,text,,0,Marcos V. D. Silva nasceu em Porto Alegre/RS em 1977. Graduou-se em Engenharia,78,1,154.0,422.0,524.0,432.0,370.0,10.0,3700.0
ggh9,GGH9.pdf,para_blocks,7,8,11,text,,1,"Elétrica pela UFRGS em 2001. Ingressou na indústria em 2001, na divisão de geradores",84,1,155.0,433.0,523.0,443.0,368.0,10.0,3680.0
ggh9,GGH9.pdf,para_blocks,7,8,11,text,,2,"elétricos de pequeno e médio porte da ALSTOM. Na ALSTOM, passou por várias posições,",84,1,155.0,443.0,523.0,453.0,368.0,10.0,3680.0
ggh9,GGH9.pdf,para_blocks,7,8,11,text,,3,"desde Engenheiro Eletricista calculista, Coordenador da Engenharia de projeto de",80,1,155.0,454.0,523.0,464.0,368.0,10.0,3680.0
ggh9,GGH9.pdf,para_blocks,7,8,11,text,,4,geradores e Coordenador Técnico de Integração de Plantas. Também atuou na GE,76,1,155.0,464.0,524.0,474.0,369.0,10.0,3690.0
ggh9,GGH9.pdf,para_blocks,7,8,11,text,,5,"(General Electric) na divisão Bently Nevada, na área de monitoramento de máquinas. Em",85,1,155.0,475.0,523.0,484.0,368.0,9.0,3312.0
ggh9,GGH9.pdf,para_blocks,7,8,11,text,,6,"2007 retornou para a Alstom Renewable Power. Atualmente, trabalha na divisão de",79,1,154.0,485.0,523.0,495.0,369.0,10.0,3690.0
ggh9,GGH9.pdf,para_blocks,7,8,11,text,,7,"serviços para usinas hidrelétricas, onde possui a função de Coordenador Técnico da",82,1,154.0,495.0,523.0,505.0,369.0,10.0,3690.0
ggh9,GGH9.pdf,para_blocks,7,8,11,text,,8,Engenharia de Geradores.,24,1,154.0,506.0,262.0,515.0,108.0,9.0,972.0
ggh9,GGH9.pdf,para_blocks,7,8,13,text,,0,Wilian C. D. Oliveira nasceu em Indiaporã/SP em 1978. Graduou-se em Engenharia Elétrica,87,1,155.0,527.0,525.0,537.0,370.0,10.0,3700.0
ggh9,GGH9.pdf,para_blocks,7,8,13,text,,1,"pela UNESP de Ilha Solteira em 2002. Em 2003 ingressou na WEG como trainee,",75,1,156.0,537.0,524.0,547.0,368.0,10.0,3680.0
ggh9,GGH9.pdf,para_blocks,7,8,13,text,,2,permanecendo por quatro anos como Analista de Projetos. Transferiu-se para ALSTOM em,84,1,155.0,548.0,525.0,558.0,370.0,10.0,3700.0
ggh9,GGH9.pdf,para_blocks,7,8,13,text,,3,"2007, trabalhando como Engenheiro de Propostas, dedicando-se ao cálculo de hidro",80,1,156.0,558.0,525.0,568.0,369.0,10.0,3690.0
ggh9,GGH9.pdf,para_blocks,7,8,13,text,,4,geradores; desde 2013 acumula a função de gestor de propostas técnicas para,75,1,156.0,569.0,525.0,578.0,369.0,9.0,3321.0
ggh9,GGH9.pdf,para_blocks,7,8,13,text,,5,"empreendimentos na América Latina, com gerenciamento do grupo de propostas dos",78,1,156.0,579.0,525.0,589.0,369.0,10.0,3690.0
ggh9,GGH9.pdf,para_blocks,7,8,13,text,,6,"diversos equipamentos, como hidromecânicos, turbinas, geradores, reguladores, dentre",84,1,156.0,590.0,525.0,599.0,369.0,9.0,3321.0
ggh9,GGH9.pdf,para_blocks,7,8,13,text,,7,outros. Concluiu o Mestrado Profissional em Máquinas Elétricas Girantes pela UFSC –,83,1,156.0,600.0,525.0,610.0,369.0,10.0,3690.0
ggh9,GGH9.pdf,para_blocks,7,8,13,text,,8,Florianópolis SC em 2008.,25,1,155.0,610.0,263.0,619.0,108.0,9.0,972.0
ggh9,GGH9.pdf,para_blocks,7,8,15,text,,0,Marco A. P. Santos nasceu em São José dos Campos/SP em 1982. Formado pelo SENAI,79,1,154.0,632.0,523.0,641.0,369.0,9.0,3321.0
ggh9,GGH9.pdf,para_blocks,7,8,15,text,,1,"em Usinagem, exerceu a função de mecânico de manutenção de Usinas, Subestações e",80,1,155.0,642.0,523.0,651.0,368.0,9.0,3312.0
ggh9,GGH9.pdf,para_blocks,7,8,15,text,,2,sistemas auxiliares durante 14 anos na CESP CIA Energética de São Paulo. Graduou-se,83,1,154.0,651.0,524.0,662.0,370.0,11.0,4070.0
ggh9,GGH9.pdf,para_blocks,7,8,15,text,,3,em Engenharia Mecânica pela UNITAU em 2010 e ingressou na Alstom Renewable em,77,1,155.0,662.0,524.0,673.0,369.0,11.0,4059.0
ggh9,GGH9.pdf,para_blocks,7,8,15,text,,4,"2011 na função de Supervisor de Montagem externa. Atualmente, trabalha na divisão de",84,1,155.0,673.0,523.0,682.0,368.0,9.0,3312.0
ggh9,GGH9.pdf,para_blocks,7,8,15,text,,5,serviços para usinas hidrelétricas na função de coordenador de montagem externa.,80,1,155.0,684.0,489.0,693.0,334.0,9.0,3006.0
ggh9,GGH9.pdf,discarded_blocks,0,1,1,header,,0,XXIIISNPTEE,11,1,96.0,91.0,192.0,113.0,96.0,22.0,2112.0
ggh9,GGH9.pdf,discarded_blocks,0,1,1,header,,1,Samirsáulo Nectonal de Produçião,32,1,133.0,113.0,191.0,118.0,58.0,5.0,290.0
ggh9,GGH9.pdf,discarded_blocks,0,1,1,header,,2,B Trananbsão de Enargla Bétrioa,31,1,133.0,117.0,191.0,122.0,58.0,5.0,290.0
ggh9,GGH9.pdf,discarded_blocks,0,1,1,header,,3,,0,1,152.0,130.0,173.0,135.0,21.0,5.0,105.0
ggh9,GGH9.pdf,discarded_blocks,0,1,1,header,,4,16 a 21 de cukbro de Z016 | Foedo lguepa | PR,45,1,132.0,161.0,191.0,166.0,59.0,5.0,295.0
ggh9,GGH9.pdf,discarded_blocks,0,1,2,header,,0,XXIII SNPTEE,12,1,205.0,108.0,265.0,118.0,60.0,10.0,600.0
ggh9,GGH9.pdf,discarded_blocks,0,1,2,header,,1,SEMINÁRIO NACIONAL,18,1,205.0,118.0,308.0,128.0,103.0,10.0,1030.0
ggh9,GGH9.pdf,discarded_blocks,0,1,2,header,,2,DE PRODUÇÃO E,13,1,205.0,128.0,283.0,138.0,78.0,10.0,780.0
ggh9,GGH9.pdf,discarded_blocks,0,1,2,header,,3,TRANSMISSÃO DE,14,1,204.0,137.0,289.0,150.0,85.0,13.0,1105.0
ggh9,GGH9.pdf,discarded_blocks,0,1,2,header,,4,ENERGIA ELÉTRICA,16,1,205.0,149.0,295.0,159.0,90.0,10.0,900.0
ggh9,GGH9.pdf,discarded_blocks,0,1,3,header,,0,FI/GGH/09,9,1,487.0,119.0,532.0,128.0,45.0,9.0,405.0
ggh9,GGH9.pdf,discarded_blocks,0,1,3,header,,1,18 a 21 de Outubro de 2015,26,1,420.0,130.0,532.0,139.0,112.0,9.0,1008.0
ggh9,GGH9.pdf,discarded_blocks,0,1,3,header,,2,Foz do Iguaçu - PR,18,1,453.0,140.0,533.0,150.0,80.0,10.0,800.0
ggh9,GGH9.pdf,discarded_blocks,0,1,17,footer,,0,"(*) Av. Charles Schneider, s/n˚ – CEP 12.040-001 Taubaté, SP, Brasil.",69,1,153.0,779.0,435.0,789.0,282.0,10.0,2820.0
ggh9,GGH9.pdf,discarded_blocks,0,1,17,footer,,1,Tel: (+55 12) 3608-3029 – Fax: (+55 12) 3608-3192 – Email: cornelis.poel@power.alstom.com,89,1,106.0,789.0,483.0,799.0,377.0,10.0,3770.0
ggh9,GGH9.pdf,discarded_blocks,1,2,1,page_number,,0,2,1,1,295.0,36.0,302.0,46.0,7.0,10.0,70.0
ggh9,GGH9.pdf,discarded_blocks,2,3,1,page_number,,0,3,1,1,295.0,36.0,302.0,46.0,7.0,10.0,70.0
ggh9,GGH9.pdf,discarded_blocks,3,4,1,page_number,,0,4,1,1,296.0,37.0,302.0,45.0,6.0,8.0,48.0
ggh9,GGH9.pdf,discarded_blocks,4,5,1,page_number,,0,5,1,1,295.0,36.0,302.0,45.0,7.0,9.0,63.0
ggh9,GGH9.pdf,discarded_blocks,5,6,1,page_number,,0,6,1,1,296.0,37.0,302.0,45.0,6.0,8.0,48.0
ggh9,GGH9.pdf,discarded_blocks,6,7,1,page_number,,0,7,1,1,295.0,36.0,302.0,46.0,7.0,10.0,70.0
ggh9,GGH9.pdf,discarded_blocks,7,8,1,page_number,,0,8,1,1,296.0,37.0,302.0,46.0,6.0,9.0,54.0
ggt_1247,GGT_1247.pdf,preproc_blocks,0,1,4,title,1.0,0,GRUPO DE ESTUDO DE GERAÇÃO TÉRMICA - GGT,40,1,183.0,128.0,406.0,139.0,223.0,11.0,2453.0
ggt_1247,GGT_1247.pdf,preproc_blocks,0,1,5,title,1.0,0,AVALIAÇÃO DA EFICIÊNCIA ENERGÉTICA DA ADIÇÃO DE HIDROGÊNIO À REDES DE GÁS NATURAL,81,1,75.0,158.0,514.0,170.0,439.0,12.0,5268.0
ggt_1247,GGT_1247.pdf,preproc_blocks,0,1,6,text,,0,JOÃO HENRIQUE PAULINO DE AZEVEDO (1); RODRIGO FLORA CALILI (1); SERGIO LEAL BRAGA (1),85,1,75.0,189.0,512.0,201.0,437.0,12.0,5244.0
ggt_1247,GGT_1247.pdf,preproc_blocks,0,1,6,text,,1,PONTIFÍCIA UNIVERSIDADE CATÓLICA DO RIO DE JANEIRO (1),54,1,154.0,199.0,433.0,211.0,279.0,12.0,3348.0
ggt_1247,GGT_1247.pdf,preproc_blocks,0,1,7,title,2.0,0,RESUMO,6,1,67.0,232.0,107.0,243.0,40.0,11.0,440.0
ggt_1247,GGT_1247.pdf,preproc_blocks,0,1,8,abstract,,0,A utilização do hidrogênio se mostra como alternativa para que as metas de descarbonização sejam atingidas. Há,110,1,67.0,253.0,531.0,262.0,464.0,9.0,4176.0
ggt_1247,GGT_1247.pdf,preproc_blocks,0,1,8,abstract,,1,"um aumento da eficiência energética do gás natural ao se misturar o hidrogênio a este gás. Neste trabalho, é",108,1,66.0,263.0,531.0,272.0,465.0,9.0,4185.0
ggt_1247,GGT_1247.pdf,preproc_blocks,0,1,8,abstract,,2,analisada a possibilidade de mistura de hidrogênio ao gás natural em redes de fornecimento já existentes. Uma,109,1,66.0,273.0,531.0,282.0,465.0,9.0,4185.0
ggt_1247,GGT_1247.pdf,preproc_blocks,0,1,8,abstract,,3,revisão da literatura é realizada para entender as questões técnicas e definir as concentrações aceitáveis de,109,1,66.0,284.0,531.0,293.0,465.0,9.0,4185.0
ggt_1247,GGT_1247.pdf,preproc_blocks,0,1,8,abstract,,4,"hidrogênio no gás natural. Por fim, é feita a projeção de emissões e custos evitados para se avaliar a eficiência",113,1,66.0,294.0,531.0,303.0,465.0,9.0,4185.0
ggt_1247,GGT_1247.pdf,preproc_blocks,0,1,8,abstract,,5,energética alcançável com a inserção do hidrogênio ao gás natural em redes no Brasil.,85,1,67.0,305.0,414.0,313.0,347.0,8.0,2776.0
ggt_1247,GGT_1247.pdf,preproc_blocks,0,1,9,text,,0,PALAVRAS-CHAVE,14,1,67.0,326.0,149.0,336.0,82.0,10.0,820.0
ggt_1247,GGT_1247.pdf,preproc_blocks,0,1,10,text,,0,Gás natural enriquecido com hidrogênio; hidrogênio; descarbonização; eficiência energética; combustão,101,1,67.0,345.0,443.0,356.0,376.0,11.0,4136.0
ggt_1247,GGT_1247.pdf,preproc_blocks,0,1,11,title,2.0,0,1.0 INTRODUÇÃO,14,1,67.0,376.0,146.0,388.0,79.0,12.0,948.0
ggt_1247,GGT_1247.pdf,preproc_blocks,0,1,12,text,,0,O hidrogênio oferece uma ótima oportunidade para descarbonizar os suprimentos de energia atuais. Mesmo,102,1,81.0,397.0,531.0,406.0,450.0,9.0,4050.0
ggt_1247,GGT_1247.pdf,preproc_blocks,0,1,12,text,,1,"sendo o elemento químico mais abundante na natureza, este deve ser produzido para ser considerado uma",101,1,67.0,407.0,531.0,416.0,464.0,9.0,4176.0
ggt_1247,GGT_1247.pdf,preproc_blocks,0,1,12,text,,2,"alternativa de uso final energético. Além disso, ele representa um verdadeiro transportador de energia livre de",111,1,67.0,417.0,531.0,426.0,464.0,9.0,4176.0
ggt_1247,GGT_1247.pdf,preproc_blocks,0,1,12,text,,3,"carbono. Todavia, as tecnologias para produzi-lo causam uma pegada de carbono diferente de zero. Acordos",104,1,68.0,428.0,531.0,435.0,463.0,7.0,3241.0
ggt_1247,GGT_1247.pdf,preproc_blocks,0,1,12,text,,4,mundiais impulsionaram os países a adotarem tecnologias de baixo carbono: o protocolo de Kyoto assinado em 1997,111,1,67.0,437.0,531.0,447.0,464.0,10.0,4640.0
ggt_1247,GGT_1247.pdf,preproc_blocks,0,1,12,text,,5,e aplicado em 2005 ao impor a todos os membros a reduzirem suas emissões de gases de efeito estufa; e o acordo,110,1,67.0,448.0,529.0,455.0,462.0,7.0,3234.0
ggt_1247,GGT_1247.pdf,preproc_blocks,0,1,12,text,,6,"COP21 em Paris de 2015, que definiu responsabilidades nas emissões para todos os países do globo.",97,1,67.0,457.0,478.0,466.0,411.0,9.0,3699.0
ggt_1247,GGT_1247.pdf,preproc_blocks,0,1,13,text,,0,"Em 2018 o fornecimento de eletricidade e energia térmica para edifícios, indústrias e transportes foi responsável",113,1,81.0,467.0,531.0,476.0,450.0,9.0,4050.0
ggt_1247,GGT_1247.pdf,preproc_blocks,0,1,13,text,,1,"por 56% das emissões globais, enquanto apenas o setor de geração respondia por 41% (IEA, 2020). Sabe-se que a",109,1,67.0,477.0,531.0,487.0,464.0,10.0,4640.0
ggt_1247,GGT_1247.pdf,preproc_blocks,0,1,13,text,,2,"produção de energia renovável é menos constante e previsível do que a fóssil, pois não são despacháveis. Uma",108,1,67.0,487.0,531.0,497.0,464.0,10.0,4640.0
ggt_1247,GGT_1247.pdf,preproc_blocks,0,1,13,text,,3,"matriz de energia elétrica limpa, implica desafios significativos na gestão da rede elétrica. Assim, há a necessidade",117,1,67.0,497.0,531.0,507.0,464.0,10.0,4640.0
ggt_1247,GGT_1247.pdf,preproc_blocks,0,1,13,text,,4,de novas tecnologias que permitam o armazenamento de energia e o balanceamento da rede. Uma tecnologia,102,1,67.0,507.0,531.0,516.0,464.0,9.0,4176.0
ggt_1247,GGT_1247.pdf,preproc_blocks,0,1,13,text,,5,"promissora é o power-to-gas (P2G), que permite transformar eletricidade em hidrogênio (H2) ou em outros",103,1,66.0,517.0,531.0,527.0,465.0,10.0,4650.0
ggt_1247,GGT_1247.pdf,preproc_blocks,0,1,13,text,,6,combustíveis.,13,1,68.0,528.0,123.0,536.0,55.0,8.0,440.0
ggt_1247,GGT_1247.pdf,preproc_blocks,0,1,14,text,,0,"O hidrogênio produzido pode ser injetado diretamente na rede de gás natural, ou usado para produzir metano por",110,1,81.0,536.0,531.0,546.0,450.0,10.0,4500.0
ggt_1247,GGT_1247.pdf,preproc_blocks,0,1,14,text,,1,meio do processo de metanação. Quando P2G utiliza eletrólise da água através da utilização de energia renovável,111,1,67.0,548.0,531.0,555.0,464.0,7.0,3248.0
ggt_1247,GGT_1247.pdf,preproc_blocks,0,1,14,text,,2,"(eólica, solar etc.), o combustível produzido é teoricamente zero de carbono e, neste caso, o hidrogênio é",106,1,68.0,558.0,531.0,565.0,463.0,7.0,3241.0
ggt_1247,GGT_1247.pdf,preproc_blocks,0,1,14,text,,3,"frequentemente referido como “hidrogênio verde” (DAWOOD, ANDA, et al., 2020). Outra via de descarbonização é",108,1,67.0,567.0,531.0,576.0,464.0,9.0,4176.0
ggt_1247,GGT_1247.pdf,preproc_blocks,0,1,14,text,,4,a transformação do gás natural por reforma a vapor do metano (SMR – Steam Methane Reforming) juntamente com,107,1,67.0,577.0,531.0,586.0,464.0,9.0,4176.0
ggt_1247,GGT_1247.pdf,preproc_blocks,0,1,14,text,,5,tecnologias de captura e sequestro de carbono (CCS – Carbon Capture and Storage). O hidrogênio produzido desta,110,1,66.0,586.0,531.0,597.0,465.0,11.0,5115.0
ggt_1247,GGT_1247.pdf,preproc_blocks,0,1,14,text,,6,"forma é geralmente referido como “hidrogênio azul” (DAWOOD, ANDA, et al., 2020). Qualquer que seja a via de",107,1,67.0,597.0,531.0,606.0,464.0,9.0,4176.0
ggt_1247,GGT_1247.pdf,preproc_blocks,0,1,14,text,,7,"descarbonização prevalecente, dependendo também da evolução dos aspectos tecnológicos e econômicos, o futuro",108,1,67.0,607.0,531.0,616.0,464.0,9.0,4176.0
ggt_1247,GGT_1247.pdf,preproc_blocks,0,1,14,text,,8,"do gás natural envolverá o uso de H2 e metano mistos, também relatado na literatura como Gás Natural Enriquecido",112,1,67.0,617.0,531.0,626.0,464.0,9.0,4176.0
ggt_1247,GGT_1247.pdf,preproc_blocks,0,1,14,text,,9,com Hidrogênio (HENG – Hydrogen Enriched Natural Gas).,54,1,67.0,627.0,305.0,636.0,238.0,9.0,2142.0
ggt_1247,GGT_1247.pdf,preproc_blocks,0,1,15,text,,0,O objetivo deste artigo é estimar as emissões de gases efeito estufa e os custos evitados com a inserção do,107,1,80.0,636.0,531.0,648.0,451.0,12.0,5412.0
ggt_1247,GGT_1247.pdf,preproc_blocks,0,1,15,text,,1,"hidrogênio no Brasil e, assim, avaliar a eficiência energética alcançável com a mistura do hidrogênio às redes de gás",117,1,66.0,647.0,531.0,657.0,465.0,10.0,4650.0
ggt_1247,GGT_1247.pdf,preproc_blocks,0,1,15,text,,2,natural do país.,16,1,68.0,658.0,129.0,666.0,61.0,8.0,488.0
ggt_1247,GGT_1247.pdf,preproc_blocks,0,1,16,title,2.0,0,2.0 REVISÃO BIBLIOGRÁFICA,25,1,67.0,677.0,197.0,687.0,130.0,10.0,1300.0
ggt_1247,GGT_1247.pdf,preproc_blocks,0,1,17,text,,0,"A distribuição de misturas de hidrogênio e metano por gasoduto tem uma longa história, que remonta às origens do",112,1,66.0,698.0,531.0,708.0,465.0,10.0,4650.0
ggt_1247,GGT_1247.pdf,preproc_blocks,0,1,17,text,,1,"sistema de gás natural de hoje, quando o gás manufaturado (gás de síntese) produzido a partir do carvão foi",107,1,67.0,709.0,531.0,717.0,464.0,8.0,3712.0
ggt_1247,GGT_1247.pdf,preproc_blocks,0,1,17,text,,2,"canalizado pela primeira vez durante a era Gaslight para postes de luz, edifícios comerciais, e famílias no início e",116,1,67.0,719.0,531.0,727.0,464.0,8.0,3712.0
ggt_1247,GGT_1247.pdf,preproc_blocks,0,1,17,text,,3,"meados de 1800 (TOMORY, 2009). Os produtos de gás manufaturados da época, também conhecidos como gás de",103,1,66.0,727.0,531.0,738.0,465.0,11.0,5115.0
ggt_1247,GGT_1247.pdf,preproc_blocks,1,2,2,text,,0,"cidade ou gás de água, normalmente continham 30% a 50% de hidrogênio, que podiam ser produzidos a partir de",107,1,68.0,86.0,531.0,96.0,463.0,10.0,4630.0
ggt_1247,GGT_1247.pdf,preproc_blocks,1,2,2,text,,1,"piche, óleo de baleia, carvão ou produtos petrolíferos (MELAINA, ANTONIA, et al., 2013).",88,1,67.0,96.0,425.0,106.0,358.0,10.0,3580.0
ggt_1247,GGT_1247.pdf,preproc_blocks,1,2,3,text,,0,"Em 1984, no estudo realizado por Kaske et al. (1985), foi analisada uma rede de distribuição de hidrogênio de alta",114,1,67.0,106.0,531.0,115.0,464.0,9.0,4176.0
ggt_1247,GGT_1247.pdf,preproc_blocks,1,2,3,text,,1,"pureza com mais de 550 km de extensão de duas grandes empresas, Chemische Hiils of F.R.G. and L’Air Liquide of",110,1,66.0,117.0,531.0,126.0,465.0,9.0,4185.0
ggt_1247,GGT_1247.pdf,preproc_blocks,1,2,3,text,,2,"France, que na época já operavam. Oney et al. (1994) realizaram uma avaliação técnica e econômica do transporte",111,1,67.0,127.0,531.0,136.0,464.0,9.0,4176.0
ggt_1247,GGT_1247.pdf,preproc_blocks,1,2,3,text,,3,"duto viário de hidrogênio, gás natural e suas misturas, concluindo que para uma dada distância de transmissão de",112,1,67.0,137.0,531.0,145.0,464.0,8.0,3712.0
ggt_1247,GGT_1247.pdf,preproc_blocks,1,2,3,text,,4,"500 km e uma taxa de entrega de energia de 1,0 GW, o hidrogênio pode ser transportado a um custo",96,1,67.0,146.0,531.0,155.0,464.0,9.0,4176.0
ggt_1247,GGT_1247.pdf,preproc_blocks,1,2,3,text,,5,"aproximadamente igual ao de gás natural, se sua pressão de produção for aumentada da atmosférica para um nível",110,1,67.0,157.0,531.0,166.0,464.0,9.0,4176.0
ggt_1247,GGT_1247.pdf,preproc_blocks,1,2,3,text,,6,"de 0,65 MPa. Isso sugere que as preocupações até agora expressas sobre a viabilidade econômica da transmissão",109,1,67.0,167.0,531.0,176.0,464.0,9.0,4176.0
ggt_1247,GGT_1247.pdf,preproc_blocks,1,2,3,text,,7,de longa distância de hidrogênio e misturas de gás natural de hidrogênio podem ter sido exageradas.,99,1,67.0,177.0,472.0,185.0,405.0,8.0,3240.0
ggt_1247,GGT_1247.pdf,preproc_blocks,1,2,4,text,,0,"A possibilidade do hidrogênio ser transportado nas mesmas redes que o gás natural, também foi estudado por Pottier",114,1,66.0,186.0,532.0,196.0,466.0,10.0,4660.0
ggt_1247,GGT_1247.pdf,preproc_blocks,1,2,4,text,,1,"em 1995, pontuando que é uma alternativa real para o período de transição entre o gás natural e o hidrogênio",108,1,68.0,197.0,531.0,205.0,463.0,8.0,3704.0
ggt_1247,GGT_1247.pdf,preproc_blocks,1,2,4,text,,2,"(POTTIER, 1995). O autor sugere que em uma primeira etapa, o hidrogênio pode ser misturado em baixas",100,1,68.0,207.0,531.0,216.0,463.0,9.0,4167.0
ggt_1247,GGT_1247.pdf,preproc_blocks,1,2,4,text,,3,"concentrações (máximo de 10%) com o gás natural, sem qualquer perturbação perceptível nas utilizações usuais.",109,1,67.0,216.0,523.0,226.0,456.0,10.0,4560.0
ggt_1247,GGT_1247.pdf,preproc_blocks,1,2,5,text,,0,"Em 2003, a Agência Internacional de Energia (IEA, International Energy Agency em inglês) concluiu em seu relatório",114,1,67.0,226.0,530.0,235.0,463.0,9.0,4167.0
ggt_1247,GGT_1247.pdf,preproc_blocks,1,2,5,text,,1,"“A Redução de emissões de �� adicionando hidrogênio ao gás natural” que, pequenas quantidades de hidrogênio",107,1,67.0,237.0,531.0,245.0,464.0,8.0,3712.0
ggt_1247,GGT_1247.pdf,preproc_blocks,1,2,5,text,,2,"poderiam ser adicionadas à rede de gás natural quase sem custo, embora existissem, a época, várias barreiras",108,1,67.0,247.0,531.0,256.0,464.0,9.0,4176.0
ggt_1247,GGT_1247.pdf,preproc_blocks,1,2,5,text,,3,"técnicas e organizacionais que teriam que ser superadas. Isso poderia fornecer uma saída pequena, mas significativa",115,1,67.0,257.0,531.0,266.0,464.0,9.0,4176.0
ggt_1247,GGT_1247.pdf,preproc_blocks,1,2,5,text,,4,"para o hidrogênio gerado a partir de recursos renováveis excedentes (IEA, 2003). As implicações da mistura de",109,1,66.0,267.0,531.0,275.0,465.0,8.0,3720.0
ggt_1247,GGT_1247.pdf,preproc_blocks,1,2,5,text,,5,hidrogênio e GN variam com a concentração de hidrogênio. Após estudo realizado pela NREL (National Energy,105,1,66.0,275.0,531.0,286.0,465.0,11.0,5115.0
ggt_1247,GGT_1247.pdf,preproc_blocks,1,2,5,text,,6,"Laboratories), é relatado que concentrações relativamente baixas de hidrogênio, 5% a 15% por volume, parecem ser",112,1,67.0,286.0,531.0,295.0,464.0,9.0,4176.0
ggt_1247,GGT_1247.pdf,preproc_blocks,1,2,5,text,,7,"viáveis com poucas modificações nos sistemas de dutos existentes ou aparelhos de uso final (MELAINA, ANTONIA,",109,1,67.0,297.0,530.0,306.0,463.0,9.0,4167.0
ggt_1247,GGT_1247.pdf,preproc_blocks,1,2,5,text,,8,"et al., 2013). No entanto, esta avaliação de viabilidade irá variar de local para local. Concentrações mais altas",113,1,67.0,307.0,531.0,315.0,464.0,8.0,3712.0
ggt_1247,GGT_1247.pdf,preproc_blocks,1,2,5,text,,9,introduzem desafios adicionais e modificações necessárias. Ao investigar se o sistema de GN pode ajudar a permitir,114,1,67.0,317.0,531.0,326.0,464.0,9.0,4176.0
ggt_1247,GGT_1247.pdf,preproc_blocks,1,2,5,text,,10,"uma transição para o uso de hidrogênio no transporte por um longo prazo, Ogden et al. (2018) concluíram que o",109,1,67.0,327.0,531.0,335.0,464.0,8.0,3712.0
ggt_1247,GGT_1247.pdf,preproc_blocks,1,2,5,text,,11,transporte de misturas de H2 / GN na rede de gasoduto de GN parece tecnicamente possível em frações de 5–15%,108,1,66.0,336.0,531.0,345.0,465.0,9.0,4185.0
ggt_1247,GGT_1247.pdf,preproc_blocks,1,2,5,text,,12,de hidrogênio por volume.,25,1,67.0,347.0,171.0,356.0,104.0,9.0,936.0
ggt_1247,GGT_1247.pdf,preproc_blocks,1,2,6,text,,0,"As análises e modelagem conduzidas por Schiro et al. (2019), sugerem que um enriquecimento moderado de",102,1,66.0,355.0,531.0,366.0,465.0,11.0,5115.0
ggt_1247,GGT_1247.pdf,preproc_blocks,1,2,6,text,,1,"hidrogênio do gás natural, até cerca de 20%, pode ser sustentado pelas caldeiras e aquecedores atuais sem",105,1,67.0,367.0,531.0,375.0,464.0,8.0,3712.0
ggt_1247,GGT_1247.pdf,preproc_blocks,1,2,6,text,,2,"necessidade de um redesenho. Foi demonstrado por Jones et al. (2018) que, embora o enriquecimento com",101,1,66.0,376.0,531.0,386.0,465.0,10.0,4650.0
ggt_1247,GGT_1247.pdf,preproc_blocks,1,2,6,text,,3,"hidrogênio atue para diminuir o valor calorífico do gás natural, ele também aumenta a estabilidade de um queimador,",115,1,67.0,387.0,530.0,395.0,463.0,8.0,3704.0
ggt_1247,GGT_1247.pdf,preproc_blocks,1,2,6,text,,4,suprimindo a possibilidade de a chama apagar por blow-off (apagar por velocidade muito alta) e evita a formação de,114,1,66.0,396.0,531.0,406.0,465.0,10.0,4650.0
ggt_1247,GGT_1247.pdf,preproc_blocks,1,2,6,text,,5,"chamas amarelas, reduzindo as necessidades de oxigênio. Argumenta-se ainda que para aberturas com menos de",106,1,67.0,407.0,531.0,415.0,464.0,8.0,3712.0
ggt_1247,GGT_1247.pdf,preproc_blocks,1,2,6,text,,6,"3,5 mm de diâmetro, o HENG (acrônimo que é normalmente referido na literatura significando Hydrogen Enriched",108,1,67.0,416.0,531.0,425.0,464.0,9.0,4176.0
ggt_1247,GGT_1247.pdf,preproc_blocks,1,2,6,text,,7,Natural Gas) contendo até 50% molar de hidrogênio pode ser inflamado com segurança sem risco de flashback,105,1,67.0,427.0,531.0,435.0,464.0,8.0,3712.0
ggt_1247,GGT_1247.pdf,preproc_blocks,1,2,6,text,,8,"(apagar por velocidade muito baixa). (JONES, AL-MASRY, et al., 2018)",68,1,67.0,436.0,354.0,446.0,287.0,10.0,2870.0
ggt_1247,GGT_1247.pdf,preproc_blocks,1,2,7,text,,0,"Nas últimas duas décadas, diversos estudos na Europa foram e estão sendo importantes para o conhecimento das",108,1,66.0,445.0,531.0,456.0,465.0,11.0,5115.0
ggt_1247,GGT_1247.pdf,preproc_blocks,1,2,7,text,,1,tolerâncias da porcentagem de hidrogênio na rede de gás natural. A Quadro 1 resume estes estudos.,97,1,68.0,457.0,473.0,466.0,405.0,9.0,3645.0
ggt_1247,GGT_1247.pdf,preproc_blocks,2,3,3,title,2.0,0,3.0 ANÁLISE DE CONSUMO DE GÁS NATURAL NO BRASIL,47,1,66.0,126.0,320.0,138.0,254.0,12.0,3048.0
ggt_1247,GGT_1247.pdf,preproc_blocks,2,3,4,text,,0,"De acordo com o Balanço Energético Nacional 2020, o setor industrial é o maior consumidor de gás natural no",107,1,82.0,149.0,530.0,157.0,448.0,8.0,3584.0
ggt_1247,GGT_1247.pdf,preproc_blocks,2,3,4,text,,1,"Brasil, correspondendo a 47,5%, seguidos do setor energético com 37,8% e do setor de transportes com 11,5%.",107,1,68.0,158.0,516.0,167.0,448.0,9.0,4032.0
ggt_1247,GGT_1247.pdf,preproc_blocks,2,3,5,text,,0,"O setor residencial corresponde a apenas 2,3% da demanda de todo gás consumido no Brasil (EPE, 2020) e seu",106,1,80.0,167.0,531.0,177.0,451.0,10.0,4510.0
ggt_1247,GGT_1247.pdf,preproc_blocks,2,3,5,text,,1,"uso se dá basicamente para aquecimento de água e fogão e aquecimento de ambiente na região Sul. No entanto,",107,1,67.0,178.0,529.0,187.0,462.0,9.0,4158.0
ggt_1247,GGT_1247.pdf,preproc_blocks,2,3,5,text,,2,"grande parte do gás consumo é o GLP (Gás Liquefeito de Petróleo) ou gás de botijão, representando cerca de 96%",110,1,66.0,188.0,531.0,198.0,465.0,10.0,4650.0
ggt_1247,GGT_1247.pdf,preproc_blocks,2,3,5,text,,3,"em volume de todo gás consumido (EPE, 2020). Esta diferença se confere pelo fato da rede de distribuição de gás",111,1,67.0,199.0,530.0,207.0,463.0,8.0,3704.0
ggt_1247,GGT_1247.pdf,preproc_blocks,2,3,5,text,,4,natural ainda não estar atendendo grande parte da população e também pelo GLP oferecer preços mais competitivos,111,1,67.0,209.0,531.0,217.0,464.0,8.0,3712.0
ggt_1247,GGT_1247.pdf,preproc_blocks,2,3,5,text,,5,e atrativos para o consumo residencial.,39,1,67.0,219.0,225.0,227.0,158.0,8.0,1264.0
ggt_1247,GGT_1247.pdf,preproc_blocks,2,3,6,text,,0,"Além disso, o setor comercial representa apenas 0,68% do consumo de gás natural no Brasil. Este número é",104,1,81.0,228.0,532.0,237.0,451.0,9.0,4059.0
ggt_1247,GGT_1247.pdf,preproc_blocks,2,3,6,text,,1,"corroborado por uma pesquisa realizada com 10.216 empresas do setor comercial e de serviços no Brasil, conclui-",111,1,68.0,239.0,531.0,247.0,463.0,8.0,3704.0
ggt_1247,GGT_1247.pdf,preproc_blocks,2,3,6,text,,2,"se que gás natural é um insumo utilizado por parcela pouco significativa do setor de comércio e serviços, em que",112,1,66.0,248.0,531.0,258.0,465.0,10.0,4650.0
ggt_1247,GGT_1247.pdf,preproc_blocks,2,3,6,text,,3,"apenas 0,66% dos entrevistados informaram utilizar o energético (EPE, 2015).",76,1,66.0,258.0,381.0,268.0,315.0,10.0,3150.0
ggt_1247,GGT_1247.pdf,preproc_blocks,2,3,7,text,,0,"O setor energético é o segundo setor com o maior de consumo de gás natural no Brasil (EPE, 2020). A",99,1,81.0,268.0,531.0,277.0,450.0,9.0,4050.0
ggt_1247,GGT_1247.pdf,preproc_blocks,2,3,7,text,,1,participação do gás natural na geração de energia elétrica vem crescendo e tende a crescer mais com a intenção do,113,1,67.0,279.0,531.0,288.0,464.0,9.0,4176.0
ggt_1247,GGT_1247.pdf,preproc_blocks,2,3,7,text,,2,"governo brasileiro de substituir as termelétricas a óleo por gás natural. No Plano Decenal de Energia 2029, o gás",113,1,67.0,289.0,531.0,298.0,464.0,9.0,4176.0
ggt_1247,GGT_1247.pdf,preproc_blocks,2,3,7,text,,3,"natural se apresenta como principal combustível para expansão de geração termelétrica (MME/EPE, 2020). Em 2020,",111,1,68.0,299.0,529.0,307.0,461.0,8.0,3688.0
ggt_1247,GGT_1247.pdf,preproc_blocks,2,3,7,text,,4,"foi inaugurada a maior termelétrica a gás natural da América Latina em Sergipe. Com potência de 1,5GW, a",104,1,66.0,308.0,531.0,318.0,465.0,10.0,4650.0
ggt_1247,GGT_1247.pdf,preproc_blocks,2,3,7,text,,5,"Termelétrica Porto de Sergipe poderá atender a 15% da demanda de energia elétrica da região Nordeste. (GOV.BR,",110,1,68.0,319.0,529.0,327.0,461.0,8.0,3688.0
ggt_1247,GGT_1247.pdf,preproc_blocks,2,3,7,text,,6,2020),5,1,66.0,328.0,92.0,338.0,26.0,10.0,260.0
ggt_1247,GGT_1247.pdf,preproc_blocks,2,3,8,text,,0,"Esta decisão estratégica não é apenas uma questão ambiental pelo fato de o gás natural emitir menos GEE, mas",108,1,82.0,338.0,531.0,347.0,449.0,9.0,4041.0
ggt_1247,GGT_1247.pdf,preproc_blocks,2,3,8,text,,1,"também por uma questão econômica, por diminuir os custos com combustível. A utilização de turbinas a gás para",109,1,66.0,347.0,532.0,358.0,466.0,11.0,5126.0
ggt_1247,GGT_1247.pdf,preproc_blocks,2,3,8,text,,2,geração de eletricidade é uma tendência global e utilização de hidrogênio na mistura não é novidade. O gás de,109,1,67.0,358.0,531.0,367.0,464.0,9.0,4176.0
ggt_1247,GGT_1247.pdf,preproc_blocks,2,3,8,text,,3,"síntese tem um alto teor de hidrogênio e já é utilizado há décadas para geração de energia. Além disso, grandes",111,1,66.0,367.0,531.0,378.0,465.0,11.0,5115.0
ggt_1247,GGT_1247.pdf,preproc_blocks,2,3,8,text,,4,"fabricantes como GE, Siemens e Mitsubishi já estão pensando no futuro e lançando no mercado tecnologias que",107,1,66.0,377.0,531.0,388.0,465.0,11.0,5115.0
ggt_1247,GGT_1247.pdf,preproc_blocks,2,3,8,text,,5,"trabalham com até 100% de hidrogênio (GOLDMEER, 2018). Taamallah et al. (2015) pontua que todas as turbinas",107,1,67.0,388.0,531.0,397.0,464.0,9.0,4176.0
ggt_1247,GGT_1247.pdf,preproc_blocks,2,3,8,text,,6,"a gás podem aceitar quantidades consideráveis de hidrogênio na mistura com gás natural, realizando pequenas",107,1,67.0,398.0,531.0,407.0,464.0,9.0,4176.0
ggt_1247,GGT_1247.pdf,preproc_blocks,2,3,8,text,,7,"modificações no sistema de combustão. Em uma publicação da fabricante de turbina a gás Mitsubishi Power, é",106,1,67.0,408.0,530.0,416.0,463.0,8.0,3704.0
ggt_1247,GGT_1247.pdf,preproc_blocks,2,3,8,text,,8,"relatado que as turbinas existentes hoje aceitam até 20% de hidrogênio sem problemas (MITSUBISHI POWER,",103,1,67.0,418.0,530.0,427.0,463.0,9.0,4167.0
ggt_1247,GGT_1247.pdf,preproc_blocks,2,3,8,text,,9,"2020). De acordo com a GE, a nova geração da turbina 7HA, a mesma que foi instalada na Termelétrica Porto de",108,1,67.0,428.0,531.0,437.0,464.0,9.0,4176.0
ggt_1247,GGT_1247.pdf,preproc_blocks,2,3,8,text,,10,"Sergipe, tem capacidade para aceitar níveis de até 50% de hidrogênio em volume (GE, 2020).",90,1,67.0,438.0,444.0,447.0,377.0,9.0,3393.0
ggt_1247,GGT_1247.pdf,preproc_blocks,2,3,9,text,,0,"Em 2018, a EPE realizou uma pesquisa envolvendo 1.167 plantas industriais em 595 municípios brasileiros com",107,1,80.0,447.0,531.0,457.0,451.0,10.0,4510.0
ggt_1247,GGT_1247.pdf,preproc_blocks,2,3,9,text,,1,o objetivo de realizar uma análise da eficiência energética no setor industrial do Brasil. No documento gerado é,112,1,67.0,458.0,531.0,466.0,464.0,8.0,3712.0
ggt_1247,GGT_1247.pdf,preproc_blocks,2,3,9,text,,2,"possível identificar em que etapa da produção, qual tipo de equipamento e processo o gás natural é utilizado para",113,1,67.0,469.0,531.0,477.0,464.0,8.0,3712.0
ggt_1247,GGT_1247.pdf,preproc_blocks,2,3,9,text,,3,"cada setor industrial (EPE, 2018b). Foi constatado, que o uso do gás natural no setor industrial como fonte de energia,",119,1,66.0,477.0,530.0,488.0,464.0,11.0,5104.0
ggt_1247,GGT_1247.pdf,preproc_blocks,2,3,9,text,,4,"é em sua maioria para calor de processo ou aquecimento direto, e em alguns casos isolados para força motriz e",109,1,67.0,488.0,531.0,497.0,464.0,9.0,4176.0
ggt_1247,GGT_1247.pdf,preproc_blocks,2,3,9,text,,5,refrigeração. Abaixo a definição destes termos de acordo com a EPE (2018b):,75,1,66.0,498.0,380.0,508.0,314.0,10.0,3140.0
ggt_1247,GGT_1247.pdf,preproc_blocks,2,3,10,text,,0,"Força motriz (FM): energia usada em motores estacionários ou de veículos de transporte, individual ou",101,1,101.0,509.0,531.0,519.0,430.0,10.0,4300.0
ggt_1247,GGT_1247.pdf,preproc_blocks,2,3,10,text,,1,"coletivo, de carga, tratores etc.;",34,1,103.0,522.0,229.0,531.0,126.0,9.0,1134.0
ggt_1247,GGT_1247.pdf,preproc_blocks,2,3,11,text,,0, Calor de Processo (CP): Energia usada em caldeiras e aquecedores de água e fluidos térmicos;,94,1,85.0,533.0,488.0,543.0,403.0,10.0,4030.0
ggt_1247,GGT_1247.pdf,preproc_blocks,2,3,12,text,,0,"Aquecimento Direto (AD): Energia usada em fornos, fornalhas, radiação, aquecimento por indução,",95,1,101.0,545.0,530.0,555.0,429.0,10.0,4290.0
ggt_1247,GGT_1247.pdf,preproc_blocks,2,3,12,text,,1,condução e micro-ondas;,23,1,104.0,559.0,204.0,567.0,100.0,8.0,800.0
ggt_1247,GGT_1247.pdf,preproc_blocks,2,3,13,text,,0,"Refrigeração (REF): energia usada em geladeiras, freezers, equipamentos de refrigeração e ar-",93,1,101.0,570.0,531.0,580.0,430.0,10.0,4300.0
ggt_1247,GGT_1247.pdf,preproc_blocks,2,3,13,text,,1,"condicionado, tanto de ciclo de compressão como de absorção.",60,1,103.0,582.0,357.0,592.0,254.0,10.0,2540.0
ggt_1247,GGT_1247.pdf,preproc_blocks,2,3,14,text,,0,O setor de transporte no Brasil se caracteriza pelo consumo de gás natural em carros com kit GNV (gás natural,109,1,81.0,604.0,531.0,613.0,450.0,9.0,4050.0
ggt_1247,GGT_1247.pdf,preproc_blocks,2,3,14,text,,1,"veicular). O GNV se tornou uma alternativa de combustível econômico para a população, principalmente para",105,1,66.0,613.0,531.0,623.0,465.0,10.0,4650.0
ggt_1247,GGT_1247.pdf,preproc_blocks,2,3,14,text,,2,"motoristas de taxi e aplicativos, que precisam cortar custos para oferecer preços competitivos no transporte. Hoje o",116,1,67.0,624.0,531.0,633.0,464.0,9.0,4176.0
ggt_1247,GGT_1247.pdf,preproc_blocks,2,3,14,text,,3,"kit GNV no Brasil já está na geração 5, em que se torna automático a alternância de combustível. Quando o carro",111,1,67.0,634.0,531.0,643.0,464.0,9.0,4176.0
ggt_1247,GGT_1247.pdf,preproc_blocks,2,3,14,text,,4,"precisa de mais força, o sistema aciona o combustível padrão do carro, quando está na estrada o GNV é acionado",110,1,67.0,644.0,530.0,653.0,463.0,9.0,4167.0
ggt_1247,GGT_1247.pdf,preproc_blocks,2,3,14,text,,5,automaticamente.,16,1,67.0,654.0,140.0,663.0,73.0,9.0,657.0
ggt_1247,GGT_1247.pdf,preproc_blocks,2,3,15,text,,0,Diversos estudos tratam da utilização de HCNG (Hydrogen Enriched Compressed Natural Gas) em motores a,101,1,80.0,662.0,532.0,673.0,452.0,11.0,4972.0
ggt_1247,GGT_1247.pdf,preproc_blocks,2,3,15,text,,1,combustão interna (ICE). Yan et al. (2018) realiza uma extensa revisão da literatura de diversos estudos na utilização,118,1,68.0,675.0,531.0,682.0,463.0,7.0,3241.0
ggt_1247,GGT_1247.pdf,preproc_blocks,2,3,15,text,,2,HCNG em ICE. Chega-se à conclusão que o conteúdo de hidrogênio é o parâmetro mais importante que influencia,107,1,66.0,683.0,531.0,693.0,465.0,10.0,4650.0
ggt_1247,GGT_1247.pdf,preproc_blocks,2,3,15,text,,3,a combustão de HCNG e o desempenho de emissão. O ICE alimentado com uma fração de hidrogênio maior pode,103,1,67.0,694.0,531.0,703.0,464.0,9.0,4176.0
ggt_1247,GGT_1247.pdf,preproc_blocks,2,3,15,text,,4,"causar combustão anormal, como pré-ignição, detonação e contraexplosão, enquanto com um conteúdo de",99,1,67.0,704.0,531.0,713.0,464.0,9.0,4176.0
ggt_1247,GGT_1247.pdf,preproc_blocks,2,3,15,text,,5,"hidrogênio relativamente menor, os benefícios do hidrogênio não podem ser aproveitados por completo. Em geral,",110,1,67.0,714.0,531.0,723.0,464.0,9.0,4176.0
ggt_1247,GGT_1247.pdf,preproc_blocks,2,3,15,text,,6,concentrações de 18 a 30% de H2 em volume na mistura são os combustíveis mais amplamente adotados na,100,1,67.0,723.0,530.0,732.0,463.0,9.0,4167.0
ggt_1247,GGT_1247.pdf,preproc_blocks,2,3,15,text,,7,"literatura (YAN, XU, et al., 2018).",35,1,67.0,733.0,200.0,743.0,133.0,10.0,1330.0
ggt_1247,GGT_1247.pdf,preproc_blocks,3,4,2,title,2.0,0,4.0 MODELO PROPOSTO,19,1,66.0,97.0,178.0,109.0,112.0,12.0,1344.0
ggt_1247,GGT_1247.pdf,preproc_blocks,3,4,3,text,,0,Este capítulo busca resumir a modelagem realizada para estimar as emissões de gases do efeito estufa e os,105,1,81.0,117.0,531.0,127.0,450.0,10.0,4500.0
ggt_1247,GGT_1247.pdf,preproc_blocks,3,4,3,text,,1,"custos evitados com a inserção do hidrogênio no Brasil e, assim, avaliar a eficiência energética alcançável com a",113,1,67.0,128.0,531.0,137.0,464.0,9.0,4176.0
ggt_1247,GGT_1247.pdf,preproc_blocks,3,4,3,text,,2,"mistura do hidrogênio às redes de gás natural do país. Para isso, foram realizadas projeções para demanda e custo",113,1,67.0,137.0,530.0,146.0,463.0,9.0,4167.0
ggt_1247,GGT_1247.pdf,preproc_blocks,3,4,3,text,,3,do gás natural comparada a política de adoção da mistura de gás natural com 20% de hidrogênio produzida a partir,112,1,67.0,148.0,531.0,157.0,464.0,9.0,4176.0
ggt_1247,GGT_1247.pdf,preproc_blocks,3,4,3,text,,4,"da eletrólise PEM com fonte solar e eólica, e através da reforma a vapor do metano com captura de carbono.",106,1,68.0,158.0,503.0,166.0,435.0,8.0,3480.0
ggt_1247,GGT_1247.pdf,preproc_blocks,3,4,4,title,2.0,0,4.1 Modelagem de mistura HENG,29,1,103.0,179.0,241.0,188.0,138.0,9.0,1242.0
ggt_1247,GGT_1247.pdf,preproc_blocks,3,4,5,text,,0,"Apesar de o gás natural conter, além do metano, outros gases em sua mistura como butano, propano e etano, é",107,1,67.0,199.0,531.0,208.0,464.0,9.0,4176.0
ggt_1247,GGT_1247.pdf,preproc_blocks,3,4,5,text,,1,suficiente considerar para fins de modelagem que o gás natural da mistura tem as mesmas propriedades do metano.,111,1,67.0,209.0,531.0,218.0,464.0,9.0,4176.0
ggt_1247,GGT_1247.pdf,preproc_blocks,3,4,5,text,,2,"De acordo com a Resolução 16/2008 da ANP, o gás natural precisa ter no mínimo 85% de metano para ser",100,1,67.0,219.0,531.0,227.0,464.0,8.0,3712.0
ggt_1247,GGT_1247.pdf,preproc_blocks,3,4,5,text,,3,"comercializado no Brasil, com exceção da região Norte que precisa de no mínimo 68% (ANP, 2008). Dessa forma, a",110,1,67.0,229.0,531.0,237.0,464.0,8.0,3712.0
ggt_1247,GGT_1247.pdf,preproc_blocks,3,4,5,text,,4,reação de combustão de uma mistura de hidrogênio com gás natural pode ser expressa pela seguinte relação,104,1,66.0,238.0,531.0,249.0,465.0,11.0,5115.0
ggt_1247,GGT_1247.pdf,preproc_blocks,3,4,5,text,,5,"química, conforme a Equação 1 (LO BASSO et al., 2017):",54,1,67.0,249.0,299.0,258.0,232.0,9.0,2088.0
ggt_1247,GGT_1247.pdf,preproc_blocks,3,4,6,interline_equation,,0,\begin{array} { r l } & { ( 1 - f _ { H _ { 2 } } ) \cdot C H _ { 4 } + f _ { H _ { 2 } } \cdot H _ { 2 } + \lambda \cdot [ 2 \cdot ( 1 - f _ { H _ { 2 } } ) + \displaystyle \frac { f _ { H _ { 2 } } } { 2 } ] \cdot ( { \cal O } _ { 2 } + 3 . 7 6 N _ { 2 } ) } \\ & { \qquad ( 1 - f _ { H _ { 2 } } ) \cdot C O _ { 2 } + ( 2 - f _ { H _ { 2 } } ) \cdot H _ { 2 } O + [ 2 \cdot ( 1 - f _ { H _ { 2 } } ) + \displaystyle \frac { f _ { H _ { 2 } } } { 2 } ] \cdot [ ( \lambda - 1 ) \cdot O _ { 2 } + \lambda 3 . 7 6 N _ { 2 } ] } \end{array}\tag{1},545,1,90.0,259.0,492.0,304.0,402.0,45.0,18090.0
ggt_1247,GGT_1247.pdf,preproc_blocks,3,4,8,text,,0,"Onde f _ { H _ { 2 } } corresponde à fração em volume de hidrogênio na mistura e λ é o coeficiente de excesso de ar, definido",125,3,67.0,306.0,531.0,318.0,464.0,12.0,5568.0
ggt_1247,GGT_1247.pdf,preproc_blocks,3,4,8,text,,1,como a razão entre a razão ar-combustível real e a razão ar-combustível estequiométrica (também referido na,107,1,67.0,318.0,531.0,327.0,464.0,9.0,4176.0
ggt_1247,GGT_1247.pdf,preproc_blocks,3,4,8,text,,2,literatura como razão de equivalência ar-combustível).,54,1,67.0,327.0,284.0,336.0,217.0,9.0,1953.0
ggt_1247,GGT_1247.pdf,preproc_blocks,3,4,9,text,,0,Os conteúdos de \mathsf { C O } _ { 2 } \mathsf { e O } _ { 2 } são geralmente medidos nos gases de combustão durante os testes experimentais para,146,3,67.0,337.0,531.0,347.0,464.0,10.0,4640.0
ggt_1247,GGT_1247.pdf,preproc_blocks,3,4,9,text,,1,"detectar a proporção real de ar-combustível (ou, em outros termos, o excesso de ar) para um valor conhecido de f _ { H _ { 2 } }",128,2,68.0,348.0,529.0,359.0,461.0,11.0,5071.0
ggt_1247,GGT_1247.pdf,preproc_blocks,3,4,9,text,,2,"O cálculo da composição volumétrica do escapamento é geralmente referido às condições secas, considerando",105,1,67.0,359.0,531.0,368.0,464.0,9.0,4176.0
ggt_1247,GGT_1247.pdf,preproc_blocks,3,4,9,text,,3,"assim a água completamente condensada. Nesta hipótese, o cálculo de \mathsf { C O } _ { 2 } é expresso pela Equação 2 (SCHIRO",125,3,66.0,369.0,531.0,379.0,465.0,10.0,4650.0
ggt_1247,GGT_1247.pdf,preproc_blocks,3,4,9,text,,4,"et al., 2020).",14,1,66.0,379.0,117.0,388.0,51.0,9.0,459.0
ggt_1247,GGT_1247.pdf,preproc_blocks,3,4,10,interline_equation,,0,"C O _ { 2 } [ \% v o l ] = \frac { ( 1 - f _ { H _ { 2 } } ) } { 9 , 5 2 \lambda + 0 , 5 f _ { H _ { 2 } } - 7 , 1 4 \lambda f _ { H _ { 2 } } - 1 }\tag{2}",155,1,220.0,388.0,395.0,413.0,175.0,25.0,4375.0
ggt_1247,GGT_1247.pdf,preproc_blocks,3,4,12,text,,0,"Sendo a descarbonização um dos principais impulsionadores da introdução do HENG, foi desenvolvida uma equação",109,1,66.0,422.0,531.0,433.0,465.0,11.0,5115.0
ggt_1247,GGT_1247.pdf,preproc_blocks,3,4,12,text,,1,para o cálculo do volume de dióxido de carbono ( V _ { C O _ { 2 } } ) emitido por unidade de energia ( E _ { f } ) da mistura de HENG,134,5,67.0,433.0,530.0,444.0,463.0,11.0,5093.0
ggt_1247,GGT_1247.pdf,preproc_blocks,3,4,12,text,,2,(Equações 3 \in 4 ) . O cálculo considera apenas a emissão de carbono relacionada à combustão do combustível,108,3,68.0,444.0,531.0,454.0,463.0,10.0,4630.0
ggt_1247,GGT_1247.pdf,preproc_blocks,3,4,12,text,,3,"(SCHIRO et al., 2020).",22,1,67.0,454.0,159.0,464.0,92.0,10.0,920.0
ggt_1247,GGT_1247.pdf,preproc_blocks,3,4,13,interline_equation,,0,\frac { V _ { C O _ { 2 } } } { E _ { f } } = \frac { ( 1 - f _ { H _ { 2 } } ) } { f _ { H _ { 2 } } L H V _ { H _ { 2 } } + \left( 1 - f _ { H _ { 2 } } \right) L H V _ { C H _ { 4 } } }\tag{3},195,1,235.0,464.0,378.0,491.0,143.0,27.0,3861.0
ggt_1247,GGT_1247.pdf,preproc_blocks,3,4,15,interline_equation,,0,\frac { m _ { C O _ { 2 } } } { E _ { f } } = \frac { \rho _ { C O _ { 2 } } ( 1 - f _ { H _ { 2 } } ) } { f _ { H _ { 2 } } L H V _ { H _ { 2 } } + \big ( 1 - f _ { H _ { 2 } } \big ) L H V _ { C H _ { 4 } } }\tag{4},217,1,234.0,499.0,379.0,525.0,145.0,26.0,3770.0
ggt_1247,GGT_1247.pdf,preproc_blocks,3,4,17,text,,0,"Propriedades dos gases como LHV (Low Heating Value, também referido com Net Calorific Value ou Poder Calorífico",111,1,67.0,534.0,531.0,543.0,464.0,9.0,4176.0
ggt_1247,GGT_1247.pdf,preproc_blocks,3,4,17,text,,1,"Inferior em português) e HHV (High Heating Value, também referido como Gross Calorific Value ou Poder Calorifico",112,1,67.0,544.0,530.0,553.0,463.0,9.0,4167.0
ggt_1247,GGT_1247.pdf,preproc_blocks,3,4,17,text,,2,"Superior em português), são primordiais para se avaliar a quantidade de energia térmica contida no gás. Dessa",109,1,67.0,554.0,531.0,563.0,464.0,9.0,4176.0
ggt_1247,GGT_1247.pdf,preproc_blocks,3,4,17,text,,3,"forma, a equação para LHV e HHV para a mistura de gases é descrita em SCHIRO et al. (2019). Observa-se na",105,1,66.0,564.0,531.0,573.0,465.0,9.0,4185.0
ggt_1247,GGT_1247.pdf,preproc_blocks,3,4,17,text,,4,"Figura 1 que os poderes caloríficos por unidade de volume diminuem com a porcentagem de hidrogênio, porém",105,1,67.0,574.0,530.0,583.0,463.0,9.0,4167.0
ggt_1247,GGT_1247.pdf,preproc_blocks,3,4,17,text,,5,aumentam quando são calculados por unidade de massa.,52,1,67.0,585.0,299.0,594.0,232.0,9.0,2088.0
ggt_1247,GGT_1247.pdf,preproc_blocks,4,5,2,text,,0,Figura 1 - Comparação do comportamento dos poderes caloríficos por unidade de massa e volume de acordo com,106,1,70.0,86.0,527.0,95.0,457.0,9.0,4113.0
ggt_1247,GGT_1247.pdf,preproc_blocks,4,5,2,text,,1,a porcentagem de hidrogênio na mistura.,39,1,215.0,97.0,382.0,106.0,167.0,9.0,1503.0
ggt_1247,GGT_1247.pdf,preproc_blocks,4,5,3,title,2.0,0,4.2 Produção de hidrogênio,26,1,102.0,117.0,217.0,127.0,115.0,10.0,1150.0
ggt_1247,GGT_1247.pdf,preproc_blocks,4,5,4,text,,0,A ampliação das tecnologias de hidrogênio existentes fornecerá soluções competitivas de baixo carbono em uma,108,1,67.0,128.0,531.0,136.0,464.0,8.0,3712.0
ggt_1247,GGT_1247.pdf,preproc_blocks,4,5,4,text,,1,ampla gama de aplicações até 2030 e pode até oferecer alternativas competitivas de baixo carbono aos combustíveis,113,1,66.0,138.0,531.0,147.0,465.0,9.0,4185.0
ggt_1247,GGT_1247.pdf,preproc_blocks,4,5,4,text,,2,"convencionais em alguns segmentos. No entanto, para atingir essa escala, é necessário investimento, alinhamento",111,1,67.0,148.0,531.0,156.0,464.0,8.0,3712.0
ggt_1247,GGT_1247.pdf,preproc_blocks,4,5,4,text,,3,"de políticas e criação de demanda (HYDROGEN COUNCIL, 2020).",59,1,67.0,158.0,334.0,166.0,267.0,8.0,2136.0
ggt_1247,GGT_1247.pdf,preproc_blocks,4,5,5,text,,0,"As fontes de energia determinam as emissões de GEE, bem como a demanda cumulativa de energia (CED) de todo",106,1,66.0,167.0,531.0,177.0,465.0,10.0,4650.0
ggt_1247,GGT_1247.pdf,preproc_blocks,4,5,5,text,,1,"o ciclo de vida (BAREISS et al., 2019). Parkinson et al. (2019) examinam os custos relativos e mitigação de carbono",115,1,66.0,177.0,531.0,187.0,465.0,10.0,4650.0
ggt_1247,GGT_1247.pdf,preproc_blocks,4,5,5,text,,2,no ciclo de vida de 12 tecnologias diferentes de produção de hidrogênio. A Tabela 1 resume os resultados para as,112,1,67.0,188.0,531.0,196.0,464.0,8.0,3712.0
ggt_1247,GGT_1247.pdf,preproc_blocks,4,5,5,text,,3,três tecnologias analisadas neste trabalho.,43,1,67.0,198.0,238.0,206.0,171.0,8.0,1368.0
ggt_1247,GGT_1247.pdf,preproc_blocks,4,5,8,title,2.0,0,4.3 As emissões de GEE decorrentes da mistura de hidrogênio ao gás natura,73,1,103.0,297.0,417.0,308.0,314.0,11.0,3454.0
ggt_1247,GGT_1247.pdf,preproc_blocks,4,5,9,text,,0,Para o cálculo das emissões do gás natural é preciso considerar todas as emissões relacionas ao ciclo de vida e,111,1,66.0,307.0,531.0,317.0,465.0,10.0,4650.0
ggt_1247,GGT_1247.pdf,preproc_blocks,4,5,9,text,,1,"combustão. As emissões relacionadas a combustão do gás natural correspondem a 56,2 gCO2eq/MJ (EDWARD et",103,1,66.0,317.0,532.0,327.0,466.0,10.0,4660.0
ggt_1247,GGT_1247.pdf,preproc_blocks,4,5,9,text,,2,"al., 2019). Para o ciclo de vida do gás natural foi utilizada os dados obtidos por SKONE et al. (2019) e estão resumidos",120,1,67.0,327.0,531.0,337.0,464.0,10.0,4640.0
ggt_1247,GGT_1247.pdf,preproc_blocks,4,5,9,text,,3,na Figura 2.,12,1,66.0,338.0,116.0,347.0,50.0,9.0,450.0
ggt_1247,GGT_1247.pdf,preproc_blocks,4,5,12,text,,0,"Para o ciclo de vida do hidrogênio, são utilizados os dados da divulgados por PARKINSON et al. (2019), que relaciona",116,1,66.0,479.0,531.0,489.0,465.0,10.0,4650.0
ggt_1247,GGT_1247.pdf,preproc_blocks,4,5,12,text,,1,as emissões de CO2/kg de hidrogênio produzido para diversas tecnologias. As informações das três alternativas,109,1,67.0,490.0,531.0,499.0,464.0,9.0,4176.0
ggt_1247,GGT_1247.pdf,preproc_blocks,4,5,12,text,,2,analisadas neste trabalho são resumidas na Tabela 2.,52,1,67.0,500.0,284.0,509.0,217.0,9.0,1953.0
ggt_1247,GGT_1247.pdf,preproc_blocks,4,5,15,title,2.0,0,"4.4 Custo, demanda e emissões no Brasil.",40,1,103.0,612.0,275.0,621.0,172.0,9.0,1548.0
ggt_1247,GGT_1247.pdf,preproc_blocks,4,5,16,text,,0,"Anualmente a EPE publica o Plano Decenal de Expansão de Energia, onde são divulgados dados de estimativas",105,1,81.0,631.0,530.0,641.0,449.0,10.0,4490.0
ggt_1247,GGT_1247.pdf,preproc_blocks,4,5,16,text,,1,para expansão do setor energético para os próximos 10 anos. Neste documento são divulgados os planos do Brasil,110,1,67.0,642.0,530.0,651.0,463.0,9.0,4167.0
ggt_1247,GGT_1247.pdf,preproc_blocks,4,5,16,text,,2,"para demanda de gás natural, o custo marginal de energia (CME) e o custo marginal de operação (CMO) esperado",108,1,67.0,652.0,531.0,661.0,464.0,9.0,4176.0
ggt_1247,GGT_1247.pdf,preproc_blocks,4,5,16,text,,3,para os próximos anos. Estes dados são utilizados para que sejam estimados os custos envolvidos para expansão,109,1,67.0,662.0,531.0,672.0,464.0,10.0,4640.0
ggt_1247,GGT_1247.pdf,preproc_blocks,4,5,16,text,,4,"da energia elétrica necessária para produção do H2 anual e são resumidos na (EPE, 2017, 2018a, MME/EPE, 2020).",110,1,67.0,672.0,530.0,681.0,463.0,9.0,4167.0
ggt_1247,GGT_1247.pdf,preproc_blocks,4,5,17,text,,0,"Para as projeções da demanda por gás natural, foram utilizadas as estimativas divulgadas no Plano Decenal de",108,1,81.0,682.0,531.0,691.0,450.0,9.0,4050.0
ggt_1247,GGT_1247.pdf,preproc_blocks,4,5,17,text,,1,"Energia (PDE) 2030 (EPE, 2021). O Ministério de Ciência, Tecnologia e Inovação (MCTI) divulga mensalmente o",107,1,67.0,691.0,532.0,701.0,465.0,10.0,4650.0
ggt_1247,GGT_1247.pdf,preproc_blocks,4,5,17,text,,2,"fator médio de emissão de CO2 do Sistema Interligado Nacional (SIN) de energia elétrica (MCTIC, 2020). O valor",110,1,66.0,702.0,531.0,711.0,465.0,9.0,4185.0
ggt_1247,GGT_1247.pdf,preproc_blocks,4,5,17,text,,3,"médio dos últimos dez anos, foi utilizado para as projeções.",60,1,66.0,711.0,306.0,722.0,240.0,11.0,2640.0
ggt_1247,GGT_1247.pdf,preproc_blocks,4,5,18,title,2.0,0,5.0 RESULTADOS,14,1,67.0,734.0,146.0,742.0,79.0,8.0,632.0
ggt_1247,GGT_1247.pdf,preproc_blocks,5,6,2,text,,0,"Como analisado nos capítulos anteriores, buscaram-se as frações de hidrogênio que fossem adequadas para",103,1,81.0,86.0,531.0,96.0,450.0,10.0,4500.0
ggt_1247,GGT_1247.pdf,preproc_blocks,5,6,2,text,,1,cada tipo de equipamento utilizado de acordo com o setor de consumo no Brasil. Para construir um cenário viável,111,1,67.0,96.0,530.0,106.0,463.0,10.0,4630.0
ggt_1247,GGT_1247.pdf,preproc_blocks,5,6,2,text,,2,"para os próximos 10 anos, adotou-se a concentração de 20% para os setores de transporte, comercial, residencial,",112,1,67.0,107.0,531.0,116.0,464.0,9.0,4176.0
ggt_1247,GGT_1247.pdf,preproc_blocks,5,6,2,text,,3,"público, energético e industrial. As emissões de CO2 corresponde a emissões da combustão e transporte do metano",111,1,67.0,117.0,531.0,125.0,464.0,8.0,3712.0
ggt_1247,GGT_1247.pdf,preproc_blocks,5,6,2,text,,4,somada as emissões da fabricação de hidrogênio e as do fator médio de emissão do SIN dos últimos 10 anos. Já o,110,1,67.0,126.0,531.0,136.0,464.0,10.0,4640.0
ggt_1247,GGT_1247.pdf,preproc_blocks,5,6,2,text,,5,custo corresponde ao custo de produção do hidrogênio somado ao CME relacionado ao consumo de eletricidade,105,1,67.0,136.0,531.0,146.0,464.0,10.0,4640.0
ggt_1247,GGT_1247.pdf,preproc_blocks,5,6,2,text,,6,para produção de hidrogênio e ao custo do GN a ser fornecido.,61,1,66.0,146.0,320.0,156.0,254.0,10.0,2540.0
ggt_1247,GGT_1247.pdf,preproc_blocks,5,6,3,text,,0,Na Tabela 3 - Resultados emissões evitadas 2020 por setor variando H2 [% vol]. Os setores que não estão,103,1,81.0,156.0,531.0,165.0,450.0,9.0,4050.0
ggt_1247,GGT_1247.pdf,preproc_blocks,5,6,3,text,,1,"presentes na tabela, são os que não realizam consumo de gás natural. Percebe-se nas duas primeiras linhas a",107,1,67.0,167.0,531.0,176.0,464.0,9.0,4176.0
ggt_1247,GGT_1247.pdf,preproc_blocks,5,6,3,text,,2,porcentagem de CO2 evitado em função da porcentagem de H2 no gás natural.,73,1,67.0,177.0,386.0,186.0,319.0,9.0,2871.0
ggt_1247,GGT_1247.pdf,preproc_blocks,5,6,6,text,,0,Na Figura 3 compara-se a projeção de tCO2 evitados pelo não fornecimento de 20% de GN para o setor,98,1,81.0,358.0,530.0,367.0,449.0,9.0,4041.0
ggt_1247,GGT_1247.pdf,preproc_blocks,5,6,6,text,,1,"energético e a soma dos setores industrial, comercial, residencial e transporte.",80,1,67.0,367.0,381.0,377.0,314.0,10.0,3140.0
ggt_1247,GGT_1247.pdf,preproc_blocks,5,6,9,text,,0,"Da mesma forma, na Figura 4, compara-se a projeção de tCO2 evitados pela não combustão de 20% de GN para",104,1,81.0,523.0,531.0,534.0,450.0,11.0,4950.0
ggt_1247,GGT_1247.pdf,preproc_blocks,5,6,9,text,,1,as mesmas duas categorias estabelecidas.,40,1,67.0,534.0,240.0,542.0,173.0,8.0,1384.0
ggt_1247,GGT_1247.pdf,preproc_blocks,5,6,12,text,,0,As Figura 5 e Figura 6 buscam comparar o custo total anual do fornecimento de 100% gás natural e de três,104,1,81.0,686.0,531.0,695.0,450.0,9.0,4050.0
ggt_1247,GGT_1247.pdf,preproc_blocks,5,6,12,text,,1,"tecnologias diferentes de produção de 20% de H2: eletrólise com energia solar, eletrólise com energia eólia e reforma",117,1,67.0,696.0,531.0,705.0,464.0,9.0,4176.0
ggt_1247,GGT_1247.pdf,preproc_blocks,5,6,12,text,,2,a vapor do metano (SMR) com captura de carbono (CCS). Importante salientar que os gráficos apresentam as,104,1,67.0,706.0,531.0,715.0,464.0,9.0,4176.0
ggt_1247,GGT_1247.pdf,preproc_blocks,5,6,12,text,,3,"estimativas com o preço do GN na trajetória de referência para 2030. Como é possível observar, o custo de produção",114,1,67.0,716.0,531.0,725.0,464.0,9.0,4176.0
ggt_1247,GGT_1247.pdf,preproc_blocks,5,6,12,text,,4,"de hidrogênio por eletrólise representa a trajetória menos econômica, seguida da SMR-CCS e 100% gás natural. A",110,1,67.0,726.0,531.0,735.0,464.0,9.0,4176.0
ggt_1247,GGT_1247.pdf,preproc_blocks,5,6,12,text,,5,produção de hidrogênio ainda é cara e por isso a viabilidade ainda se mantém abaixo das tecnologias tradicionais.,113,1,67.0,736.0,531.0,745.0,464.0,9.0,4176.0
ggt_1247,GGT_1247.pdf,preproc_blocks,6,7,2,text,,0,"Importante frisar que foi utilizado um valor de uma trajetória central para o custo de produção dessas tecnologias,",115,1,66.0,86.0,531.0,97.0,465.0,11.0,5115.0
ggt_1247,GGT_1247.pdf,preproc_blocks,6,7,2,text,,1,então há variações de acordo com o projeto de produção.,55,1,68.0,97.0,298.0,106.0,230.0,9.0,2070.0
ggt_1247,GGT_1247.pdf,preproc_blocks,6,7,7,text,,0,"As Figura 7 e Figura 8 representam a comparação com as mesmas tecnologias, porém com relação as tCO2 emitidas.",110,1,66.0,411.0,529.0,420.0,463.0,9.0,4167.0
ggt_1247,GGT_1247.pdf,preproc_blocks,6,7,7,text,,1,"Observa-se que, como esperado a trajetória de 100 % GN é a que mais emite CO2 na atmosfera e as tecnologias",107,1,67.0,421.0,531.0,430.0,464.0,9.0,4176.0
ggt_1247,GGT_1247.pdf,preproc_blocks,6,7,7,text,,2,de eletrólise com energia renovável oferecem uma vantagem com relação a descarbonização.,88,1,67.0,431.0,444.0,440.0,377.0,9.0,3393.0
ggt_1247,GGT_1247.pdf,preproc_blocks,7,8,2,text,,0,"Neste trabalho, foram estimadas as emissões de gases efeito estufa e os custos evitados com a inserção do",105,1,81.0,97.0,531.0,106.0,450.0,9.0,4050.0
ggt_1247,GGT_1247.pdf,preproc_blocks,7,8,2,text,,1,"hidrogênio nas redes de gás natural no Brasil e, assim, atingindo o objetivo principal. Também foi possível comparar",116,1,67.0,107.0,531.0,116.0,464.0,9.0,4176.0
ggt_1247,GGT_1247.pdf,preproc_blocks,7,8,2,text,,2,"diversas tecnologias de produção de hidrogênio, com suas respectivas emissões de GHG e custos anuais. Dessa",107,1,67.0,117.0,531.0,126.0,464.0,9.0,4176.0
ggt_1247,GGT_1247.pdf,preproc_blocks,7,8,2,text,,3,"forma, foi possível quantificar os benefícios ambientais e econômicos na projeção decenal de demanda por gás",108,1,66.0,126.0,531.0,137.0,465.0,11.0,5115.0
ggt_1247,GGT_1247.pdf,preproc_blocks,7,8,2,text,,4,"natural, substituído por HENG.",30,1,66.0,136.0,190.0,146.0,124.0,10.0,1240.0
ggt_1247,GGT_1247.pdf,preproc_blocks,7,8,3,text,,0,"Observou-se que, a política de adoção da mistura de gás natural com 20% de volume de hidrogênio a matriz de",107,1,82.0,147.0,531.0,156.0,449.0,9.0,4041.0
ggt_1247,GGT_1247.pdf,preproc_blocks,7,8,3,text,,1,"fornecimento tem grande capacidade de descarbonização, porém os custos envolvidos para produção aumentam",104,1,67.0,157.0,530.0,166.0,463.0,9.0,4167.0
ggt_1247,GGT_1247.pdf,preproc_blocks,7,8,3,text,,2,"consideravelmente para produção de hidrogênio através da eletrólise PEM, tanto com fonte solar como eólica. As",110,1,67.0,167.0,531.0,176.0,464.0,9.0,4176.0
ggt_1247,GGT_1247.pdf,preproc_blocks,7,8,3,text,,3,estimativas indicam que a alternativa com produção do hidrogênio através da reforma do gás natural com captura de,113,1,68.0,177.0,530.0,185.0,462.0,8.0,3696.0
ggt_1247,GGT_1247.pdf,preproc_blocks,7,8,3,text,,4,carbono seria mais econômica do que os custo projetado para 100% de gás natural.,80,1,68.0,188.0,403.0,195.0,335.0,7.0,2345.0
ggt_1247,GGT_1247.pdf,preproc_blocks,7,8,4,text,,0,"No entanto, para a produção de hidrogênio como fonte energética em qualquer uma das rotas de produção",101,1,81.0,198.0,531.0,206.0,450.0,8.0,3600.0
ggt_1247,GGT_1247.pdf,preproc_blocks,7,8,4,text,,1,"analisada, seria preciso um alto investimento em infraestrutura, que não foi contabilizado neste trabalho. Assim, é",115,1,68.0,208.0,531.0,215.0,463.0,7.0,3241.0
ggt_1247,GGT_1247.pdf,preproc_blocks,7,8,4,text,,2,recomendado que esta contabilização seja realizada para próximos trabalhos.,75,1,67.0,218.0,378.0,225.0,311.0,7.0,2177.0
ggt_1247,GGT_1247.pdf,preproc_blocks,7,8,5,title,2.0,0,REFERÊNCIAS BIBLIOGRÁFICAS,26,1,66.0,236.0,209.0,248.0,143.0,12.0,1716.0
ggt_1247,GGT_1247.pdf,preproc_blocks,7,8,6,ref_text,,0,"(1) ABNT. Gás Natural – NBR 15213 – Cálculo de propriedades físico-químicas a partir da composição, 2008",104,1,85.0,258.0,526.0,268.0,441.0,10.0,4410.0
ggt_1247,GGT_1247.pdf,preproc_blocks,7,8,6,ref_text,,1,"(2) ANP. RESOLUÇÃO ANP No 16, DE 17.6.2008 - DOU 18.6.2008), 2008",65,1,84.0,268.0,390.0,278.0,306.0,10.0,3060.0
ggt_1247,GGT_1247.pdf,preproc_blocks,7,8,7,ref_text,,0,"(3) BAREISS, K., DE LA RUA, C., MÖCKL, M., et al. ""Life cycle assessment of hydrogen from proton exchange",105,1,84.0,277.0,531.0,290.0,447.0,13.0,5811.0
ggt_1247,GGT_1247.pdf,preproc_blocks,7,8,7,ref_text,,1,"membrane water electrolysis in future energy systems"", Applied Energy, 2019.",76,1,102.0,289.0,415.0,299.0,313.0,10.0,3130.0
ggt_1247,GGT_1247.pdf,preproc_blocks,7,8,8,ref_text,,0,"(4) DAWOOD, F., ANDA, M., SHAFIULLAH, G. M. Hydrogen production for energy: An overview. International",102,1,85.0,299.0,531.0,309.0,446.0,10.0,4460.0
ggt_1247,GGT_1247.pdf,preproc_blocks,7,8,8,ref_text,,1,"Journal of Hydrogen Energy, 2020",32,1,103.0,311.0,240.0,319.0,137.0,8.0,1096.0
ggt_1247,GGT_1247.pdf,preproc_blocks,7,8,9,ref_text,,0,"(5) EPE. ""BEM 2020: Relatório síntese, ano base 2019."", Empresa de Pesquisa Energética, 2020.",93,1,84.0,318.0,483.0,331.0,399.0,13.0,5187.0
ggt_1247,GGT_1247.pdf,preproc_blocks,7,8,10,ref_text,,0,"(6) EPE. Caracterização do uso de energia no setor de serviços, 2015",68,1,85.0,330.0,370.0,340.0,285.0,10.0,2850.0
ggt_1247,GGT_1247.pdf,preproc_blocks,7,8,11,ref_text,,0,"(7) EPE. Plano Decenal de Expansão de Energia 2026, 2017.",57,1,86.0,342.0,335.0,351.0,249.0,9.0,2241.0
ggt_1247,GGT_1247.pdf,preproc_blocks,7,8,12,ref_text,,0,"(8) EPE. Plano Decenal de Expansão de Energia 2027, 2018a.",58,1,85.0,351.0,341.0,362.0,256.0,11.0,2816.0
ggt_1247,GGT_1247.pdf,preproc_blocks,7,8,13,ref_text,,0,"(9) EPE. Plano Decenal de Expansão de Energia 2030, 2021.",57,1,85.0,361.0,336.0,371.0,251.0,10.0,2510.0
ggt_1247,GGT_1247.pdf,preproc_blocks,7,8,14,ref_text,,0,"(10) EPE. TDR no 17 - Análise da Eficiência Energética em Segmentos Industriais Selecionados, 2018b.",100,1,85.0,371.0,502.0,382.0,417.0,11.0,4587.0
ggt_1247,GGT_1247.pdf,preproc_blocks,7,8,15,ref_text,,0,"(11) GOLDMEER, J. Fuel Flexible Gas Turbines as Enablers for a Low or Reduced Carbon Energy, 2018.",98,1,84.0,381.0,507.0,393.0,423.0,12.0,5076.0
ggt_1247,GGT_1247.pdf,preproc_blocks,7,8,16,ref_text,,0,(12) GOV.BR. Maior termoelétrica a gás natural da América Latina é inaugurada em Sergipe. 2020.,95,1,85.0,393.0,481.0,403.0,396.0,10.0,3960.0
ggt_1247,GGT_1247.pdf,preproc_blocks,7,8,17,ref_text,,0,"(13) HYDROGEN COUNCIL. Path to hydrogen competitiveness - A cost perspective Title, 2020.",89,1,85.0,403.0,467.0,413.0,382.0,10.0,3820.0
ggt_1247,GGT_1247.pdf,preproc_blocks,7,8,18,ref_text,,0,"(14) IEA. Reduction of CO2 emissions by adding hydrogen to natural gas, 2003.",77,1,85.0,414.0,403.0,424.0,318.0,10.0,3180.0
ggt_1247,GGT_1247.pdf,preproc_blocks,7,8,19,ref_text,,0,"(15) IEA. CO2 Emissions from Fuel Combustion. CO2 Emissions from fuel combustion dataset, 2020.",95,1,84.0,422.0,489.0,434.0,405.0,12.0,4860.0
ggt_1247,GGT_1247.pdf,preproc_blocks,7,8,20,ref_text,,0,"(16) J. Littlefield, S. Roman-White, D. Augustine, “A. Pegallapati, G. G. Zaimes, S. Rai, G. Cooney, T. J. Skone.",113,1,85.0,433.0,531.0,444.0,446.0,11.0,4906.0
ggt_1247,GGT_1247.pdf,preproc_blocks,7,8,20,ref_text,,1,"Life Cycle Analysis of Natural Gas Extraction and Power Generation,"" National Energy Technology",95,1,102.0,443.0,531.0,455.0,429.0,12.0,5148.0
ggt_1247,GGT_1247.pdf,preproc_blocks,7,8,20,ref_text,,2,"Laboratory, Pittsburgh, April 5, 2019.",38,1,103.0,455.0,250.0,464.0,147.0,9.0,1323.0
ggt_1247,GGT_1247.pdf,preproc_blocks,7,8,21,ref_text,,0,"(17) JONES, D. R., AL-MASRY, W. A., DUNNILL, C. W. Hydrogen-enriched natural gas as a domestic fuel: An",103,1,85.0,465.0,530.0,474.0,445.0,9.0,4005.0
ggt_1247,GGT_1247.pdf,preproc_blocks,7,8,21,ref_text,,1,analysis based on flash-back and blow-off limits for domestic natural gas appliances within the UK.,99,1,103.0,476.0,530.0,485.0,427.0,9.0,3843.0
ggt_1247,GGT_1247.pdf,preproc_blocks,7,8,21,ref_text,,2,"Sustainable Energy and Fuels, 2018",34,1,104.0,486.0,248.0,495.0,144.0,9.0,1296.0
ggt_1247,GGT_1247.pdf,preproc_blocks,7,8,22,ref_text,,0,"(18) KASKE, G., PLENARD, F. J. ""High-purity hydrogen distribution network for industrial use in Western Europe"",",112,1,85.0,497.0,531.0,506.0,446.0,9.0,4014.0
ggt_1247,GGT_1247.pdf,preproc_blocks,7,8,22,ref_text,,1,"International Journal of Hydrogen Energy, v. 10, n. 7–8, 1985.",62,1,102.0,506.0,349.0,516.0,247.0,10.0,2470.0
ggt_1247,GGT_1247.pdf,preproc_blocks,7,8,23,ref_text,,0,"(19) KOUCHACHVILI, L., ENTCHEV, E. ""Power to gas and H2/NG blend in SMART energy networks concept"",",99,1,84.0,516.0,531.0,528.0,447.0,12.0,5364.0
ggt_1247,GGT_1247.pdf,preproc_blocks,7,8,23,ref_text,,1,"Renewable Energy, 2018.",23,1,102.0,528.0,207.0,537.0,105.0,9.0,945.0
ggt_1247,GGT_1247.pdf,preproc_blocks,7,8,24,ref_text,,0,"(20) LO BASSO, G., NASTASI, B., ASTIASO GARCIA, D., et al. ""How to handle the Hydrogen enriched Natural",103,1,86.0,537.0,530.0,546.0,444.0,9.0,3996.0
ggt_1247,GGT_1247.pdf,preproc_blocks,7,8,24,ref_text,,1,"Gas blends in combustion efficiency measurement procedure of conventional and condensing boilers"",",98,1,103.0,548.0,530.0,557.0,427.0,9.0,3843.0
ggt_1247,GGT_1247.pdf,preproc_blocks,7,8,24,ref_text,,2,"Energy, 2017.",13,1,103.0,559.0,160.0,568.0,57.0,9.0,513.0
ggt_1247,GGT_1247.pdf,preproc_blocks,7,8,25,ref_text,,0,"(21) MCTIC. Fator médio - Inventários corporativos. 2020. Ministério da Ciência, Tecnologia e Inovações do",106,1,85.0,568.0,531.0,579.0,446.0,11.0,4906.0
ggt_1247,GGT_1247.pdf,preproc_blocks,7,8,25,ref_text,,1,Brasil.,7,1,101.0,578.0,130.0,589.0,29.0,11.0,319.0
ggt_1247,GGT_1247.pdf,preproc_blocks,7,8,26,ref_text,,0,"(22) MELAINA, M., ANTONIA, O., PENEV, M. ""Blending Hydrogen into Natural Gas Pipeline Networks: A Review",104,1,86.0,590.0,531.0,599.0,445.0,9.0,4005.0
ggt_1247,GGT_1247.pdf,preproc_blocks,7,8,26,ref_text,,1,"of Key Issues"", Contract, 2013. DOI: 10.2172/1068610.",53,1,103.0,600.0,323.0,609.0,220.0,9.0,1980.0
ggt_1247,GGT_1247.pdf,preproc_blocks,7,8,27,ref_text,,0,"(23) MITSUBISHI POWER. ""Hydrogen Power Generation Handbook)"", 2020.",67,1,86.0,610.0,390.0,621.0,304.0,11.0,3344.0
ggt_1247,GGT_1247.pdf,preproc_blocks,7,8,28,ref_text,,0,"(24) MME/EPE. Plano Decenal de Expansão de Energia 2029. Empresa de Pesquisa Energética], 2020.",95,1,84.0,618.0,500.0,631.0,416.0,13.0,5408.0
ggt_1247,GGT_1247.pdf,preproc_blocks,7,8,29,ref_text,,0,"(25) OGDEN, J., JAFFE, A. M., SCHEITRUM, D., et al. ""Natural gas as a bridge to hydrogen transportation fuel:",109,1,85.0,630.0,531.0,640.0,446.0,10.0,4460.0
ggt_1247,GGT_1247.pdf,preproc_blocks,7,8,29,ref_text,,1,"Insights from the literature"", Energy Policy, v. 115, 2018. DOI: 10.1016/j.enpol.2017.12.049.",93,1,103.0,641.0,467.0,650.0,364.0,9.0,3276.0
ggt_1247,GGT_1247.pdf,preproc_blocks,7,8,30,ref_text,,0,"(26) ÖNEY, F., VEZIROLU, T. N., DÜLGER, Z. ""Evaluation of pipeline transportation of hydrogen and natural gas",109,1,85.0,650.0,531.0,661.0,446.0,11.0,4906.0
ggt_1247,GGT_1247.pdf,preproc_blocks,7,8,30,ref_text,,1,"mixtures"", International Journal of Hydrogen Energy, v. 19, n. 10, 1994. DOI: 10.1016/0360-3199(94)90198-",105,1,102.0,660.0,531.0,671.0,429.0,11.0,4719.0
ggt_1247,GGT_1247.pdf,preproc_blocks,7,8,30,ref_text,,2,8.,2,1,102.0,671.0,111.0,681.0,9.0,10.0,90.0
ggt_1247,GGT_1247.pdf,preproc_blocks,7,8,31,ref_text,,0,"(27) PELLEGRINO, S., LANZINI, A., LEONE, P. Greening the gas network – The need for modelling the",97,1,85.0,682.0,531.0,692.0,446.0,10.0,4460.0
ggt_1247,GGT_1247.pdf,preproc_blocks,7,8,31,ref_text,,1,"distributed injection of alternative fuels. Renewable and Sustainable Energy Reviews]. , 2017",93,1,103.0,693.0,473.0,702.0,370.0,9.0,3330.0
ggt_1247,GGT_1247.pdf,preproc_blocks,7,8,32,ref_text,,0,"(28) POTTIER, J. D., ""Hydrogen Transmission for Future Energy Systems"". Hydrogen Energy System,1995.",100,1,85.0,702.0,514.0,713.0,429.0,11.0,4719.0
ggt_1247,GGT_1247.pdf,preproc_blocks,7,8,33,ref_text,,0,"(29) SCHIRO, F., STOPPATO, A., BENATO, A. ""Modelling and analyzing the impact of hydrogen enriched natural",106,1,85.0,712.0,532.0,723.0,447.0,11.0,4917.0
ggt_1247,GGT_1247.pdf,preproc_blocks,7,8,33,ref_text,,1,"gas on domestic gas boilers in a decarbonization perspective"", 2020.",68,1,102.0,723.0,377.0,734.0,275.0,11.0,3025.0
ggt_1247,GGT_1247.pdf,preproc_blocks,7,8,34,ref_text,,0,"(30) SCHIRO, F., STOPPATO, A., BENATO, A. ""Potentialities of hydrogen enriched natural gas for residential",106,1,85.0,734.0,532.0,744.0,447.0,10.0,4470.0
ggt_1247,GGT_1247.pdf,preproc_blocks,7,8,34,ref_text,,1,"heating decarbonization and impact analysis on premixed boilers"". 2019. Anais [...] [S.l: s.n.], 2019.",102,1,102.0,745.0,497.0,754.0,395.0,9.0,3555.0
ggt_1247,GGT_1247.pdf,preproc_blocks,8,9,2,ref_text,,0,"(31) TENHUMBERG, N., BÜKER, K. ""Ecological and Economic Evaluation of Hydrogen Production by Different",102,1,85.0,86.0,532.0,97.0,447.0,11.0,4917.0
ggt_1247,GGT_1247.pdf,preproc_blocks,8,9,2,ref_text,,1,"Water Electrolysis Technologies"", Chemie-Ingenieur-Technik, v. 92, n. 10, 2020.",79,1,103.0,97.0,423.0,106.0,320.0,9.0,2880.0
ggt_1247,GGT_1247.pdf,preproc_blocks,8,9,3,ref_text,,0,"(32) THYGA. Impact of hydrogen admixture on combustion processes –Part I: Theory, 2020.",87,1,85.0,107.0,452.0,118.0,367.0,11.0,4037.0
ggt_1247,GGT_1247.pdf,preproc_blocks,8,9,4,ref_text,,0,"(33) TOMORY, L. The Origins of Gaslight Technology in Eighteenth-Century Pneumatic Chemistry, 2009.",99,1,85.0,116.0,504.0,129.0,419.0,13.0,5447.0
ggt_1247,GGT_1247.pdf,preproc_blocks,8,9,5,ref_text,,0,"(34) YAN, F., XU, L., WANG, Y. Application of hydrogen enriched natural gas in spark ignition IC engines: from",110,1,85.0,128.0,530.0,138.0,445.0,10.0,4450.0
ggt_1247,GGT_1247.pdf,preproc_blocks,8,9,5,ref_text,,1,"fundamental fuel properties to engine performances and emissions,2018",69,1,102.0,139.0,393.0,148.0,291.0,9.0,2619.0
ggt_1247,GGT_1247.pdf,preproc_blocks,9,10,2,title,2.0,0,DADOS BIOGRÁFICOS,17,1,66.0,84.0,165.0,97.0,99.0,13.0,1287.0
ggt_1247,GGT_1247.pdf,preproc_blocks,9,10,4,title,2.0,0,(1) JOÃO HENRIQUE PAULINO DE AZEVEDO,36,1,150.0,107.0,342.0,119.0,192.0,12.0,2304.0
ggt_1247,GGT_1247.pdf,preproc_blocks,9,10,5,text,,0,Experiência de 7 anos em gerenciamento e execução de projetos voltados a geração de,83,1,150.0,116.0,526.0,127.0,376.0,11.0,4136.0
ggt_1247,GGT_1247.pdf,preproc_blocks,9,10,5,text,,1,"energia, sustentabilidade e educação. Responsável pela captação de recursos, elaboração de",90,1,150.0,127.0,526.0,137.0,376.0,10.0,3760.0
ggt_1247,GGT_1247.pdf,preproc_blocks,9,10,5,text,,2,"projetos, gerenciamento de equipes e prestação financeira de projetos financiados por grandes",93,1,150.0,138.0,526.0,147.0,376.0,9.0,3384.0
ggt_1247,GGT_1247.pdf,preproc_blocks,9,10,5,text,,3,empresas como Alcoa e Tetra Tech. Formado em Engenharia Mecânica pela PUC-Rio e,79,1,150.0,147.0,526.0,157.0,376.0,10.0,3760.0
ggt_1247,GGT_1247.pdf,preproc_blocks,9,10,5,text,,4,"Australian National University. Mestrado em Petróleo e Energia pela PUC-Rio, fazendo parte",90,1,150.0,157.0,526.0,167.0,376.0,10.0,3760.0
ggt_1247,GGT_1247.pdf,preproc_blocks,9,10,5,text,,5,"do projeto Atlas Rio Solar. Atualmente pesquisador de Doutorado em sistemas energéticos,",88,1,150.0,167.0,525.0,177.0,375.0,10.0,3750.0
ggt_1247,GGT_1247.pdf,preproc_blocks,9,10,5,text,,6,fazendo parte do Projeto H2 da PUC-Rio/GESEL e pesquisador associado na FGV Energia.,84,1,150.0,177.0,518.0,187.0,368.0,10.0,3680.0
ggt_1247,GGT_1247.pdf,preproc_blocks,9,10,6,title,2.0,0,(2) RODRIGO FLORA CALILI,24,1,67.0,219.0,187.0,230.0,120.0,11.0,1320.0
ggt_1247,GGT_1247.pdf,preproc_blocks,9,10,7,text,,0,Rodrigo Flora Calili atualmente é professor adjunto do Programa de Pós-Graduação em Metrologia e do Mestrado,108,1,66.0,228.0,531.0,239.0,465.0,11.0,5115.0
ggt_1247,GGT_1247.pdf,preproc_blocks,9,10,7,text,,1,Profissional de Engenharia Urbana e Ambiental da PUC-Rio. Tem Pós-doutorado em Metrologia pela PUC-Rio (2016),109,1,66.0,238.0,531.0,249.0,465.0,11.0,5115.0
ggt_1247,GGT_1247.pdf,preproc_blocks,9,10,7,text,,2,"e é Doutor em Engenharia Elétrica pela PUC-Rio (2013) com ênfase em Sistemas de Energia, tendo feito um ano de",110,1,67.0,249.0,531.0,258.0,464.0,9.0,4176.0
ggt_1247,GGT_1247.pdf,preproc_blocks,9,10,7,text,,3,"doutorado sanduíche na França na École de Mines de Paris (2012), mestre em Engenharia Elétrica pela PUC-Rio",107,1,67.0,260.0,531.0,269.0,464.0,9.0,4176.0
ggt_1247,GGT_1247.pdf,preproc_blocks,9,10,7,text,,4,(2006) com ênfase Métodos e Apoio à Decisão e graduado em Engenharia Elétrica pela UFJF (2003). Trabalhou e,107,1,67.0,271.0,531.0,280.0,464.0,9.0,4176.0
ggt_1247,GGT_1247.pdf,preproc_blocks,9,10,7,text,,5,trabalha como consultor e pesquisador em diversos projetos de empresas setor elétrico.,86,1,67.0,281.0,419.0,290.0,352.0,9.0,3168.0
ggt_1247,GGT_1247.pdf,preproc_blocks,9,10,8,title,2.0,0,(3) SERGIO LEAL BRAGA,21,1,67.0,312.0,174.0,322.0,107.0,10.0,1070.0
ggt_1247,GGT_1247.pdf,preproc_blocks,9,10,9,text,,0,"Professor da PUC-Rio, trabalhou na Purdue University. Atua na área de energia, orientou mais de 110 Teses de",108,1,66.0,321.0,531.0,331.0,465.0,10.0,4650.0
ggt_1247,GGT_1247.pdf,preproc_blocks,9,10,9,text,,1,"Mestrado, Doutorado, Pós-doutorado e trabalhos de graduação. Autor de mais de 200 artigos científicos. Convênios",112,1,67.0,333.0,531.0,341.0,464.0,8.0,3712.0
ggt_1247,GGT_1247.pdf,preproc_blocks,9,10,9,text,,2,"de cooperação científica com entidades na Alemanha, Argentina, França, Itália e Peru. Diretor do Instituto",106,1,67.0,343.0,531.0,352.0,464.0,9.0,4176.0
ggt_1247,GGT_1247.pdf,preproc_blocks,9,10,9,text,,3,Tecnológico e Laboratório de Engenharia Veicular. Membro do Comitê Executivo do Instituto de Energia da PUC-,108,1,67.0,353.0,530.0,362.0,463.0,9.0,4167.0
ggt_1247,GGT_1247.pdf,preproc_blocks,9,10,9,text,,4,Rio. Construiu o CDEV - Centro de Desenvolvimento em Energia e Veículos onde são desenvolvidas pesquisas em,107,1,66.0,363.0,531.0,373.0,465.0,10.0,4650.0
ggt_1247,GGT_1247.pdf,preproc_blocks,9,10,9,text,,5,"energias renováveis: biocombustíveis, hidrogênio, solar e outras. Cientista do Nosso Estado pela FAPERJ e Membro",112,1,67.0,375.0,531.0,383.0,464.0,8.0,3712.0
ggt_1247,GGT_1247.pdf,preproc_blocks,9,10,9,text,,6,da Academia Nacional de Engenharia.,35,1,67.0,384.0,220.0,392.0,153.0,8.0,1224.0
ggt_1247,GGT_1247.pdf,para_blocks,0,1,4,title,1.0,0,GRUPO DE ESTUDO DE GERAÇÃO TÉRMICA - GGT,40,1,183.0,128.0,406.0,139.0,223.0,11.0,2453.0
ggt_1247,GGT_1247.pdf,para_blocks,0,1,5,title,1.0,0,AVALIAÇÃO DA EFICIÊNCIA ENERGÉTICA DA ADIÇÃO DE HIDROGÊNIO À REDES DE GÁS NATURAL,81,1,75.0,158.0,514.0,170.0,439.0,12.0,5268.0
ggt_1247,GGT_1247.pdf,para_blocks,0,1,6,text,,0,JOÃO HENRIQUE PAULINO DE AZEVEDO (1); RODRIGO FLORA CALILI (1); SERGIO LEAL BRAGA (1),85,1,75.0,189.0,512.0,201.0,437.0,12.0,5244.0
ggt_1247,GGT_1247.pdf,para_blocks,0,1,6,text,,1,PONTIFÍCIA UNIVERSIDADE CATÓLICA DO RIO DE JANEIRO (1),54,1,154.0,199.0,433.0,211.0,279.0,12.0,3348.0
ggt_1247,GGT_1247.pdf,para_blocks,0,1,7,title,2.0,0,RESUMO,6,1,67.0,232.0,107.0,243.0,40.0,11.0,440.0
ggt_1247,GGT_1247.pdf,para_blocks,0,1,8,abstract,,0,A utilização do hidrogênio se mostra como alternativa para que as metas de descarbonização sejam atingidas. Há,110,1,67.0,253.0,531.0,262.0,464.0,9.0,4176.0
ggt_1247,GGT_1247.pdf,para_blocks,0,1,8,abstract,,1,"um aumento da eficiência energética do gás natural ao se misturar o hidrogênio a este gás. Neste trabalho, é",108,1,66.0,263.0,531.0,272.0,465.0,9.0,4185.0
ggt_1247,GGT_1247.pdf,para_blocks,0,1,8,abstract,,2,analisada a possibilidade de mistura de hidrogênio ao gás natural em redes de fornecimento já existentes. Uma,109,1,66.0,273.0,531.0,282.0,465.0,9.0,4185.0
ggt_1247,GGT_1247.pdf,para_blocks,0,1,8,abstract,,3,revisão da literatura é realizada para entender as questões técnicas e definir as concentrações aceitáveis de,109,1,66.0,284.0,531.0,293.0,465.0,9.0,4185.0
ggt_1247,GGT_1247.pdf,para_blocks,0,1,8,abstract,,4,"hidrogênio no gás natural. Por fim, é feita a projeção de emissões e custos evitados para se avaliar a eficiência",113,1,66.0,294.0,531.0,303.0,465.0,9.0,4185.0
ggt_1247,GGT_1247.pdf,para_blocks,0,1,8,abstract,,5,energética alcançável com a inserção do hidrogênio ao gás natural em redes no Brasil.,85,1,67.0,305.0,414.0,313.0,347.0,8.0,2776.0
ggt_1247,GGT_1247.pdf,para_blocks,0,1,9,text,,0,PALAVRAS-CHAVE,14,1,67.0,326.0,149.0,336.0,82.0,10.0,820.0
ggt_1247,GGT_1247.pdf,para_blocks,0,1,10,text,,0,Gás natural enriquecido com hidrogênio; hidrogênio; descarbonização; eficiência energética; combustão,101,1,67.0,345.0,443.0,356.0,376.0,11.0,4136.0
ggt_1247,GGT_1247.pdf,para_blocks,0,1,11,title,2.0,0,1.0 INTRODUÇÃO,14,1,67.0,376.0,146.0,388.0,79.0,12.0,948.0
ggt_1247,GGT_1247.pdf,para_blocks,0,1,12,text,,0,O hidrogênio oferece uma ótima oportunidade para descarbonizar os suprimentos de energia atuais. Mesmo,102,1,81.0,397.0,531.0,406.0,450.0,9.0,4050.0
ggt_1247,GGT_1247.pdf,para_blocks,0,1,12,text,,1,"sendo o elemento químico mais abundante na natureza, este deve ser produzido para ser considerado uma",101,1,67.0,407.0,531.0,416.0,464.0,9.0,4176.0
ggt_1247,GGT_1247.pdf,para_blocks,0,1,12,text,,2,"alternativa de uso final energético. Além disso, ele representa um verdadeiro transportador de energia livre de",111,1,67.0,417.0,531.0,426.0,464.0,9.0,4176.0
ggt_1247,GGT_1247.pdf,para_blocks,0,1,12,text,,3,"carbono. Todavia, as tecnologias para produzi-lo causam uma pegada de carbono diferente de zero. Acordos",104,1,68.0,428.0,531.0,435.0,463.0,7.0,3241.0
ggt_1247,GGT_1247.pdf,para_blocks,0,1,12,text,,4,mundiais impulsionaram os países a adotarem tecnologias de baixo carbono: o protocolo de Kyoto assinado em 1997,111,1,67.0,437.0,531.0,447.0,464.0,10.0,4640.0
ggt_1247,GGT_1247.pdf,para_blocks,0,1,12,text,,5,e aplicado em 2005 ao impor a todos os membros a reduzirem suas emissões de gases de efeito estufa; e o acordo,110,1,67.0,448.0,529.0,455.0,462.0,7.0,3234.0
ggt_1247,GGT_1247.pdf,para_blocks,0,1,12,text,,6,"COP21 em Paris de 2015, que definiu responsabilidades nas emissões para todos os países do globo.",97,1,67.0,457.0,478.0,466.0,411.0,9.0,3699.0
ggt_1247,GGT_1247.pdf,para_blocks,0,1,13,text,,0,"Em 2018 o fornecimento de eletricidade e energia térmica para edifícios, indústrias e transportes foi responsável",113,1,81.0,467.0,531.0,476.0,450.0,9.0,4050.0
ggt_1247,GGT_1247.pdf,para_blocks,0,1,13,text,,1,"por 56% das emissões globais, enquanto apenas o setor de geração respondia por 41% (IEA, 2020). Sabe-se que a",109,1,67.0,477.0,531.0,487.0,464.0,10.0,4640.0
ggt_1247,GGT_1247.pdf,para_blocks,0,1,13,text,,2,"produção de energia renovável é menos constante e previsível do que a fóssil, pois não são despacháveis. Uma",108,1,67.0,487.0,531.0,497.0,464.0,10.0,4640.0
ggt_1247,GGT_1247.pdf,para_blocks,0,1,13,text,,3,"matriz de energia elétrica limpa, implica desafios significativos na gestão da rede elétrica. Assim, há a necessidade",117,1,67.0,497.0,531.0,507.0,464.0,10.0,4640.0
ggt_1247,GGT_1247.pdf,para_blocks,0,1,13,text,,4,de novas tecnologias que permitam o armazenamento de energia e o balanceamento da rede. Uma tecnologia,102,1,67.0,507.0,531.0,516.0,464.0,9.0,4176.0
ggt_1247,GGT_1247.pdf,para_blocks,0,1,13,text,,5,"promissora é o power-to-gas (P2G), que permite transformar eletricidade em hidrogênio (H2) ou em outros",103,1,66.0,517.0,531.0,527.0,465.0,10.0,4650.0
ggt_1247,GGT_1247.pdf,para_blocks,0,1,13,text,,6,combustíveis.,13,1,68.0,528.0,123.0,536.0,55.0,8.0,440.0
ggt_1247,GGT_1247.pdf,para_blocks,0,1,14,text,,0,"O hidrogênio produzido pode ser injetado diretamente na rede de gás natural, ou usado para produzir metano por",110,1,81.0,536.0,531.0,546.0,450.0,10.0,4500.0
ggt_1247,GGT_1247.pdf,para_blocks,0,1,14,text,,1,meio do processo de metanação. Quando P2G utiliza eletrólise da água através da utilização de energia renovável,111,1,67.0,548.0,531.0,555.0,464.0,7.0,3248.0
ggt_1247,GGT_1247.pdf,para_blocks,0,1,14,text,,2,"(eólica, solar etc.), o combustível produzido é teoricamente zero de carbono e, neste caso, o hidrogênio é",106,1,68.0,558.0,531.0,565.0,463.0,7.0,3241.0
ggt_1247,GGT_1247.pdf,para_blocks,0,1,14,text,,3,"frequentemente referido como “hidrogênio verde” (DAWOOD, ANDA, et al., 2020). Outra via de descarbonização é",108,1,67.0,567.0,531.0,576.0,464.0,9.0,4176.0
ggt_1247,GGT_1247.pdf,para_blocks,0,1,14,text,,4,a transformação do gás natural por reforma a vapor do metano (SMR – Steam Methane Reforming) juntamente com,107,1,67.0,577.0,531.0,586.0,464.0,9.0,4176.0
ggt_1247,GGT_1247.pdf,para_blocks,0,1,14,text,,5,tecnologias de captura e sequestro de carbono (CCS – Carbon Capture and Storage). O hidrogênio produzido desta,110,1,66.0,586.0,531.0,597.0,465.0,11.0,5115.0
ggt_1247,GGT_1247.pdf,para_blocks,0,1,14,text,,6,"forma é geralmente referido como “hidrogênio azul” (DAWOOD, ANDA, et al., 2020). Qualquer que seja a via de",107,1,67.0,597.0,531.0,606.0,464.0,9.0,4176.0
ggt_1247,GGT_1247.pdf,para_blocks,0,1,14,text,,7,"descarbonização prevalecente, dependendo também da evolução dos aspectos tecnológicos e econômicos, o futuro",108,1,67.0,607.0,531.0,616.0,464.0,9.0,4176.0
ggt_1247,GGT_1247.pdf,para_blocks,0,1,14,text,,8,"do gás natural envolverá o uso de H2 e metano mistos, também relatado na literatura como Gás Natural Enriquecido",112,1,67.0,617.0,531.0,626.0,464.0,9.0,4176.0
ggt_1247,GGT_1247.pdf,para_blocks,0,1,14,text,,9,com Hidrogênio (HENG – Hydrogen Enriched Natural Gas).,54,1,67.0,627.0,305.0,636.0,238.0,9.0,2142.0
ggt_1247,GGT_1247.pdf,para_blocks,0,1,15,text,,0,O objetivo deste artigo é estimar as emissões de gases efeito estufa e os custos evitados com a inserção do,107,1,80.0,636.0,531.0,648.0,451.0,12.0,5412.0
ggt_1247,GGT_1247.pdf,para_blocks,0,1,15,text,,1,"hidrogênio no Brasil e, assim, avaliar a eficiência energética alcançável com a mistura do hidrogênio às redes de gás",117,1,66.0,647.0,531.0,657.0,465.0,10.0,4650.0
ggt_1247,GGT_1247.pdf,para_blocks,0,1,15,text,,2,natural do país.,16,1,68.0,658.0,129.0,666.0,61.0,8.0,488.0
ggt_1247,GGT_1247.pdf,para_blocks,0,1,16,title,2.0,0,2.0 REVISÃO BIBLIOGRÁFICA,25,1,67.0,677.0,197.0,687.0,130.0,10.0,1300.0
ggt_1247,GGT_1247.pdf,para_blocks,0,1,17,text,,0,"A distribuição de misturas de hidrogênio e metano por gasoduto tem uma longa história, que remonta às origens do",112,1,66.0,698.0,531.0,708.0,465.0,10.0,4650.0
ggt_1247,GGT_1247.pdf,para_blocks,0,1,17,text,,1,"sistema de gás natural de hoje, quando o gás manufaturado (gás de síntese) produzido a partir do carvão foi",107,1,67.0,709.0,531.0,717.0,464.0,8.0,3712.0
ggt_1247,GGT_1247.pdf,para_blocks,0,1,17,text,,2,"canalizado pela primeira vez durante a era Gaslight para postes de luz, edifícios comerciais, e famílias no início e",116,1,67.0,719.0,531.0,727.0,464.0,8.0,3712.0
ggt_1247,GGT_1247.pdf,para_blocks,0,1,17,text,,3,"meados de 1800 (TOMORY, 2009). Os produtos de gás manufaturados da época, também conhecidos como gás de",103,1,66.0,727.0,531.0,738.0,465.0,11.0,5115.0
ggt_1247,GGT_1247.pdf,para_blocks,0,1,17,text,,4,"cidade ou gás de água, normalmente continham 30% a 50% de hidrogênio, que podiam ser produzidos a partir de",107,1,68.0,86.0,531.0,96.0,463.0,10.0,4630.0
ggt_1247,GGT_1247.pdf,para_blocks,0,1,17,text,,5,"piche, óleo de baleia, carvão ou produtos petrolíferos (MELAINA, ANTONIA, et al., 2013).",88,1,67.0,96.0,425.0,106.0,358.0,10.0,3580.0
ggt_1247,GGT_1247.pdf,para_blocks,1,2,3,text,,0,"Em 1984, no estudo realizado por Kaske et al. (1985), foi analisada uma rede de distribuição de hidrogênio de alta",114,1,67.0,106.0,531.0,115.0,464.0,9.0,4176.0
ggt_1247,GGT_1247.pdf,para_blocks,1,2,3,text,,1,"pureza com mais de 550 km de extensão de duas grandes empresas, Chemische Hiils of F.R.G. and L’Air Liquide of",110,1,66.0,117.0,531.0,126.0,465.0,9.0,4185.0
ggt_1247,GGT_1247.pdf,para_blocks,1,2,3,text,,2,"France, que na época já operavam. Oney et al. (1994) realizaram uma avaliação técnica e econômica do transporte",111,1,67.0,127.0,531.0,136.0,464.0,9.0,4176.0
ggt_1247,GGT_1247.pdf,para_blocks,1,2,3,text,,3,"duto viário de hidrogênio, gás natural e suas misturas, concluindo que para uma dada distância de transmissão de",112,1,67.0,137.0,531.0,145.0,464.0,8.0,3712.0
ggt_1247,GGT_1247.pdf,para_blocks,1,2,3,text,,4,"500 km e uma taxa de entrega de energia de 1,0 GW, o hidrogênio pode ser transportado a um custo",96,1,67.0,146.0,531.0,155.0,464.0,9.0,4176.0
ggt_1247,GGT_1247.pdf,para_blocks,1,2,3,text,,5,"aproximadamente igual ao de gás natural, se sua pressão de produção for aumentada da atmosférica para um nível",110,1,67.0,157.0,531.0,166.0,464.0,9.0,4176.0
ggt_1247,GGT_1247.pdf,para_blocks,1,2,3,text,,6,"de 0,65 MPa. Isso sugere que as preocupações até agora expressas sobre a viabilidade econômica da transmissão",109,1,67.0,167.0,531.0,176.0,464.0,9.0,4176.0
ggt_1247,GGT_1247.pdf,para_blocks,1,2,3,text,,7,de longa distância de hidrogênio e misturas de gás natural de hidrogênio podem ter sido exageradas.,99,1,67.0,177.0,472.0,185.0,405.0,8.0,3240.0
ggt_1247,GGT_1247.pdf,para_blocks,1,2,4,text,,0,"A possibilidade do hidrogênio ser transportado nas mesmas redes que o gás natural, também foi estudado por Pottier",114,1,66.0,186.0,532.0,196.0,466.0,10.0,4660.0
ggt_1247,GGT_1247.pdf,para_blocks,1,2,4,text,,1,"em 1995, pontuando que é uma alternativa real para o período de transição entre o gás natural e o hidrogênio",108,1,68.0,197.0,531.0,205.0,463.0,8.0,3704.0
ggt_1247,GGT_1247.pdf,para_blocks,1,2,4,text,,2,"(POTTIER, 1995). O autor sugere que em uma primeira etapa, o hidrogênio pode ser misturado em baixas",100,1,68.0,207.0,531.0,216.0,463.0,9.0,4167.0
ggt_1247,GGT_1247.pdf,para_blocks,1,2,4,text,,3,"concentrações (máximo de 10%) com o gás natural, sem qualquer perturbação perceptível nas utilizações usuais.",109,1,67.0,216.0,523.0,226.0,456.0,10.0,4560.0
ggt_1247,GGT_1247.pdf,para_blocks,1,2,5,text,,0,"Em 2003, a Agência Internacional de Energia (IEA, International Energy Agency em inglês) concluiu em seu relatório",114,1,67.0,226.0,530.0,235.0,463.0,9.0,4167.0
ggt_1247,GGT_1247.pdf,para_blocks,1,2,5,text,,1,"“A Redução de emissões de �� adicionando hidrogênio ao gás natural” que, pequenas quantidades de hidrogênio",107,1,67.0,237.0,531.0,245.0,464.0,8.0,3712.0
ggt_1247,GGT_1247.pdf,para_blocks,1,2,5,text,,2,"poderiam ser adicionadas à rede de gás natural quase sem custo, embora existissem, a época, várias barreiras",108,1,67.0,247.0,531.0,256.0,464.0,9.0,4176.0
ggt_1247,GGT_1247.pdf,para_blocks,1,2,5,text,,3,"técnicas e organizacionais que teriam que ser superadas. Isso poderia fornecer uma saída pequena, mas significativa",115,1,67.0,257.0,531.0,266.0,464.0,9.0,4176.0
ggt_1247,GGT_1247.pdf,para_blocks,1,2,5,text,,4,"para o hidrogênio gerado a partir de recursos renováveis excedentes (IEA, 2003). As implicações da mistura de",109,1,66.0,267.0,531.0,275.0,465.0,8.0,3720.0
ggt_1247,GGT_1247.pdf,para_blocks,1,2,5,text,,5,hidrogênio e GN variam com a concentração de hidrogênio. Após estudo realizado pela NREL (National Energy,105,1,66.0,275.0,531.0,286.0,465.0,11.0,5115.0
ggt_1247,GGT_1247.pdf,para_blocks,1,2,5,text,,6,"Laboratories), é relatado que concentrações relativamente baixas de hidrogênio, 5% a 15% por volume, parecem ser",112,1,67.0,286.0,531.0,295.0,464.0,9.0,4176.0
ggt_1247,GGT_1247.pdf,para_blocks,1,2,5,text,,7,"viáveis com poucas modificações nos sistemas de dutos existentes ou aparelhos de uso final (MELAINA, ANTONIA,",109,1,67.0,297.0,530.0,306.0,463.0,9.0,4167.0
ggt_1247,GGT_1247.pdf,para_blocks,1,2,5,text,,8,"et al., 2013). No entanto, esta avaliação de viabilidade irá variar de local para local. Concentrações mais altas",113,1,67.0,307.0,531.0,315.0,464.0,8.0,3712.0
ggt_1247,GGT_1247.pdf,para_blocks,1,2,5,text,,9,introduzem desafios adicionais e modificações necessárias. Ao investigar se o sistema de GN pode ajudar a permitir,114,1,67.0,317.0,531.0,326.0,464.0,9.0,4176.0
ggt_1247,GGT_1247.pdf,para_blocks,1,2,5,text,,10,"uma transição para o uso de hidrogênio no transporte por um longo prazo, Ogden et al. (2018) concluíram que o",109,1,67.0,327.0,531.0,335.0,464.0,8.0,3712.0
ggt_1247,GGT_1247.pdf,para_blocks,1,2,5,text,,11,transporte de misturas de H2 / GN na rede de gasoduto de GN parece tecnicamente possível em frações de 5–15%,108,1,66.0,336.0,531.0,345.0,465.0,9.0,4185.0
ggt_1247,GGT_1247.pdf,para_blocks,1,2,5,text,,12,de hidrogênio por volume.,25,1,67.0,347.0,171.0,356.0,104.0,9.0,936.0
ggt_1247,GGT_1247.pdf,para_blocks,1,2,6,text,,0,"As análises e modelagem conduzidas por Schiro et al. (2019), sugerem que um enriquecimento moderado de",102,1,66.0,355.0,531.0,366.0,465.0,11.0,5115.0
ggt_1247,GGT_1247.pdf,para_blocks,1,2,6,text,,1,"hidrogênio do gás natural, até cerca de 20%, pode ser sustentado pelas caldeiras e aquecedores atuais sem",105,1,67.0,367.0,531.0,375.0,464.0,8.0,3712.0
ggt_1247,GGT_1247.pdf,para_blocks,1,2,6,text,,2,"necessidade de um redesenho. Foi demonstrado por Jones et al. (2018) que, embora o enriquecimento com",101,1,66.0,376.0,531.0,386.0,465.0,10.0,4650.0
ggt_1247,GGT_1247.pdf,para_blocks,1,2,6,text,,3,"hidrogênio atue para diminuir o valor calorífico do gás natural, ele também aumenta a estabilidade de um queimador,",115,1,67.0,387.0,530.0,395.0,463.0,8.0,3704.0
ggt_1247,GGT_1247.pdf,para_blocks,1,2,6,text,,4,suprimindo a possibilidade de a chama apagar por blow-off (apagar por velocidade muito alta) e evita a formação de,114,1,66.0,396.0,531.0,406.0,465.0,10.0,4650.0
ggt_1247,GGT_1247.pdf,para_blocks,1,2,6,text,,5,"chamas amarelas, reduzindo as necessidades de oxigênio. Argumenta-se ainda que para aberturas com menos de",106,1,67.0,407.0,531.0,415.0,464.0,8.0,3712.0
ggt_1247,GGT_1247.pdf,para_blocks,1,2,6,text,,6,"3,5 mm de diâmetro, o HENG (acrônimo que é normalmente referido na literatura significando Hydrogen Enriched",108,1,67.0,416.0,531.0,425.0,464.0,9.0,4176.0
ggt_1247,GGT_1247.pdf,para_blocks,1,2,6,text,,7,Natural Gas) contendo até 50% molar de hidrogênio pode ser inflamado com segurança sem risco de flashback,105,1,67.0,427.0,531.0,435.0,464.0,8.0,3712.0
ggt_1247,GGT_1247.pdf,para_blocks,1,2,6,text,,8,"(apagar por velocidade muito baixa). (JONES, AL-MASRY, et al., 2018)",68,1,67.0,436.0,354.0,446.0,287.0,10.0,2870.0
ggt_1247,GGT_1247.pdf,para_blocks,1,2,7,text,,0,"Nas últimas duas décadas, diversos estudos na Europa foram e estão sendo importantes para o conhecimento das",108,1,66.0,445.0,531.0,456.0,465.0,11.0,5115.0
ggt_1247,GGT_1247.pdf,para_blocks,1,2,7,text,,1,tolerâncias da porcentagem de hidrogênio na rede de gás natural. A Quadro 1 resume estes estudos.,97,1,68.0,457.0,473.0,466.0,405.0,9.0,3645.0
ggt_1247,GGT_1247.pdf,para_blocks,2,3,3,title,2.0,0,3.0 ANÁLISE DE CONSUMO DE GÁS NATURAL NO BRASIL,47,1,66.0,126.0,320.0,138.0,254.0,12.0,3048.0
ggt_1247,GGT_1247.pdf,para_blocks,2,3,4,text,,0,"De acordo com o Balanço Energético Nacional 2020, o setor industrial é o maior consumidor de gás natural no",107,1,82.0,149.0,530.0,157.0,448.0,8.0,3584.0
ggt_1247,GGT_1247.pdf,para_blocks,2,3,4,text,,1,"Brasil, correspondendo a 47,5%, seguidos do setor energético com 37,8% e do setor de transportes com 11,5%.",107,1,68.0,158.0,516.0,167.0,448.0,9.0,4032.0
ggt_1247,GGT_1247.pdf,para_blocks,2,3,5,text,,0,"O setor residencial corresponde a apenas 2,3% da demanda de todo gás consumido no Brasil (EPE, 2020) e seu",106,1,80.0,167.0,531.0,177.0,451.0,10.0,4510.0
ggt_1247,GGT_1247.pdf,para_blocks,2,3,5,text,,1,"uso se dá basicamente para aquecimento de água e fogão e aquecimento de ambiente na região Sul. No entanto,",107,1,67.0,178.0,529.0,187.0,462.0,9.0,4158.0
ggt_1247,GGT_1247.pdf,para_blocks,2,3,5,text,,2,"grande parte do gás consumo é o GLP (Gás Liquefeito de Petróleo) ou gás de botijão, representando cerca de 96%",110,1,66.0,188.0,531.0,198.0,465.0,10.0,4650.0
ggt_1247,GGT_1247.pdf,para_blocks,2,3,5,text,,3,"em volume de todo gás consumido (EPE, 2020). Esta diferença se confere pelo fato da rede de distribuição de gás",111,1,67.0,199.0,530.0,207.0,463.0,8.0,3704.0
ggt_1247,GGT_1247.pdf,para_blocks,2,3,5,text,,4,natural ainda não estar atendendo grande parte da população e também pelo GLP oferecer preços mais competitivos,111,1,67.0,209.0,531.0,217.0,464.0,8.0,3712.0
ggt_1247,GGT_1247.pdf,para_blocks,2,3,5,text,,5,e atrativos para o consumo residencial.,39,1,67.0,219.0,225.0,227.0,158.0,8.0,1264.0
ggt_1247,GGT_1247.pdf,para_blocks,2,3,6,text,,0,"Além disso, o setor comercial representa apenas 0,68% do consumo de gás natural no Brasil. Este número é",104,1,81.0,228.0,532.0,237.0,451.0,9.0,4059.0
ggt_1247,GGT_1247.pdf,para_blocks,2,3,6,text,,1,"corroborado por uma pesquisa realizada com 10.216 empresas do setor comercial e de serviços no Brasil, conclui-",111,1,68.0,239.0,531.0,247.0,463.0,8.0,3704.0
ggt_1247,GGT_1247.pdf,para_blocks,2,3,6,text,,2,"se que gás natural é um insumo utilizado por parcela pouco significativa do setor de comércio e serviços, em que",112,1,66.0,248.0,531.0,258.0,465.0,10.0,4650.0
ggt_1247,GGT_1247.pdf,para_blocks,2,3,6,text,,3,"apenas 0,66% dos entrevistados informaram utilizar o energético (EPE, 2015).",76,1,66.0,258.0,381.0,268.0,315.0,10.0,3150.0
ggt_1247,GGT_1247.pdf,para_blocks,2,3,7,text,,0,"O setor energético é o segundo setor com o maior de consumo de gás natural no Brasil (EPE, 2020). A",99,1,81.0,268.0,531.0,277.0,450.0,9.0,4050.0
ggt_1247,GGT_1247.pdf,para_blocks,2,3,7,text,,1,participação do gás natural na geração de energia elétrica vem crescendo e tende a crescer mais com a intenção do,113,1,67.0,279.0,531.0,288.0,464.0,9.0,4176.0
ggt_1247,GGT_1247.pdf,para_blocks,2,3,7,text,,2,"governo brasileiro de substituir as termelétricas a óleo por gás natural. No Plano Decenal de Energia 2029, o gás",113,1,67.0,289.0,531.0,298.0,464.0,9.0,4176.0
ggt_1247,GGT_1247.pdf,para_blocks,2,3,7,text,,3,"natural se apresenta como principal combustível para expansão de geração termelétrica (MME/EPE, 2020). Em 2020,",111,1,68.0,299.0,529.0,307.0,461.0,8.0,3688.0
ggt_1247,GGT_1247.pdf,para_blocks,2,3,7,text,,4,"foi inaugurada a maior termelétrica a gás natural da América Latina em Sergipe. Com potência de 1,5GW, a",104,1,66.0,308.0,531.0,318.0,465.0,10.0,4650.0
ggt_1247,GGT_1247.pdf,para_blocks,2,3,7,text,,5,"Termelétrica Porto de Sergipe poderá atender a 15% da demanda de energia elétrica da região Nordeste. (GOV.BR,",110,1,68.0,319.0,529.0,327.0,461.0,8.0,3688.0
ggt_1247,GGT_1247.pdf,para_blocks,2,3,7,text,,6,2020),5,1,66.0,328.0,92.0,338.0,26.0,10.0,260.0
ggt_1247,GGT_1247.pdf,para_blocks,2,3,8,text,,0,"Esta decisão estratégica não é apenas uma questão ambiental pelo fato de o gás natural emitir menos GEE, mas",108,1,82.0,338.0,531.0,347.0,449.0,9.0,4041.0
ggt_1247,GGT_1247.pdf,para_blocks,2,3,8,text,,1,"também por uma questão econômica, por diminuir os custos com combustível. A utilização de turbinas a gás para",109,1,66.0,347.0,532.0,358.0,466.0,11.0,5126.0
ggt_1247,GGT_1247.pdf,para_blocks,2,3,8,text,,2,geração de eletricidade é uma tendência global e utilização de hidrogênio na mistura não é novidade. O gás de,109,1,67.0,358.0,531.0,367.0,464.0,9.0,4176.0
ggt_1247,GGT_1247.pdf,para_blocks,2,3,8,text,,3,"síntese tem um alto teor de hidrogênio e já é utilizado há décadas para geração de energia. Além disso, grandes",111,1,66.0,367.0,531.0,378.0,465.0,11.0,5115.0
ggt_1247,GGT_1247.pdf,para_blocks,2,3,8,text,,4,"fabricantes como GE, Siemens e Mitsubishi já estão pensando no futuro e lançando no mercado tecnologias que",107,1,66.0,377.0,531.0,388.0,465.0,11.0,5115.0
ggt_1247,GGT_1247.pdf,para_blocks,2,3,8,text,,5,"trabalham com até 100% de hidrogênio (GOLDMEER, 2018). Taamallah et al. (2015) pontua que todas as turbinas",107,1,67.0,388.0,531.0,397.0,464.0,9.0,4176.0
ggt_1247,GGT_1247.pdf,para_blocks,2,3,8,text,,6,"a gás podem aceitar quantidades consideráveis de hidrogênio na mistura com gás natural, realizando pequenas",107,1,67.0,398.0,531.0,407.0,464.0,9.0,4176.0
ggt_1247,GGT_1247.pdf,para_blocks,2,3,8,text,,7,"modificações no sistema de combustão. Em uma publicação da fabricante de turbina a gás Mitsubishi Power, é",106,1,67.0,408.0,530.0,416.0,463.0,8.0,3704.0
ggt_1247,GGT_1247.pdf,para_blocks,2,3,8,text,,8,"relatado que as turbinas existentes hoje aceitam até 20% de hidrogênio sem problemas (MITSUBISHI POWER,",103,1,67.0,418.0,530.0,427.0,463.0,9.0,4167.0
ggt_1247,GGT_1247.pdf,para_blocks,2,3,8,text,,9,"2020). De acordo com a GE, a nova geração da turbina 7HA, a mesma que foi instalada na Termelétrica Porto de",108,1,67.0,428.0,531.0,437.0,464.0,9.0,4176.0
ggt_1247,GGT_1247.pdf,para_blocks,2,3,8,text,,10,"Sergipe, tem capacidade para aceitar níveis de até 50% de hidrogênio em volume (GE, 2020).",90,1,67.0,438.0,444.0,447.0,377.0,9.0,3393.0
ggt_1247,GGT_1247.pdf,para_blocks,2,3,9,text,,0,"Em 2018, a EPE realizou uma pesquisa envolvendo 1.167 plantas industriais em 595 municípios brasileiros com",107,1,80.0,447.0,531.0,457.0,451.0,10.0,4510.0
ggt_1247,GGT_1247.pdf,para_blocks,2,3,9,text,,1,o objetivo de realizar uma análise da eficiência energética no setor industrial do Brasil. No documento gerado é,112,1,67.0,458.0,531.0,466.0,464.0,8.0,3712.0
ggt_1247,GGT_1247.pdf,para_blocks,2,3,9,text,,2,"possível identificar em que etapa da produção, qual tipo de equipamento e processo o gás natural é utilizado para",113,1,67.0,469.0,531.0,477.0,464.0,8.0,3712.0
ggt_1247,GGT_1247.pdf,para_blocks,2,3,9,text,,3,"cada setor industrial (EPE, 2018b). Foi constatado, que o uso do gás natural no setor industrial como fonte de energia,",119,1,66.0,477.0,530.0,488.0,464.0,11.0,5104.0
ggt_1247,GGT_1247.pdf,para_blocks,2,3,9,text,,4,"é em sua maioria para calor de processo ou aquecimento direto, e em alguns casos isolados para força motriz e",109,1,67.0,488.0,531.0,497.0,464.0,9.0,4176.0
ggt_1247,GGT_1247.pdf,para_blocks,2,3,9,text,,5,refrigeração. Abaixo a definição destes termos de acordo com a EPE (2018b):,75,1,66.0,498.0,380.0,508.0,314.0,10.0,3140.0
ggt_1247,GGT_1247.pdf,para_blocks,2,3,10,text,,0,"Força motriz (FM): energia usada em motores estacionários ou de veículos de transporte, individual ou",101,1,101.0,509.0,531.0,519.0,430.0,10.0,4300.0
ggt_1247,GGT_1247.pdf,para_blocks,2,3,10,text,,1,"coletivo, de carga, tratores etc.;",34,1,103.0,522.0,229.0,531.0,126.0,9.0,1134.0
ggt_1247,GGT_1247.pdf,para_blocks,2,3,11,text,,0, Calor de Processo (CP): Energia usada em caldeiras e aquecedores de água e fluidos térmicos;,94,1,85.0,533.0,488.0,543.0,403.0,10.0,4030.0
ggt_1247,GGT_1247.pdf,para_blocks,2,3,12,text,,0,"Aquecimento Direto (AD): Energia usada em fornos, fornalhas, radiação, aquecimento por indução,",95,1,101.0,545.0,530.0,555.0,429.0,10.0,4290.0
ggt_1247,GGT_1247.pdf,para_blocks,2,3,12,text,,1,condução e micro-ondas;,23,1,104.0,559.0,204.0,567.0,100.0,8.0,800.0
ggt_1247,GGT_1247.pdf,para_blocks,2,3,13,text,,0,"Refrigeração (REF): energia usada em geladeiras, freezers, equipamentos de refrigeração e ar-",93,1,101.0,570.0,531.0,580.0,430.0,10.0,4300.0
ggt_1247,GGT_1247.pdf,para_blocks,2,3,13,text,,1,"condicionado, tanto de ciclo de compressão como de absorção.",60,1,103.0,582.0,357.0,592.0,254.0,10.0,2540.0
ggt_1247,GGT_1247.pdf,para_blocks,2,3,14,text,,0,O setor de transporte no Brasil se caracteriza pelo consumo de gás natural em carros com kit GNV (gás natural,109,1,81.0,604.0,531.0,613.0,450.0,9.0,4050.0
ggt_1247,GGT_1247.pdf,para_blocks,2,3,14,text,,1,"veicular). O GNV se tornou uma alternativa de combustível econômico para a população, principalmente para",105,1,66.0,613.0,531.0,623.0,465.0,10.0,4650.0
ggt_1247,GGT_1247.pdf,para_blocks,2,3,14,text,,2,"motoristas de taxi e aplicativos, que precisam cortar custos para oferecer preços competitivos no transporte. Hoje o",116,1,67.0,624.0,531.0,633.0,464.0,9.0,4176.0
ggt_1247,GGT_1247.pdf,para_blocks,2,3,14,text,,3,"kit GNV no Brasil já está na geração 5, em que se torna automático a alternância de combustível. Quando o carro",111,1,67.0,634.0,531.0,643.0,464.0,9.0,4176.0
ggt_1247,GGT_1247.pdf,para_blocks,2,3,14,text,,4,"precisa de mais força, o sistema aciona o combustível padrão do carro, quando está na estrada o GNV é acionado",110,1,67.0,644.0,530.0,653.0,463.0,9.0,4167.0
ggt_1247,GGT_1247.pdf,para_blocks,2,3,14,text,,5,automaticamente.,16,1,67.0,654.0,140.0,663.0,73.0,9.0,657.0
ggt_1247,GGT_1247.pdf,para_blocks,2,3,15,text,,0,Diversos estudos tratam da utilização de HCNG (Hydrogen Enriched Compressed Natural Gas) em motores a,101,1,80.0,662.0,532.0,673.0,452.0,11.0,4972.0
ggt_1247,GGT_1247.pdf,para_blocks,2,3,15,text,,1,combustão interna (ICE). Yan et al. (2018) realiza uma extensa revisão da literatura de diversos estudos na utilização,118,1,68.0,675.0,531.0,682.0,463.0,7.0,3241.0
ggt_1247,GGT_1247.pdf,para_blocks,2,3,15,text,,2,HCNG em ICE. Chega-se à conclusão que o conteúdo de hidrogênio é o parâmetro mais importante que influencia,107,1,66.0,683.0,531.0,693.0,465.0,10.0,4650.0
ggt_1247,GGT_1247.pdf,para_blocks,2,3,15,text,,3,a combustão de HCNG e o desempenho de emissão. O ICE alimentado com uma fração de hidrogênio maior pode,103,1,67.0,694.0,531.0,703.0,464.0,9.0,4176.0
ggt_1247,GGT_1247.pdf,para_blocks,2,3,15,text,,4,"causar combustão anormal, como pré-ignição, detonação e contraexplosão, enquanto com um conteúdo de",99,1,67.0,704.0,531.0,713.0,464.0,9.0,4176.0
ggt_1247,GGT_1247.pdf,para_blocks,2,3,15,text,,5,"hidrogênio relativamente menor, os benefícios do hidrogênio não podem ser aproveitados por completo. Em geral,",110,1,67.0,714.0,531.0,723.0,464.0,9.0,4176.0
ggt_1247,GGT_1247.pdf,para_blocks,2,3,15,text,,6,concentrações de 18 a 30% de H2 em volume na mistura são os combustíveis mais amplamente adotados na,100,1,67.0,723.0,530.0,732.0,463.0,9.0,4167.0
ggt_1247,GGT_1247.pdf,para_blocks,2,3,15,text,,7,"literatura (YAN, XU, et al., 2018).",35,1,67.0,733.0,200.0,743.0,133.0,10.0,1330.0
ggt_1247,GGT_1247.pdf,para_blocks,3,4,2,title,2.0,0,4.0 MODELO PROPOSTO,19,1,66.0,97.0,178.0,109.0,112.0,12.0,1344.0
ggt_1247,GGT_1247.pdf,para_blocks,3,4,3,text,,0,Este capítulo busca resumir a modelagem realizada para estimar as emissões de gases do efeito estufa e os,105,1,81.0,117.0,531.0,127.0,450.0,10.0,4500.0
ggt_1247,GGT_1247.pdf,para_blocks,3,4,3,text,,1,"custos evitados com a inserção do hidrogênio no Brasil e, assim, avaliar a eficiência energética alcançável com a",113,1,67.0,128.0,531.0,137.0,464.0,9.0,4176.0
ggt_1247,GGT_1247.pdf,para_blocks,3,4,3,text,,2,"mistura do hidrogênio às redes de gás natural do país. Para isso, foram realizadas projeções para demanda e custo",113,1,67.0,137.0,530.0,146.0,463.0,9.0,4167.0
ggt_1247,GGT_1247.pdf,para_blocks,3,4,3,text,,3,do gás natural comparada a política de adoção da mistura de gás natural com 20% de hidrogênio produzida a partir,112,1,67.0,148.0,531.0,157.0,464.0,9.0,4176.0
ggt_1247,GGT_1247.pdf,para_blocks,3,4,3,text,,4,"da eletrólise PEM com fonte solar e eólica, e através da reforma a vapor do metano com captura de carbono.",106,1,68.0,158.0,503.0,166.0,435.0,8.0,3480.0
ggt_1247,GGT_1247.pdf,para_blocks,3,4,4,title,2.0,0,4.1 Modelagem de mistura HENG,29,1,103.0,179.0,241.0,188.0,138.0,9.0,1242.0
ggt_1247,GGT_1247.pdf,para_blocks,3,4,5,text,,0,"Apesar de o gás natural conter, além do metano, outros gases em sua mistura como butano, propano e etano, é",107,1,67.0,199.0,531.0,208.0,464.0,9.0,4176.0
ggt_1247,GGT_1247.pdf,para_blocks,3,4,5,text,,1,suficiente considerar para fins de modelagem que o gás natural da mistura tem as mesmas propriedades do metano.,111,1,67.0,209.0,531.0,218.0,464.0,9.0,4176.0
ggt_1247,GGT_1247.pdf,para_blocks,3,4,5,text,,2,"De acordo com a Resolução 16/2008 da ANP, o gás natural precisa ter no mínimo 85% de metano para ser",100,1,67.0,219.0,531.0,227.0,464.0,8.0,3712.0
ggt_1247,GGT_1247.pdf,para_blocks,3,4,5,text,,3,"comercializado no Brasil, com exceção da região Norte que precisa de no mínimo 68% (ANP, 2008). Dessa forma, a",110,1,67.0,229.0,531.0,237.0,464.0,8.0,3712.0
ggt_1247,GGT_1247.pdf,para_blocks,3,4,5,text,,4,reação de combustão de uma mistura de hidrogênio com gás natural pode ser expressa pela seguinte relação,104,1,66.0,238.0,531.0,249.0,465.0,11.0,5115.0
ggt_1247,GGT_1247.pdf,para_blocks,3,4,5,text,,5,"química, conforme a Equação 1 (LO BASSO et al., 2017):",54,1,67.0,249.0,299.0,258.0,232.0,9.0,2088.0
ggt_1247,GGT_1247.pdf,para_blocks,3,4,6,interline_equation,,0,\begin{array} { r l } & { ( 1 - f _ { H _ { 2 } } ) \cdot C H _ { 4 } + f _ { H _ { 2 } } \cdot H _ { 2 } + \lambda \cdot [ 2 \cdot ( 1 - f _ { H _ { 2 } } ) + \displaystyle \frac { f _ { H _ { 2 } } } { 2 } ] \cdot ( { \cal O } _ { 2 } + 3 . 7 6 N _ { 2 } ) } \\ & { \qquad ( 1 - f _ { H _ { 2 } } ) \cdot C O _ { 2 } + ( 2 - f _ { H _ { 2 } } ) \cdot H _ { 2 } O + [ 2 \cdot ( 1 - f _ { H _ { 2 } } ) + \displaystyle \frac { f _ { H _ { 2 } } } { 2 } ] \cdot [ ( \lambda - 1 ) \cdot O _ { 2 } + \lambda 3 . 7 6 N _ { 2 } ] } \end{array}\tag{1},545,1,90.0,259.0,492.0,304.0,402.0,45.0,18090.0
ggt_1247,GGT_1247.pdf,para_blocks,3,4,8,text,,0,"Onde f _ { H _ { 2 } } corresponde à fração em volume de hidrogênio na mistura e λ é o coeficiente de excesso de ar, definido",125,3,67.0,306.0,531.0,318.0,464.0,12.0,5568.0
ggt_1247,GGT_1247.pdf,para_blocks,3,4,8,text,,1,como a razão entre a razão ar-combustível real e a razão ar-combustível estequiométrica (também referido na,107,1,67.0,318.0,531.0,327.0,464.0,9.0,4176.0
ggt_1247,GGT_1247.pdf,para_blocks,3,4,8,text,,2,literatura como razão de equivalência ar-combustível).,54,1,67.0,327.0,284.0,336.0,217.0,9.0,1953.0
ggt_1247,GGT_1247.pdf,para_blocks,3,4,9,text,,0,Os conteúdos de \mathsf { C O } _ { 2 } \mathsf { e O } _ { 2 } são geralmente medidos nos gases de combustão durante os testes experimentais para,146,3,67.0,337.0,531.0,347.0,464.0,10.0,4640.0
ggt_1247,GGT_1247.pdf,para_blocks,3,4,9,text,,1,"detectar a proporção real de ar-combustível (ou, em outros termos, o excesso de ar) para um valor conhecido de f _ { H _ { 2 } }",128,2,68.0,348.0,529.0,359.0,461.0,11.0,5071.0
ggt_1247,GGT_1247.pdf,para_blocks,3,4,9,text,,2,"O cálculo da composição volumétrica do escapamento é geralmente referido às condições secas, considerando",105,1,67.0,359.0,531.0,368.0,464.0,9.0,4176.0
ggt_1247,GGT_1247.pdf,para_blocks,3,4,9,text,,3,"assim a água completamente condensada. Nesta hipótese, o cálculo de \mathsf { C O } _ { 2 } é expresso pela Equação 2 (SCHIRO",125,3,66.0,369.0,531.0,379.0,465.0,10.0,4650.0
ggt_1247,GGT_1247.pdf,para_blocks,3,4,9,text,,4,"et al., 2020).",14,1,66.0,379.0,117.0,388.0,51.0,9.0,459.0
ggt_1247,GGT_1247.pdf,para_blocks,3,4,10,interline_equation,,0,"C O _ { 2 } [ \% v o l ] = \frac { ( 1 - f _ { H _ { 2 } } ) } { 9 , 5 2 \lambda + 0 , 5 f _ { H _ { 2 } } - 7 , 1 4 \lambda f _ { H _ { 2 } } - 1 }\tag{2}",155,1,220.0,388.0,395.0,413.0,175.0,25.0,4375.0
ggt_1247,GGT_1247.pdf,para_blocks,3,4,12,text,,0,"Sendo a descarbonização um dos principais impulsionadores da introdução do HENG, foi desenvolvida uma equação",109,1,66.0,422.0,531.0,433.0,465.0,11.0,5115.0
ggt_1247,GGT_1247.pdf,para_blocks,3,4,12,text,,1,para o cálculo do volume de dióxido de carbono ( V _ { C O _ { 2 } } ) emitido por unidade de energia ( E _ { f } ) da mistura de HENG,134,5,67.0,433.0,530.0,444.0,463.0,11.0,5093.0
ggt_1247,GGT_1247.pdf,para_blocks,3,4,12,text,,2,(Equações 3 \in 4 ) . O cálculo considera apenas a emissão de carbono relacionada à combustão do combustível,108,3,68.0,444.0,531.0,454.0,463.0,10.0,4630.0
ggt_1247,GGT_1247.pdf,para_blocks,3,4,12,text,,3,"(SCHIRO et al., 2020).",22,1,67.0,454.0,159.0,464.0,92.0,10.0,920.0
ggt_1247,GGT_1247.pdf,para_blocks,3,4,13,interline_equation,,0,\frac { V _ { C O _ { 2 } } } { E _ { f } } = \frac { ( 1 - f _ { H _ { 2 } } ) } { f _ { H _ { 2 } } L H V _ { H _ { 2 } } + \left( 1 - f _ { H _ { 2 } } \right) L H V _ { C H _ { 4 } } }\tag{3},195,1,235.0,464.0,378.0,491.0,143.0,27.0,3861.0
ggt_1247,GGT_1247.pdf,para_blocks,3,4,15,interline_equation,,0,\frac { m _ { C O _ { 2 } } } { E _ { f } } = \frac { \rho _ { C O _ { 2 } } ( 1 - f _ { H _ { 2 } } ) } { f _ { H _ { 2 } } L H V _ { H _ { 2 } } + \big ( 1 - f _ { H _ { 2 } } \big ) L H V _ { C H _ { 4 } } }\tag{4},217,1,234.0,499.0,379.0,525.0,145.0,26.0,3770.0
ggt_1247,GGT_1247.pdf,para_blocks,3,4,17,text,,0,"Propriedades dos gases como LHV (Low Heating Value, também referido com Net Calorific Value ou Poder Calorífico",111,1,67.0,534.0,531.0,543.0,464.0,9.0,4176.0
ggt_1247,GGT_1247.pdf,para_blocks,3,4,17,text,,1,"Inferior em português) e HHV (High Heating Value, também referido como Gross Calorific Value ou Poder Calorifico",112,1,67.0,544.0,530.0,553.0,463.0,9.0,4167.0
ggt_1247,GGT_1247.pdf,para_blocks,3,4,17,text,,2,"Superior em português), são primordiais para se avaliar a quantidade de energia térmica contida no gás. Dessa",109,1,67.0,554.0,531.0,563.0,464.0,9.0,4176.0
ggt_1247,GGT_1247.pdf,para_blocks,3,4,17,text,,3,"forma, a equação para LHV e HHV para a mistura de gases é descrita em SCHIRO et al. (2019). Observa-se na",105,1,66.0,564.0,531.0,573.0,465.0,9.0,4185.0
ggt_1247,GGT_1247.pdf,para_blocks,3,4,17,text,,4,"Figura 1 que os poderes caloríficos por unidade de volume diminuem com a porcentagem de hidrogênio, porém",105,1,67.0,574.0,530.0,583.0,463.0,9.0,4167.0
ggt_1247,GGT_1247.pdf,para_blocks,3,4,17,text,,5,aumentam quando são calculados por unidade de massa.,52,1,67.0,585.0,299.0,594.0,232.0,9.0,2088.0
ggt_1247,GGT_1247.pdf,para_blocks,4,5,2,text,,0,Figura 1 - Comparação do comportamento dos poderes caloríficos por unidade de massa e volume de acordo com,106,1,70.0,86.0,527.0,95.0,457.0,9.0,4113.0
ggt_1247,GGT_1247.pdf,para_blocks,4,5,2,text,,1,a porcentagem de hidrogênio na mistura.,39,1,215.0,97.0,382.0,106.0,167.0,9.0,1503.0
ggt_1247,GGT_1247.pdf,para_blocks,4,5,3,title,2.0,0,4.2 Produção de hidrogênio,26,1,102.0,117.0,217.0,127.0,115.0,10.0,1150.0
ggt_1247,GGT_1247.pdf,para_blocks,4,5,4,text,,0,A ampliação das tecnologias de hidrogênio existentes fornecerá soluções competitivas de baixo carbono em uma,108,1,67.0,128.0,531.0,136.0,464.0,8.0,3712.0
ggt_1247,GGT_1247.pdf,para_blocks,4,5,4,text,,1,ampla gama de aplicações até 2030 e pode até oferecer alternativas competitivas de baixo carbono aos combustíveis,113,1,66.0,138.0,531.0,147.0,465.0,9.0,4185.0
ggt_1247,GGT_1247.pdf,para_blocks,4,5,4,text,,2,"convencionais em alguns segmentos. No entanto, para atingir essa escala, é necessário investimento, alinhamento",111,1,67.0,148.0,531.0,156.0,464.0,8.0,3712.0
ggt_1247,GGT_1247.pdf,para_blocks,4,5,4,text,,3,"de políticas e criação de demanda (HYDROGEN COUNCIL, 2020).",59,1,67.0,158.0,334.0,166.0,267.0,8.0,2136.0
ggt_1247,GGT_1247.pdf,para_blocks,4,5,5,text,,0,"As fontes de energia determinam as emissões de GEE, bem como a demanda cumulativa de energia (CED) de todo",106,1,66.0,167.0,531.0,177.0,465.0,10.0,4650.0
ggt_1247,GGT_1247.pdf,para_blocks,4,5,5,text,,1,"o ciclo de vida (BAREISS et al., 2019). Parkinson et al. (2019) examinam os custos relativos e mitigação de carbono",115,1,66.0,177.0,531.0,187.0,465.0,10.0,4650.0
ggt_1247,GGT_1247.pdf,para_blocks,4,5,5,text,,2,no ciclo de vida de 12 tecnologias diferentes de produção de hidrogênio. A Tabela 1 resume os resultados para as,112,1,67.0,188.0,531.0,196.0,464.0,8.0,3712.0
ggt_1247,GGT_1247.pdf,para_blocks,4,5,5,text,,3,três tecnologias analisadas neste trabalho.,43,1,67.0,198.0,238.0,206.0,171.0,8.0,1368.0
ggt_1247,GGT_1247.pdf,para_blocks,4,5,8,title,2.0,0,4.3 As emissões de GEE decorrentes da mistura de hidrogênio ao gás natura,73,1,103.0,297.0,417.0,308.0,314.0,11.0,3454.0
ggt_1247,GGT_1247.pdf,para_blocks,4,5,9,text,,0,Para o cálculo das emissões do gás natural é preciso considerar todas as emissões relacionas ao ciclo de vida e,111,1,66.0,307.0,531.0,317.0,465.0,10.0,4650.0
ggt_1247,GGT_1247.pdf,para_blocks,4,5,9,text,,1,"combustão. As emissões relacionadas a combustão do gás natural correspondem a 56,2 gCO2eq/MJ (EDWARD et",103,1,66.0,317.0,532.0,327.0,466.0,10.0,4660.0
ggt_1247,GGT_1247.pdf,para_blocks,4,5,9,text,,2,"al., 2019). Para o ciclo de vida do gás natural foi utilizada os dados obtidos por SKONE et al. (2019) e estão resumidos",120,1,67.0,327.0,531.0,337.0,464.0,10.0,4640.0
ggt_1247,GGT_1247.pdf,para_blocks,4,5,9,text,,3,na Figura 2.,12,1,66.0,338.0,116.0,347.0,50.0,9.0,450.0
ggt_1247,GGT_1247.pdf,para_blocks,4,5,12,text,,0,"Para o ciclo de vida do hidrogênio, são utilizados os dados da divulgados por PARKINSON et al. (2019), que relaciona",116,1,66.0,479.0,531.0,489.0,465.0,10.0,4650.0
ggt_1247,GGT_1247.pdf,para_blocks,4,5,12,text,,1,as emissões de CO2/kg de hidrogênio produzido para diversas tecnologias. As informações das três alternativas,109,1,67.0,490.0,531.0,499.0,464.0,9.0,4176.0
ggt_1247,GGT_1247.pdf,para_blocks,4,5,12,text,,2,analisadas neste trabalho são resumidas na Tabela 2.,52,1,67.0,500.0,284.0,509.0,217.0,9.0,1953.0
ggt_1247,GGT_1247.pdf,para_blocks,4,5,15,title,2.0,0,"4.4 Custo, demanda e emissões no Brasil.",40,1,103.0,612.0,275.0,621.0,172.0,9.0,1548.0
ggt_1247,GGT_1247.pdf,para_blocks,4,5,16,text,,0,"Anualmente a EPE publica o Plano Decenal de Expansão de Energia, onde são divulgados dados de estimativas",105,1,81.0,631.0,530.0,641.0,449.0,10.0,4490.0
ggt_1247,GGT_1247.pdf,para_blocks,4,5,16,text,,1,para expansão do setor energético para os próximos 10 anos. Neste documento são divulgados os planos do Brasil,110,1,67.0,642.0,530.0,651.0,463.0,9.0,4167.0
ggt_1247,GGT_1247.pdf,para_blocks,4,5,16,text,,2,"para demanda de gás natural, o custo marginal de energia (CME) e o custo marginal de operação (CMO) esperado",108,1,67.0,652.0,531.0,661.0,464.0,9.0,4176.0
ggt_1247,GGT_1247.pdf,para_blocks,4,5,16,text,,3,para os próximos anos. Estes dados são utilizados para que sejam estimados os custos envolvidos para expansão,109,1,67.0,662.0,531.0,672.0,464.0,10.0,4640.0
ggt_1247,GGT_1247.pdf,para_blocks,4,5,16,text,,4,"da energia elétrica necessária para produção do H2 anual e são resumidos na (EPE, 2017, 2018a, MME/EPE, 2020).",110,1,67.0,672.0,530.0,681.0,463.0,9.0,4167.0
ggt_1247,GGT_1247.pdf,para_blocks,4,5,17,text,,0,"Para as projeções da demanda por gás natural, foram utilizadas as estimativas divulgadas no Plano Decenal de",108,1,81.0,682.0,531.0,691.0,450.0,9.0,4050.0
ggt_1247,GGT_1247.pdf,para_blocks,4,5,17,text,,1,"Energia (PDE) 2030 (EPE, 2021). O Ministério de Ciência, Tecnologia e Inovação (MCTI) divulga mensalmente o",107,1,67.0,691.0,532.0,701.0,465.0,10.0,4650.0
ggt_1247,GGT_1247.pdf,para_blocks,4,5,17,text,,2,"fator médio de emissão de CO2 do Sistema Interligado Nacional (SIN) de energia elétrica (MCTIC, 2020). O valor",110,1,66.0,702.0,531.0,711.0,465.0,9.0,4185.0
ggt_1247,GGT_1247.pdf,para_blocks,4,5,17,text,,3,"médio dos últimos dez anos, foi utilizado para as projeções.",60,1,66.0,711.0,306.0,722.0,240.0,11.0,2640.0
ggt_1247,GGT_1247.pdf,para_blocks,4,5,18,title,2.0,0,5.0 RESULTADOS,14,1,67.0,734.0,146.0,742.0,79.0,8.0,632.0
ggt_1247,GGT_1247.pdf,para_blocks,5,6,2,text,,0,"Como analisado nos capítulos anteriores, buscaram-se as frações de hidrogênio que fossem adequadas para",103,1,81.0,86.0,531.0,96.0,450.0,10.0,4500.0
ggt_1247,GGT_1247.pdf,para_blocks,5,6,2,text,,1,cada tipo de equipamento utilizado de acordo com o setor de consumo no Brasil. Para construir um cenário viável,111,1,67.0,96.0,530.0,106.0,463.0,10.0,4630.0
ggt_1247,GGT_1247.pdf,para_blocks,5,6,2,text,,2,"para os próximos 10 anos, adotou-se a concentração de 20% para os setores de transporte, comercial, residencial,",112,1,67.0,107.0,531.0,116.0,464.0,9.0,4176.0
ggt_1247,GGT_1247.pdf,para_blocks,5,6,2,text,,3,"público, energético e industrial. As emissões de CO2 corresponde a emissões da combustão e transporte do metano",111,1,67.0,117.0,531.0,125.0,464.0,8.0,3712.0
ggt_1247,GGT_1247.pdf,para_blocks,5,6,2,text,,4,somada as emissões da fabricação de hidrogênio e as do fator médio de emissão do SIN dos últimos 10 anos. Já o,110,1,67.0,126.0,531.0,136.0,464.0,10.0,4640.0
ggt_1247,GGT_1247.pdf,para_blocks,5,6,2,text,,5,custo corresponde ao custo de produção do hidrogênio somado ao CME relacionado ao consumo de eletricidade,105,1,67.0,136.0,531.0,146.0,464.0,10.0,4640.0
ggt_1247,GGT_1247.pdf,para_blocks,5,6,2,text,,6,para produção de hidrogênio e ao custo do GN a ser fornecido.,61,1,66.0,146.0,320.0,156.0,254.0,10.0,2540.0
ggt_1247,GGT_1247.pdf,para_blocks,5,6,3,text,,0,Na Tabela 3 - Resultados emissões evitadas 2020 por setor variando H2 [% vol]. Os setores que não estão,103,1,81.0,156.0,531.0,165.0,450.0,9.0,4050.0
ggt_1247,GGT_1247.pdf,para_blocks,5,6,3,text,,1,"presentes na tabela, são os que não realizam consumo de gás natural. Percebe-se nas duas primeiras linhas a",107,1,67.0,167.0,531.0,176.0,464.0,9.0,4176.0
ggt_1247,GGT_1247.pdf,para_blocks,5,6,3,text,,2,porcentagem de CO2 evitado em função da porcentagem de H2 no gás natural.,73,1,67.0,177.0,386.0,186.0,319.0,9.0,2871.0
ggt_1247,GGT_1247.pdf,para_blocks,5,6,6,text,,0,Na Figura 3 compara-se a projeção de tCO2 evitados pelo não fornecimento de 20% de GN para o setor,98,1,81.0,358.0,530.0,367.0,449.0,9.0,4041.0
ggt_1247,GGT_1247.pdf,para_blocks,5,6,6,text,,1,"energético e a soma dos setores industrial, comercial, residencial e transporte.",80,1,67.0,367.0,381.0,377.0,314.0,10.0,3140.0
ggt_1247,GGT_1247.pdf,para_blocks,5,6,9,text,,0,"Da mesma forma, na Figura 4, compara-se a projeção de tCO2 evitados pela não combustão de 20% de GN para",104,1,81.0,523.0,531.0,534.0,450.0,11.0,4950.0
ggt_1247,GGT_1247.pdf,para_blocks,5,6,9,text,,1,as mesmas duas categorias estabelecidas.,40,1,67.0,534.0,240.0,542.0,173.0,8.0,1384.0
ggt_1247,GGT_1247.pdf,para_blocks,5,6,12,text,,0,As Figura 5 e Figura 6 buscam comparar o custo total anual do fornecimento de 100% gás natural e de três,104,1,81.0,686.0,531.0,695.0,450.0,9.0,4050.0
ggt_1247,GGT_1247.pdf,para_blocks,5,6,12,text,,1,"tecnologias diferentes de produção de 20% de H2: eletrólise com energia solar, eletrólise com energia eólia e reforma",117,1,67.0,696.0,531.0,705.0,464.0,9.0,4176.0
ggt_1247,GGT_1247.pdf,para_blocks,5,6,12,text,,2,a vapor do metano (SMR) com captura de carbono (CCS). Importante salientar que os gráficos apresentam as,104,1,67.0,706.0,531.0,715.0,464.0,9.0,4176.0
ggt_1247,GGT_1247.pdf,para_blocks,5,6,12,text,,3,"estimativas com o preço do GN na trajetória de referência para 2030. Como é possível observar, o custo de produção",114,1,67.0,716.0,531.0,725.0,464.0,9.0,4176.0
ggt_1247,GGT_1247.pdf,para_blocks,5,6,12,text,,4,"de hidrogênio por eletrólise representa a trajetória menos econômica, seguida da SMR-CCS e 100% gás natural. A",110,1,67.0,726.0,531.0,735.0,464.0,9.0,4176.0
ggt_1247,GGT_1247.pdf,para_blocks,5,6,12,text,,5,produção de hidrogênio ainda é cara e por isso a viabilidade ainda se mantém abaixo das tecnologias tradicionais.,113,1,67.0,736.0,531.0,745.0,464.0,9.0,4176.0
ggt_1247,GGT_1247.pdf,para_blocks,6,7,2,text,,0,"Importante frisar que foi utilizado um valor de uma trajetória central para o custo de produção dessas tecnologias,",115,1,66.0,86.0,531.0,97.0,465.0,11.0,5115.0
ggt_1247,GGT_1247.pdf,para_blocks,6,7,2,text,,1,então há variações de acordo com o projeto de produção.,55,1,68.0,97.0,298.0,106.0,230.0,9.0,2070.0
ggt_1247,GGT_1247.pdf,para_blocks,6,7,7,text,,0,"As Figura 7 e Figura 8 representam a comparação com as mesmas tecnologias, porém com relação as tCO2 emitidas.",110,1,66.0,411.0,529.0,420.0,463.0,9.0,4167.0
ggt_1247,GGT_1247.pdf,para_blocks,6,7,7,text,,1,"Observa-se que, como esperado a trajetória de 100 % GN é a que mais emite CO2 na atmosfera e as tecnologias",107,1,67.0,421.0,531.0,430.0,464.0,9.0,4176.0
ggt_1247,GGT_1247.pdf,para_blocks,6,7,7,text,,2,de eletrólise com energia renovável oferecem uma vantagem com relação a descarbonização.,88,1,67.0,431.0,444.0,440.0,377.0,9.0,3393.0
ggt_1247,GGT_1247.pdf,para_blocks,7,8,2,text,,0,"Neste trabalho, foram estimadas as emissões de gases efeito estufa e os custos evitados com a inserção do",105,1,81.0,97.0,531.0,106.0,450.0,9.0,4050.0
ggt_1247,GGT_1247.pdf,para_blocks,7,8,2,text,,1,"hidrogênio nas redes de gás natural no Brasil e, assim, atingindo o objetivo principal. Também foi possível comparar",116,1,67.0,107.0,531.0,116.0,464.0,9.0,4176.0
ggt_1247,GGT_1247.pdf,para_blocks,7,8,2,text,,2,"diversas tecnologias de produção de hidrogênio, com suas respectivas emissões de GHG e custos anuais. Dessa",107,1,67.0,117.0,531.0,126.0,464.0,9.0,4176.0
ggt_1247,GGT_1247.pdf,para_blocks,7,8,2,text,,3,"forma, foi possível quantificar os benefícios ambientais e econômicos na projeção decenal de demanda por gás",108,1,66.0,126.0,531.0,137.0,465.0,11.0,5115.0
ggt_1247,GGT_1247.pdf,para_blocks,7,8,2,text,,4,"natural, substituído por HENG.",30,1,66.0,136.0,190.0,146.0,124.0,10.0,1240.0
ggt_1247,GGT_1247.pdf,para_blocks,7,8,3,text,,0,"Observou-se que, a política de adoção da mistura de gás natural com 20% de volume de hidrogênio a matriz de",107,1,82.0,147.0,531.0,156.0,449.0,9.0,4041.0
ggt_1247,GGT_1247.pdf,para_blocks,7,8,3,text,,1,"fornecimento tem grande capacidade de descarbonização, porém os custos envolvidos para produção aumentam",104,1,67.0,157.0,530.0,166.0,463.0,9.0,4167.0
ggt_1247,GGT_1247.pdf,para_blocks,7,8,3,text,,2,"consideravelmente para produção de hidrogênio através da eletrólise PEM, tanto com fonte solar como eólica. As",110,1,67.0,167.0,531.0,176.0,464.0,9.0,4176.0
ggt_1247,GGT_1247.pdf,para_blocks,7,8,3,text,,3,estimativas indicam que a alternativa com produção do hidrogênio através da reforma do gás natural com captura de,113,1,68.0,177.0,530.0,185.0,462.0,8.0,3696.0
ggt_1247,GGT_1247.pdf,para_blocks,7,8,3,text,,4,carbono seria mais econômica do que os custo projetado para 100% de gás natural.,80,1,68.0,188.0,403.0,195.0,335.0,7.0,2345.0
ggt_1247,GGT_1247.pdf,para_blocks,7,8,4,text,,0,"No entanto, para a produção de hidrogênio como fonte energética em qualquer uma das rotas de produção",101,1,81.0,198.0,531.0,206.0,450.0,8.0,3600.0
ggt_1247,GGT_1247.pdf,para_blocks,7,8,4,text,,1,"analisada, seria preciso um alto investimento em infraestrutura, que não foi contabilizado neste trabalho. Assim, é",115,1,68.0,208.0,531.0,215.0,463.0,7.0,3241.0
ggt_1247,GGT_1247.pdf,para_blocks,7,8,4,text,,2,recomendado que esta contabilização seja realizada para próximos trabalhos.,75,1,67.0,218.0,378.0,225.0,311.0,7.0,2177.0
ggt_1247,GGT_1247.pdf,para_blocks,7,8,5,title,2.0,0,REFERÊNCIAS BIBLIOGRÁFICAS,26,1,66.0,236.0,209.0,248.0,143.0,12.0,1716.0
ggt_1247,GGT_1247.pdf,para_blocks,7,8,6,ref_text,,0,"(1) ABNT. Gás Natural – NBR 15213 – Cálculo de propriedades físico-químicas a partir da composição, 2008",104,1,85.0,258.0,526.0,268.0,441.0,10.0,4410.0
ggt_1247,GGT_1247.pdf,para_blocks,7,8,6,ref_text,,1,"(2) ANP. RESOLUÇÃO ANP No 16, DE 17.6.2008 - DOU 18.6.2008), 2008",65,1,84.0,268.0,390.0,278.0,306.0,10.0,3060.0
ggt_1247,GGT_1247.pdf,para_blocks,7,8,7,ref_text,,0,"(3) BAREISS, K., DE LA RUA, C., MÖCKL, M., et al. ""Life cycle assessment of hydrogen from proton exchange",105,1,84.0,277.0,531.0,290.0,447.0,13.0,5811.0
ggt_1247,GGT_1247.pdf,para_blocks,7,8,7,ref_text,,1,"membrane water electrolysis in future energy systems"", Applied Energy, 2019.",76,1,102.0,289.0,415.0,299.0,313.0,10.0,3130.0
ggt_1247,GGT_1247.pdf,para_blocks,7,8,8,ref_text,,0,"(4) DAWOOD, F., ANDA, M., SHAFIULLAH, G. M. Hydrogen production for energy: An overview. International",102,1,85.0,299.0,531.0,309.0,446.0,10.0,4460.0
ggt_1247,GGT_1247.pdf,para_blocks,7,8,8,ref_text,,1,"Journal of Hydrogen Energy, 2020",32,1,103.0,311.0,240.0,319.0,137.0,8.0,1096.0
ggt_1247,GGT_1247.pdf,para_blocks,7,8,9,ref_text,,0,"(5) EPE. ""BEM 2020: Relatório síntese, ano base 2019."", Empresa de Pesquisa Energética, 2020.",93,1,84.0,318.0,483.0,331.0,399.0,13.0,5187.0
ggt_1247,GGT_1247.pdf,para_blocks,7,8,10,ref_text,,0,"(6) EPE. Caracterização do uso de energia no setor de serviços, 2015",68,1,85.0,330.0,370.0,340.0,285.0,10.0,2850.0
ggt_1247,GGT_1247.pdf,para_blocks,7,8,11,ref_text,,0,"(7) EPE. Plano Decenal de Expansão de Energia 2026, 2017.",57,1,86.0,342.0,335.0,351.0,249.0,9.0,2241.0
ggt_1247,GGT_1247.pdf,para_blocks,7,8,12,ref_text,,0,"(8) EPE. Plano Decenal de Expansão de Energia 2027, 2018a.",58,1,85.0,351.0,341.0,362.0,256.0,11.0,2816.0
ggt_1247,GGT_1247.pdf,para_blocks,7,8,13,ref_text,,0,"(9) EPE. Plano Decenal de Expansão de Energia 2030, 2021.",57,1,85.0,361.0,336.0,371.0,251.0,10.0,2510.0
ggt_1247,GGT_1247.pdf,para_blocks,7,8,14,ref_text,,0,"(10) EPE. TDR no 17 - Análise da Eficiência Energética em Segmentos Industriais Selecionados, 2018b.",100,1,85.0,371.0,502.0,382.0,417.0,11.0,4587.0
ggt_1247,GGT_1247.pdf,para_blocks,7,8,15,ref_text,,0,"(11) GOLDMEER, J. Fuel Flexible Gas Turbines as Enablers for a Low or Reduced Carbon Energy, 2018.",98,1,84.0,381.0,507.0,393.0,423.0,12.0,5076.0
ggt_1247,GGT_1247.pdf,para_blocks,7,8,16,ref_text,,0,(12) GOV.BR. Maior termoelétrica a gás natural da América Latina é inaugurada em Sergipe. 2020.,95,1,85.0,393.0,481.0,403.0,396.0,10.0,3960.0
ggt_1247,GGT_1247.pdf,para_blocks,7,8,17,ref_text,,0,"(13) HYDROGEN COUNCIL. Path to hydrogen competitiveness - A cost perspective Title, 2020.",89,1,85.0,403.0,467.0,413.0,382.0,10.0,3820.0
ggt_1247,GGT_1247.pdf,para_blocks,7,8,18,ref_text,,0,"(14) IEA. Reduction of CO2 emissions by adding hydrogen to natural gas, 2003.",77,1,85.0,414.0,403.0,424.0,318.0,10.0,3180.0
ggt_1247,GGT_1247.pdf,para_blocks,7,8,19,ref_text,,0,"(15) IEA. CO2 Emissions from Fuel Combustion. CO2 Emissions from fuel combustion dataset, 2020.",95,1,84.0,422.0,489.0,434.0,405.0,12.0,4860.0
ggt_1247,GGT_1247.pdf,para_blocks,7,8,20,ref_text,,0,"(16) J. Littlefield, S. Roman-White, D. Augustine, “A. Pegallapati, G. G. Zaimes, S. Rai, G. Cooney, T. J. Skone.",113,1,85.0,433.0,531.0,444.0,446.0,11.0,4906.0
ggt_1247,GGT_1247.pdf,para_blocks,7,8,20,ref_text,,1,"Life Cycle Analysis of Natural Gas Extraction and Power Generation,"" National Energy Technology",95,1,102.0,443.0,531.0,455.0,429.0,12.0,5148.0
ggt_1247,GGT_1247.pdf,para_blocks,7,8,20,ref_text,,2,"Laboratory, Pittsburgh, April 5, 2019.",38,1,103.0,455.0,250.0,464.0,147.0,9.0,1323.0
ggt_1247,GGT_1247.pdf,para_blocks,7,8,21,ref_text,,0,"(17) JONES, D. R., AL-MASRY, W. A., DUNNILL, C. W. Hydrogen-enriched natural gas as a domestic fuel: An",103,1,85.0,465.0,530.0,474.0,445.0,9.0,4005.0
ggt_1247,GGT_1247.pdf,para_blocks,7,8,21,ref_text,,1,analysis based on flash-back and blow-off limits for domestic natural gas appliances within the UK.,99,1,103.0,476.0,530.0,485.0,427.0,9.0,3843.0
ggt_1247,GGT_1247.pdf,para_blocks,7,8,21,ref_text,,2,"Sustainable Energy and Fuels, 2018",34,1,104.0,486.0,248.0,495.0,144.0,9.0,1296.0
ggt_1247,GGT_1247.pdf,para_blocks,7,8,22,ref_text,,0,"(18) KASKE, G., PLENARD, F. J. ""High-purity hydrogen distribution network for industrial use in Western Europe"",",112,1,85.0,497.0,531.0,506.0,446.0,9.0,4014.0
ggt_1247,GGT_1247.pdf,para_blocks,7,8,22,ref_text,,1,"International Journal of Hydrogen Energy, v. 10, n. 7–8, 1985.",62,1,102.0,506.0,349.0,516.0,247.0,10.0,2470.0
ggt_1247,GGT_1247.pdf,para_blocks,7,8,23,ref_text,,0,"(19) KOUCHACHVILI, L., ENTCHEV, E. ""Power to gas and H2/NG blend in SMART energy networks concept"",",99,1,84.0,516.0,531.0,528.0,447.0,12.0,5364.0
ggt_1247,GGT_1247.pdf,para_blocks,7,8,23,ref_text,,1,"Renewable Energy, 2018.",23,1,102.0,528.0,207.0,537.0,105.0,9.0,945.0
ggt_1247,GGT_1247.pdf,para_blocks,7,8,24,ref_text,,0,"(20) LO BASSO, G., NASTASI, B., ASTIASO GARCIA, D., et al. ""How to handle the Hydrogen enriched Natural",103,1,86.0,537.0,530.0,546.0,444.0,9.0,3996.0
ggt_1247,GGT_1247.pdf,para_blocks,7,8,24,ref_text,,1,"Gas blends in combustion efficiency measurement procedure of conventional and condensing boilers"",",98,1,103.0,548.0,530.0,557.0,427.0,9.0,3843.0
ggt_1247,GGT_1247.pdf,para_blocks,7,8,24,ref_text,,2,"Energy, 2017.",13,1,103.0,559.0,160.0,568.0,57.0,9.0,513.0
ggt_1247,GGT_1247.pdf,para_blocks,7,8,25,ref_text,,0,"(21) MCTIC. Fator médio - Inventários corporativos. 2020. Ministério da Ciência, Tecnologia e Inovações do",106,1,85.0,568.0,531.0,579.0,446.0,11.0,4906.0
ggt_1247,GGT_1247.pdf,para_blocks,7,8,25,ref_text,,1,Brasil.,7,1,101.0,578.0,130.0,589.0,29.0,11.0,319.0
ggt_1247,GGT_1247.pdf,para_blocks,7,8,26,ref_text,,0,"(22) MELAINA, M., ANTONIA, O., PENEV, M. ""Blending Hydrogen into Natural Gas Pipeline Networks: A Review",104,1,86.0,590.0,531.0,599.0,445.0,9.0,4005.0
ggt_1247,GGT_1247.pdf,para_blocks,7,8,26,ref_text,,1,"of Key Issues"", Contract, 2013. DOI: 10.2172/1068610.",53,1,103.0,600.0,323.0,609.0,220.0,9.0,1980.0
ggt_1247,GGT_1247.pdf,para_blocks,7,8,27,ref_text,,0,"(23) MITSUBISHI POWER. ""Hydrogen Power Generation Handbook)"", 2020.",67,1,86.0,610.0,390.0,621.0,304.0,11.0,3344.0
ggt_1247,GGT_1247.pdf,para_blocks,7,8,28,ref_text,,0,"(24) MME/EPE. Plano Decenal de Expansão de Energia 2029. Empresa de Pesquisa Energética], 2020.",95,1,84.0,618.0,500.0,631.0,416.0,13.0,5408.0
ggt_1247,GGT_1247.pdf,para_blocks,7,8,29,ref_text,,0,"(25) OGDEN, J., JAFFE, A. M., SCHEITRUM, D., et al. ""Natural gas as a bridge to hydrogen transportation fuel:",109,1,85.0,630.0,531.0,640.0,446.0,10.0,4460.0
ggt_1247,GGT_1247.pdf,para_blocks,7,8,29,ref_text,,1,"Insights from the literature"", Energy Policy, v. 115, 2018. DOI: 10.1016/j.enpol.2017.12.049.",93,1,103.0,641.0,467.0,650.0,364.0,9.0,3276.0
ggt_1247,GGT_1247.pdf,para_blocks,7,8,30,ref_text,,0,"(26) ÖNEY, F., VEZIROLU, T. N., DÜLGER, Z. ""Evaluation of pipeline transportation of hydrogen and natural gas",109,1,85.0,650.0,531.0,661.0,446.0,11.0,4906.0
ggt_1247,GGT_1247.pdf,para_blocks,7,8,30,ref_text,,1,"mixtures"", International Journal of Hydrogen Energy, v. 19, n. 10, 1994. DOI: 10.1016/0360-3199(94)90198-",105,1,102.0,660.0,531.0,671.0,429.0,11.0,4719.0
ggt_1247,GGT_1247.pdf,para_blocks,7,8,30,ref_text,,2,8.,2,1,102.0,671.0,111.0,681.0,9.0,10.0,90.0
ggt_1247,GGT_1247.pdf,para_blocks,7,8,31,ref_text,,0,"(27) PELLEGRINO, S., LANZINI, A., LEONE, P. Greening the gas network – The need for modelling the",97,1,85.0,682.0,531.0,692.0,446.0,10.0,4460.0
ggt_1247,GGT_1247.pdf,para_blocks,7,8,31,ref_text,,1,"distributed injection of alternative fuels. Renewable and Sustainable Energy Reviews]. , 2017",93,1,103.0,693.0,473.0,702.0,370.0,9.0,3330.0
ggt_1247,GGT_1247.pdf,para_blocks,7,8,32,ref_text,,0,"(28) POTTIER, J. D., ""Hydrogen Transmission for Future Energy Systems"". Hydrogen Energy System,1995.",100,1,85.0,702.0,514.0,713.0,429.0,11.0,4719.0
ggt_1247,GGT_1247.pdf,para_blocks,7,8,33,ref_text,,0,"(29) SCHIRO, F., STOPPATO, A., BENATO, A. ""Modelling and analyzing the impact of hydrogen enriched natural",106,1,85.0,712.0,532.0,723.0,447.0,11.0,4917.0
ggt_1247,GGT_1247.pdf,para_blocks,7,8,33,ref_text,,1,"gas on domestic gas boilers in a decarbonization perspective"", 2020.",68,1,102.0,723.0,377.0,734.0,275.0,11.0,3025.0
ggt_1247,GGT_1247.pdf,para_blocks,7,8,34,ref_text,,0,"(30) SCHIRO, F., STOPPATO, A., BENATO, A. ""Potentialities of hydrogen enriched natural gas for residential",106,1,85.0,734.0,532.0,744.0,447.0,10.0,4470.0
ggt_1247,GGT_1247.pdf,para_blocks,7,8,34,ref_text,,1,"heating decarbonization and impact analysis on premixed boilers"". 2019. Anais [...] [S.l: s.n.], 2019.",102,1,102.0,745.0,497.0,754.0,395.0,9.0,3555.0
ggt_1247,GGT_1247.pdf,para_blocks,8,9,2,ref_text,,0,"(31) TENHUMBERG, N., BÜKER, K. ""Ecological and Economic Evaluation of Hydrogen Production by Different",102,1,85.0,86.0,532.0,97.0,447.0,11.0,4917.0
ggt_1247,GGT_1247.pdf,para_blocks,8,9,2,ref_text,,1,"Water Electrolysis Technologies"", Chemie-Ingenieur-Technik, v. 92, n. 10, 2020.",79,1,103.0,97.0,423.0,106.0,320.0,9.0,2880.0
ggt_1247,GGT_1247.pdf,para_blocks,8,9,3,ref_text,,0,"(32) THYGA. Impact of hydrogen admixture on combustion processes –Part I: Theory, 2020.",87,1,85.0,107.0,452.0,118.0,367.0,11.0,4037.0
ggt_1247,GGT_1247.pdf,para_blocks,8,9,4,ref_text,,0,"(33) TOMORY, L. The Origins of Gaslight Technology in Eighteenth-Century Pneumatic Chemistry, 2009.",99,1,85.0,116.0,504.0,129.0,419.0,13.0,5447.0
ggt_1247,GGT_1247.pdf,para_blocks,8,9,5,ref_text,,0,"(34) YAN, F., XU, L., WANG, Y. Application of hydrogen enriched natural gas in spark ignition IC engines: from",110,1,85.0,128.0,530.0,138.0,445.0,10.0,4450.0
ggt_1247,GGT_1247.pdf,para_blocks,8,9,5,ref_text,,1,"fundamental fuel properties to engine performances and emissions,2018",69,1,102.0,139.0,393.0,148.0,291.0,9.0,2619.0
ggt_1247,GGT_1247.pdf,para_blocks,9,10,2,title,2.0,0,DADOS BIOGRÁFICOS,17,1,66.0,84.0,165.0,97.0,99.0,13.0,1287.0
ggt_1247,GGT_1247.pdf,para_blocks,9,10,4,title,2.0,0,(1) JOÃO HENRIQUE PAULINO DE AZEVEDO,36,1,150.0,107.0,342.0,119.0,192.0,12.0,2304.0
ggt_1247,GGT_1247.pdf,para_blocks,9,10,5,text,,0,Experiência de 7 anos em gerenciamento e execução de projetos voltados a geração de,83,1,150.0,116.0,526.0,127.0,376.0,11.0,4136.0
ggt_1247,GGT_1247.pdf,para_blocks,9,10,5,text,,1,"energia, sustentabilidade e educação. Responsável pela captação de recursos, elaboração de",90,1,150.0,127.0,526.0,137.0,376.0,10.0,3760.0
ggt_1247,GGT_1247.pdf,para_blocks,9,10,5,text,,2,"projetos, gerenciamento de equipes e prestação financeira de projetos financiados por grandes",93,1,150.0,138.0,526.0,147.0,376.0,9.0,3384.0
ggt_1247,GGT_1247.pdf,para_blocks,9,10,5,text,,3,empresas como Alcoa e Tetra Tech. Formado em Engenharia Mecânica pela PUC-Rio e,79,1,150.0,147.0,526.0,157.0,376.0,10.0,3760.0
ggt_1247,GGT_1247.pdf,para_blocks,9,10,5,text,,4,"Australian National University. Mestrado em Petróleo e Energia pela PUC-Rio, fazendo parte",90,1,150.0,157.0,526.0,167.0,376.0,10.0,3760.0
ggt_1247,GGT_1247.pdf,para_blocks,9,10,5,text,,5,"do projeto Atlas Rio Solar. Atualmente pesquisador de Doutorado em sistemas energéticos,",88,1,150.0,167.0,525.0,177.0,375.0,10.0,3750.0
ggt_1247,GGT_1247.pdf,para_blocks,9,10,5,text,,6,fazendo parte do Projeto H2 da PUC-Rio/GESEL e pesquisador associado na FGV Energia.,84,1,150.0,177.0,518.0,187.0,368.0,10.0,3680.0
ggt_1247,GGT_1247.pdf,para_blocks,9,10,6,title,2.0,0,(2) RODRIGO FLORA CALILI,24,1,67.0,219.0,187.0,230.0,120.0,11.0,1320.0
ggt_1247,GGT_1247.pdf,para_blocks,9,10,7,text,,0,Rodrigo Flora Calili atualmente é professor adjunto do Programa de Pós-Graduação em Metrologia e do Mestrado,108,1,66.0,228.0,531.0,239.0,465.0,11.0,5115.0
ggt_1247,GGT_1247.pdf,para_blocks,9,10,7,text,,1,Profissional de Engenharia Urbana e Ambiental da PUC-Rio. Tem Pós-doutorado em Metrologia pela PUC-Rio (2016),109,1,66.0,238.0,531.0,249.0,465.0,11.0,5115.0
ggt_1247,GGT_1247.pdf,para_blocks,9,10,7,text,,2,"e é Doutor em Engenharia Elétrica pela PUC-Rio (2013) com ênfase em Sistemas de Energia, tendo feito um ano de",110,1,67.0,249.0,531.0,258.0,464.0,9.0,4176.0
ggt_1247,GGT_1247.pdf,para_blocks,9,10,7,text,,3,"doutorado sanduíche na França na École de Mines de Paris (2012), mestre em Engenharia Elétrica pela PUC-Rio",107,1,67.0,260.0,531.0,269.0,464.0,9.0,4176.0
ggt_1247,GGT_1247.pdf,para_blocks,9,10,7,text,,4,(2006) com ênfase Métodos e Apoio à Decisão e graduado em Engenharia Elétrica pela UFJF (2003). Trabalhou e,107,1,67.0,271.0,531.0,280.0,464.0,9.0,4176.0
ggt_1247,GGT_1247.pdf,para_blocks,9,10,7,text,,5,trabalha como consultor e pesquisador em diversos projetos de empresas setor elétrico.,86,1,67.0,281.0,419.0,290.0,352.0,9.0,3168.0
ggt_1247,GGT_1247.pdf,para_blocks,9,10,8,title,2.0,0,(3) SERGIO LEAL BRAGA,21,1,67.0,312.0,174.0,322.0,107.0,10.0,1070.0
ggt_1247,GGT_1247.pdf,para_blocks,9,10,9,text,,0,"Professor da PUC-Rio, trabalhou na Purdue University. Atua na área de energia, orientou mais de 110 Teses de",108,1,66.0,321.0,531.0,331.0,465.0,10.0,4650.0
ggt_1247,GGT_1247.pdf,para_blocks,9,10,9,text,,1,"Mestrado, Doutorado, Pós-doutorado e trabalhos de graduação. Autor de mais de 200 artigos científicos. Convênios",112,1,67.0,333.0,531.0,341.0,464.0,8.0,3712.0
ggt_1247,GGT_1247.pdf,para_blocks,9,10,9,text,,2,"de cooperação científica com entidades na Alemanha, Argentina, França, Itália e Peru. Diretor do Instituto",106,1,67.0,343.0,531.0,352.0,464.0,9.0,4176.0
ggt_1247,GGT_1247.pdf,para_blocks,9,10,9,text,,3,Tecnológico e Laboratório de Engenharia Veicular. Membro do Comitê Executivo do Instituto de Energia da PUC-,108,1,67.0,353.0,530.0,362.0,463.0,9.0,4167.0
ggt_1247,GGT_1247.pdf,para_blocks,9,10,9,text,,4,Rio. Construiu o CDEV - Centro de Desenvolvimento em Energia e Veículos onde são desenvolvidas pesquisas em,107,1,66.0,363.0,531.0,373.0,465.0,10.0,4650.0
ggt_1247,GGT_1247.pdf,para_blocks,9,10,9,text,,5,"energias renováveis: biocombustíveis, hidrogênio, solar e outras. Cientista do Nosso Estado pela FAPERJ e Membro",112,1,67.0,375.0,531.0,383.0,464.0,8.0,3712.0
ggt_1247,GGT_1247.pdf,para_blocks,9,10,9,text,,6,da Academia Nacional de Engenharia.,35,1,67.0,384.0,220.0,392.0,153.0,8.0,1224.0
ggt_1247,GGT_1247.pdf,discarded_blocks,0,1,1,header,,0,XXVI SNPTEE,11,1,91.0,45.0,121.0,51.0,30.0,6.0,180.0
ggt_1247,GGT_1247.pdf,discarded_blocks,0,1,2,header,,0,Produção e Transmissão,22,1,140.0,55.0,267.0,65.0,127.0,10.0,1270.0
ggt_1247,GGT_1247.pdf,discarded_blocks,0,1,2,header,,1,de Energia Elétrica,19,1,140.0,66.0,237.0,77.0,97.0,11.0,1067.0
ggt_1247,GGT_1247.pdf,discarded_blocks,0,1,3,header,,0,1247,4,1,505.0,52.0,527.0,63.0,22.0,11.0,242.0
ggt_1247,GGT_1247.pdf,discarded_blocks,0,1,3,header,,1,GGT/16,6,1,493.0,68.0,527.0,79.0,34.0,11.0,374.0
ggt_1247,GGT_1247.pdf,discarded_blocks,0,1,18,footer,,0,joaohpazevedo@gmail.com,23,1,240.0,791.0,359.0,799.0,119.0,8.0,952.0
ggt_1247,GGT_1247.pdf,discarded_blocks,1,2,1,page_number,,0,2,1,1,295.0,36.0,302.0,46.0,7.0,10.0,70.0
ggt_1247,GGT_1247.pdf,discarded_blocks,2,3,1,page_number,,0,3,1,1,295.0,36.0,302.0,46.0,7.0,10.0,70.0
ggt_1247,GGT_1247.pdf,discarded_blocks,3,4,1,page_number,,0,4,1,1,296.0,37.0,302.0,45.0,6.0,8.0,48.0
ggt_1247,GGT_1247.pdf,discarded_blocks,4,5,1,page_number,,0,5,1,1,296.0,37.0,302.0,45.0,6.0,8.0,48.0
ggt_1247,GGT_1247.pdf,discarded_blocks,5,6,1,page_number,,0,6,1,1,295.0,36.0,302.0,46.0,7.0,10.0,70.0
ggt_1247,GGT_1247.pdf,discarded_blocks,6,7,1,page_number,,0,7,1,1,295.0,36.0,302.0,46.0,7.0,10.0,70.0
ggt_1247,GGT_1247.pdf,discarded_blocks,6,7,12,footer,,0,6.0 CONCLUSÃO,13,1,67.0,737.0,142.0,747.0,75.0,10.0,750.0
ggt_1247,GGT_1247.pdf,discarded_blocks,7,8,1,page_number,,0,8,1,1,295.0,36.0,302.0,46.0,7.0,10.0,70.0
ggt_1247,GGT_1247.pdf,discarded_blocks,8,9,1,page_number,,0,9,1,1,296.0,37.0,302.0,45.0,6.0,8.0,48.0
ggt_1247,GGT_1247.pdf,discarded_blocks,9,10,1,page_number,,0,10,2,1,293.0,36.0,306.0,46.0,13.0,10.0,130.0
gtl_0081,GTL_0081.pdf,preproc_blocks,0,1,3,title,1.0,0,GRUPO DE ESTUDO DE SISTEMAS DE INFORMAÇÃO E TELECOMUNICAÇÃO PARA SISTEMAS,73,1,88.0,137.0,501.0,147.0,413.0,10.0,4130.0
gtl_0081,GTL_0081.pdf,preproc_blocks,0,1,3,title,1.0,1,ELÉTRICOS - GTL,15,1,255.0,148.0,334.0,157.0,79.0,9.0,711.0
gtl_0081,GTL_0081.pdf,preproc_blocks,0,1,4,title,1.0,0,CENTRO VIRTUAL DE OPERAÇÃO,26,1,219.0,179.0,369.0,190.0,150.0,11.0,1650.0
gtl_0081,GTL_0081.pdf,preproc_blocks,0,1,5,title,1.0,0,CLAUDIO VINICIUS DUARTE CABRAL(1);WILLAMS VIDAL SAMPAIO(2);SIDNEY FERREIRA,74,1,98.0,210.0,489.0,222.0,391.0,12.0,4692.0
gtl_0081,GTL_0081.pdf,preproc_blocks,0,1,5,title,1.0,1,PINTO(3);CLEITON SILVA CASTRO(4);ANDRE LUIS DE FREITAS FARIAS(5),64,1,132.0,221.0,456.0,232.0,324.0,11.0,3564.0
gtl_0081,GTL_0081.pdf,preproc_blocks,0,1,5,title,1.0,2,CENTRAIS ELETRICAS DO NORTE DO BRASIL S/A(1),44,1,177.0,231.0,409.0,242.0,232.0,11.0,2552.0
gtl_0081,GTL_0081.pdf,preproc_blocks,0,1,6,title,2.0,0,RESUMO,6,1,66.0,262.0,108.0,275.0,42.0,13.0,546.0
gtl_0081,GTL_0081.pdf,preproc_blocks,0,1,7,text,,0,O Centro Virtual de Operação foi desenvolvido com tecnologias de realidade virtual e computação em nuvem (cloud,111,1,67.0,282.0,531.0,292.0,464.0,10.0,4640.0
gtl_0081,GTL_0081.pdf,preproc_blocks,0,1,7,text,,1,"computing), integradas com sistemas especialistas SCADA (SAGE). O Centro de Operação Virtual é uma réplica",106,1,67.0,293.0,531.0,303.0,464.0,10.0,4640.0
gtl_0081,GTL_0081.pdf,preproc_blocks,0,1,7,text,,2,digital (digital twin) da sala e controle do Centro de Operação Integrada de Geração e Transmissão - COI GT. Este,113,1,67.0,303.0,531.0,313.0,464.0,10.0,4640.0
gtl_0081,GTL_0081.pdf,preproc_blocks,0,1,7,text,,3,"ambiente, acessado com o uso de óculos de realidade virtual – VR, apresenta um layout digital dos elementos reais",113,1,67.0,315.0,530.0,322.0,463.0,7.0,3241.0
gtl_0081,GTL_0081.pdf,preproc_blocks,0,1,7,text,,4,presentes em uma sala controle de operação em tempo real.,57,1,67.0,325.0,310.0,333.0,243.0,8.0,1944.0
gtl_0081,GTL_0081.pdf,preproc_blocks,0,1,8,title,2.0,0,PALAVRAS-CHAVE,14,1,67.0,346.0,149.0,354.0,82.0,8.0,656.0
gtl_0081,GTL_0081.pdf,preproc_blocks,0,1,9,text,,0,"digital Twin, SAGE, Realiadde Virtual, Meta Verso, cloud computing, Centro de Operação, Eletrobras Eletronorte",110,1,68.0,356.0,516.0,365.0,448.0,9.0,4032.0
gtl_0081,GTL_0081.pdf,preproc_blocks,0,1,10,title,2.0,0,1.0 INTRODUÇÃO,14,1,67.0,376.0,143.0,387.0,76.0,11.0,836.0
gtl_0081,GTL_0081.pdf,preproc_blocks,0,1,11,text,,0,A Indústria 4.0 é a quarta revolução industrial que está sendo caracterizada pelo uso da tecnologia da informação,113,1,66.0,396.0,531.0,406.0,465.0,10.0,4650.0
gtl_0081,GTL_0081.pdf,preproc_blocks,0,1,11,text,,1,"para automatizar processos industriais, a partir dos avanços em áreas como inteligência artificial, internet das coisas,",120,1,66.0,407.0,531.0,417.0,465.0,10.0,4650.0
gtl_0081,GTL_0081.pdf,preproc_blocks,0,1,11,text,,2,"robótica e análise de dados. Com o objetivo de aumentar a eficiência, reduzir os custos e melhorar a qualidade dos",114,1,67.0,418.0,530.0,426.0,463.0,8.0,3704.0
gtl_0081,GTL_0081.pdf,preproc_blocks,0,1,11,text,,3,"produtos, a Indústria 4.0 está mudando a maneira como a produção é realizada e os produtos são desenvolvidos.",109,1,67.0,428.0,521.0,437.0,454.0,9.0,4086.0
gtl_0081,GTL_0081.pdf,preproc_blocks,0,1,12,text,,0,"O metaverso é a visão de um universo virtual coletivo, que pode ser acessado através da tecnologia da realidade",111,1,67.0,448.0,531.0,457.0,464.0,9.0,4176.0
gtl_0081,GTL_0081.pdf,preproc_blocks,0,1,12,text,,1,"virtual. Ele é criado a partir de uma combinação de realidade virtual e inteligência artificial, com o objetivo de criar",120,1,66.0,459.0,531.0,468.0,465.0,9.0,4185.0
gtl_0081,GTL_0081.pdf,preproc_blocks,0,1,12,text,,2,"uma experiência imersiva para o usuário. Esta tecnologia permite que os usuários explorem, criem e colaborem em",111,1,67.0,470.0,530.0,478.0,463.0,8.0,3704.0
gtl_0081,GTL_0081.pdf,preproc_blocks,0,1,12,text,,3,"um ambiente virtual, onde eles podem interagir com outras pessoas e objetos virtuais de maneira realista. Além disso,",117,1,66.0,480.0,531.0,489.0,465.0,9.0,4185.0
gtl_0081,GTL_0081.pdf,preproc_blocks,0,1,12,text,,4,"o metaverso pode ser usado para aplicações comerciais, como a venda de produtos virtuais, a realização de eventos",113,1,66.0,490.0,531.0,499.0,465.0,9.0,4185.0
gtl_0081,GTL_0081.pdf,preproc_blocks,0,1,12,text,,5,virtuais e a criação de novas formas de entretenimento.,55,1,67.0,501.0,288.0,509.0,221.0,8.0,1768.0
gtl_0081,GTL_0081.pdf,preproc_blocks,0,1,13,text,,0,A Indústria 4.0 e o metaverso estão se complementando em muitos aspectos. A Indústria 4.0 está fornecendo a,107,1,66.0,521.0,531.0,529.0,465.0,8.0,3720.0
gtl_0081,GTL_0081.pdf,preproc_blocks,0,1,13,text,,1,"tecnologia necessária para criar o metaverso, e o metaverso está fornecendo novas formas de usar essa tecnologia",112,1,66.0,531.0,531.0,541.0,465.0,10.0,4650.0
gtl_0081,GTL_0081.pdf,preproc_blocks,0,1,13,text,,2,"para melhorar a produção e a venda de produtos. Além disso, a Indústria 4.0 está usando o metaverso para criar",110,1,66.0,542.0,530.0,551.0,464.0,9.0,4176.0
gtl_0081,GTL_0081.pdf,preproc_blocks,0,1,13,text,,3,"novas formas de treinar e capacitar funcionários, além de fornecer novas formas de entretenimento e socialização.",113,1,66.0,552.0,525.0,561.0,459.0,9.0,4131.0
gtl_0081,GTL_0081.pdf,preproc_blocks,0,1,14,title,2.0,0,2.0 MATERIAIS E MÉTODOS,23,1,67.0,582.0,187.0,593.0,120.0,11.0,1320.0
gtl_0081,GTL_0081.pdf,preproc_blocks,0,1,15,text,,0,"No ano de 2022, a Eletrobras Eletronorte desenvolveu um projeto estratégico com tema principal a inovação do",108,1,65.0,613.0,531.0,624.0,466.0,11.0,5126.0
gtl_0081,GTL_0081.pdf,preproc_blocks,0,1,15,text,,1,"macroprocesso “Operar”, consolidando o uso de metodologias ágeis na gestão dos PECs, busca de novas",99,1,66.0,625.0,531.0,633.0,465.0,8.0,3720.0
gtl_0081,GTL_0081.pdf,preproc_blocks,0,1,15,text,,2,tecnológicas de indústria 4.0 e a aplicação destas tecnologias disruptivas. As inovações desenvolvidas no decorrer,114,1,66.0,635.0,531.0,644.0,465.0,9.0,4185.0
gtl_0081,GTL_0081.pdf,preproc_blocks,0,1,15,text,,3,do projeto estão pavimentando a jornada da transformação digital no processo “Operar”.,86,1,67.0,645.0,420.0,654.0,353.0,9.0,3177.0
gtl_0081,GTL_0081.pdf,preproc_blocks,0,1,16,text,,0,"Uma das inovações desenvolvidas foi o Minimum Viable Product - MVP do Centro Virtual de Operação, desenvolvido",110,1,67.0,666.0,530.0,675.0,463.0,9.0,4167.0
gtl_0081,GTL_0081.pdf,preproc_blocks,0,1,16,text,,1,"com tecnologias de realidade virtual e computação em nuvem (cloud computing), integradas com sistemas",101,1,66.0,677.0,531.0,685.0,465.0,8.0,3720.0
gtl_0081,GTL_0081.pdf,preproc_blocks,0,1,16,text,,2,especialistas. O Centro de Operação Virtual é uma réplica digital (digital twin) da sala e controle do Centro de,112,1,67.0,687.0,530.0,695.0,463.0,8.0,3704.0
gtl_0081,GTL_0081.pdf,preproc_blocks,0,1,16,text,,3,Operação Integrada de Geração e Transmissão - COI G&T. Os técnicos de operação acessaram o ambiente virtual,107,1,67.0,697.0,531.0,706.0,464.0,9.0,4176.0
gtl_0081,GTL_0081.pdf,preproc_blocks,0,1,16,text,,4,"com o uso de óculos de realidade virtual – VR. Estes óculos proporcionam uma experiência sintética e imersiva, sem",114,1,66.0,708.0,531.0,716.0,465.0,8.0,3720.0
gtl_0081,GTL_0081.pdf,preproc_blocks,0,1,16,text,,5,nenhum senso do mundo real externo. A seguir são apresentadas imagens do Centro de Operação Virtual e as,104,1,66.0,718.0,531.0,728.0,465.0,10.0,4650.0
gtl_0081,GTL_0081.pdf,preproc_blocks,0,1,16,text,,6,fotografias do Centro Real de Operação do COI G&T:,50,1,66.0,728.0,282.0,736.0,216.0,8.0,1728.0
gtl_0081,GTL_0081.pdf,preproc_blocks,2,3,4,text,,0,O Centro de Operação Virtual do COI G&T apresenta um layout digital dos elementos reais presentes em uma sala,109,1,67.0,295.0,531.0,304.0,464.0,9.0,4176.0
gtl_0081,GTL_0081.pdf,preproc_blocks,2,3,4,text,,1,controle de operação em tempo real. Nas figuras 03 e 04 identificamos o videowall do Centro Virtual e Centro Real,113,1,66.0,305.0,531.0,315.0,465.0,10.0,4650.0
gtl_0081,GTL_0081.pdf,preproc_blocks,2,3,4,text,,2,"do COI G&T, respectivamente, com telas do Sistema Aberto de Gerenciamento de Energia - SAGE apresentando",104,1,67.0,316.0,531.0,325.0,464.0,9.0,4176.0
gtl_0081,GTL_0081.pdf,preproc_blocks,2,3,4,text,,3,informações em tempo real do Sistema Elétrico da Eletronorte.,61,1,67.0,326.0,317.0,335.0,250.0,9.0,2250.0
gtl_0081,GTL_0081.pdf,preproc_blocks,2,3,5,text,,0,"Adicionalmente, observamos os postos de operação virtual (figuras 05 e 07) e real (figura 6) onde os operadores",111,1,66.0,346.0,531.0,356.0,465.0,10.0,4650.0
gtl_0081,GTL_0081.pdf,preproc_blocks,2,3,5,text,,1,"desempenham as suas atividades cotidianas, bem como diversos itens que apresentam a identidade visual da",104,1,66.0,357.0,531.0,367.0,465.0,10.0,4650.0
gtl_0081,GTL_0081.pdf,preproc_blocks,2,3,5,text,,2,"Eletronorte, como a usina hidrelétrica de Tucuruí, a nova sede da Eletronorte e a Enia – Assistente Inteligente da",114,1,66.0,367.0,531.0,377.0,465.0,10.0,4650.0
gtl_0081,GTL_0081.pdf,preproc_blocks,2,3,5,text,,3,Eletronorte (figuras 08 e 09).,30,1,67.0,378.0,182.0,387.0,115.0,9.0,1035.0
gtl_0081,GTL_0081.pdf,preproc_blocks,2,3,6,title,2.0,0,3.0 RESULTADOS,14,1,67.0,410.0,146.0,418.0,79.0,8.0,632.0
gtl_0081,GTL_0081.pdf,preproc_blocks,2,3,7,text,,0,"No momento a empresa está desenvolvendo uma versão mais completa do Centro Virtual, o qual será aplicado para",109,1,66.0,430.0,531.0,439.0,465.0,9.0,4185.0
gtl_0081,GTL_0081.pdf,preproc_blocks,2,3,7,text,,1,"agilizar o suporte operacional especializado em situações emergenciais, especialmente durante grandes blecautes",111,1,67.0,440.0,531.0,449.0,464.0,9.0,4176.0
gtl_0081,GTL_0081.pdf,preproc_blocks,2,3,7,text,,2,"no sistema. Neste contexto, o ambiente virtual será utilizado como um espaço para interação entre especialistas em",114,1,67.0,451.0,531.0,460.0,464.0,9.0,4176.0
gtl_0081,GTL_0081.pdf,preproc_blocks,2,3,7,text,,3,"operação (ex: supervisores experientes, gerentes, etc), fisicamente distantes do Centro de Operação, e um operador",114,1,67.0,461.0,531.0,470.0,464.0,9.0,4176.0
gtl_0081,GTL_0081.pdf,preproc_blocks,2,3,7,text,,4,"presente no centro físico. Antes da solução, as interações eram realizadas por telefone, limitando o suporte aos",112,1,67.0,471.0,531.0,480.0,464.0,9.0,4176.0
gtl_0081,GTL_0081.pdf,preproc_blocks,2,3,7,text,,5,operadores presentes na sala de controle.,41,1,68.0,482.0,236.0,490.0,168.0,8.0,1344.0
gtl_0081,GTL_0081.pdf,preproc_blocks,2,3,8,text,,0,"Adicionalmente, está sendo previsto alguns desenvolvimentos futuros para utilização em simulações e treinamentos",112,1,66.0,502.0,531.0,511.0,465.0,9.0,4185.0
gtl_0081,GTL_0081.pdf,preproc_blocks,2,3,8,text,,1,aumentando a experiencia dos treinandos em um ambiente virtual mais aproximado do cenário real.,95,1,68.0,514.0,466.0,521.0,398.0,7.0,2786.0
gtl_0081,GTL_0081.pdf,preproc_blocks,2,3,9,title,2.0,0,4.0 CONCLUSÕES,14,1,67.0,554.0,148.0,563.0,81.0,9.0,729.0
gtl_0081,GTL_0081.pdf,preproc_blocks,2,3,10,text,,0,"Os resultados alcançados fortalecem o caráter inovador do MVP para a Eletronorte e no Setor Elétrico, e estabelece",114,1,67.0,575.0,531.0,583.0,464.0,8.0,3712.0
gtl_0081,GTL_0081.pdf,preproc_blocks,2,3,10,text,,1,"a primeira experiência da Eletronorte no “metaverso”, a partir de um ambiente dedicado, customizável, acessível de",114,1,67.0,585.0,531.0,594.0,464.0,9.0,4176.0
gtl_0081,GTL_0081.pdf,preproc_blocks,2,3,10,text,,2,"forma remota, com controle e segurança necessários. Adicionalmente, a inovação está alinhada ao movimento de",108,1,66.0,595.0,531.0,604.0,465.0,9.0,4185.0
gtl_0081,GTL_0081.pdf,preproc_blocks,2,3,10,text,,3,"transformação digital em seus processos operacionais, seguindo uma tendência já consolidada em outros setores",109,1,67.0,606.0,531.0,615.0,464.0,9.0,4176.0
gtl_0081,GTL_0081.pdf,preproc_blocks,2,3,10,text,,4,"industriais. A inovação pode ser adaptada, customizada e aplicada em outras empresas do setor elétrico nacional e",113,1,67.0,616.0,531.0,625.0,464.0,9.0,4176.0
gtl_0081,GTL_0081.pdf,preproc_blocks,2,3,10,text,,5,internacional.,14,1,67.0,627.0,120.0,635.0,53.0,8.0,424.0
gtl_0081,GTL_0081.pdf,preproc_blocks,4,5,2,title,2.0,0,DADOS BIOGRÁFICOS,17,1,67.0,83.0,164.0,96.0,97.0,13.0,1261.0
gtl_0081,GTL_0081.pdf,preproc_blocks,4,5,4,text,,0,(1) CLAUDIO VINICIUS DUARTE CABRAL,34,5,149.0,104.0,525.0,116.0,376.0,12.0,4512.0
gtl_0081,GTL_0081.pdf,preproc_blocks,4,5,4,text,,1,Graduado em engenharia elétrica/eletrotécnica pela Universidade Federal de Pernambuco em,88,1,150.0,114.0,526.0,125.0,376.0,11.0,4136.0
gtl_0081,GTL_0081.pdf,preproc_blocks,4,5,4,text,,2,"2005, com atuações como Engenheiro de Operação nas empresas CHESF (2005), Eletrobras",84,1,150.0,126.0,525.0,135.0,375.0,9.0,3375.0
gtl_0081,GTL_0081.pdf,preproc_blocks,4,5,4,text,,3,Distribuição Alagoas (2005-2007) e na Eletronorte (2007-2010). Na Eletronorte atuou com,87,1,150.0,135.0,526.0,145.0,376.0,10.0,3760.0
gtl_0081,GTL_0081.pdf,preproc_blocks,4,5,4,text,,4,"gestor em diversos departamentos: Ger. de Programação, Dep. de Normatização, Dep. de",84,1,150.0,146.0,525.0,155.0,375.0,9.0,3375.0
gtl_0081,GTL_0081.pdf,preproc_blocks,4,5,4,text,,5,Supervisão e Gestão da Operação em Tempo Real (2010-2021). Atualmente trabalha no Dep.,86,1,150.0,155.0,525.0,164.0,375.0,9.0,3375.0
gtl_0081,GTL_0081.pdf,preproc_blocks,4,5,4,text,,6,de Gestão da Operação e integra o time de representantes da Eletronorte na ABRATE.,82,1,150.0,165.0,525.0,174.0,375.0,9.0,3375.0
gtl_0081,GTL_0081.pdf,preproc_blocks,4,5,4,text,,7,Concluiu o MBA em Ciência de Dados pela USP (2022) e atualmente cursa o MBA de IA e Big,87,1,150.0,174.0,525.0,186.0,375.0,12.0,4500.0
gtl_0081,GTL_0081.pdf,preproc_blocks,4,5,4,text,,8,Data na USP. Possui três inovações registradas INPI.,52,8,150.0,185.0,526.0,195.0,376.0,10.0,3760.0
gtl_0081,GTL_0081.pdf,preproc_blocks,4,5,5,text,,0,Graduado em Engenharia Elétrica pela Universidade de Fortaleza - UNIFOR (1986) e,80,1,67.0,235.0,532.0,246.0,465.0,11.0,5115.0
gtl_0081,GTL_0081.pdf,preproc_blocks,4,5,5,text,,1,pós-graduado em Sistemas Elétricos de Potência pela Universidade de Brasília - UnB (1988).,90,1,66.0,245.0,531.0,257.0,465.0,12.0,5580.0
gtl_0081,GTL_0081.pdf,preproc_blocks,4,5,5,text,,2,"Atuação nas áreas de proteção, supervisão de sistemas elétricos e desenvolvimentos de sistema informatizados.",109,1,67.0,257.0,531.0,266.0,464.0,9.0,4176.0
gtl_0081,GTL_0081.pdf,preproc_blocks,4,5,5,text,,3,Atuação também na instrutoria de operadores e capacitação de técnicos na área de supervisão de sistemas elétricos,113,1,67.0,267.0,531.0,277.0,464.0,10.0,4640.0
gtl_0081,GTL_0081.pdf,preproc_blocks,4,5,5,text,,4,com ênfase,10,2,66.0,277.0,531.0,288.0,465.0,11.0,5115.0
gtl_0081,GTL_0081.pdf,preproc_blocks,4,5,6,text,,0,no uso e configuração do Sistema Aberto de Gerenciamento de Energia - SAGE,74,1,65.0,286.0,532.0,299.0,467.0,13.0,6071.0
gtl_0081,GTL_0081.pdf,preproc_blocks,4,5,7,text,,0,(3) SIDNEY FERREIRA PINTO,25,4,65.0,308.0,531.0,321.0,466.0,13.0,6058.0
gtl_0081,GTL_0081.pdf,preproc_blocks,4,5,8,text,,0,"Com formação em Redes de Computadores e especialização em Engenharia de Dados, trabalho na Eletronorte a 16",107,1,67.0,318.0,531.0,328.0,464.0,10.0,4640.0
gtl_0081,GTL_0081.pdf,preproc_blocks,4,5,8,text,,1,"anos passando pela as areas de TI, tanto de infraestrutura, Basis(SAP) e agora com novo desafio a 4 anos na area",112,1,67.0,330.0,531.0,338.0,464.0,8.0,3712.0
gtl_0081,GTL_0081.pdf,preproc_blocks,4,5,8,text,,2,de Transfomação Digital. Tentando levar a Eletronorte a vanguarde de utilização de dados para apoio ao negocio.,111,1,66.0,339.0,531.0,349.0,465.0,10.0,4650.0
gtl_0081,GTL_0081.pdf,preproc_blocks,4,5,8,text,,3,Todos os dias novos desafios e novos projetos de inovação.,58,10,66.0,350.0,530.0,360.0,464.0,10.0,4640.0
gtl_0081,GTL_0081.pdf,preproc_blocks,4,5,9,title,2.0,0,(4) CLEITON SILVA CASTRO,24,1,67.0,371.0,188.0,382.0,121.0,11.0,1331.0
gtl_0081,GTL_0081.pdf,preproc_blocks,4,5,10,text,,0,"Formado em Bacharelado em Ciência da Computação, Especialização em Governança em TI Pela Fundação",97,1,66.0,379.0,532.0,391.0,466.0,12.0,5592.0
gtl_0081,GTL_0081.pdf,preproc_blocks,4,5,10,text,,1,"Universa, MBA em Gestão Empresarial pela FGV e Cursando MBA em Ciência de Dados na PUC-Rio, 23 anos de",102,1,67.0,392.0,531.0,400.0,464.0,8.0,3712.0
gtl_0081,GTL_0081.pdf,preproc_blocks,4,5,10,text,,2,"experiência em Tecnologia da Informação, com desenvolvimento de sistemas, administração de banco de dados,",106,1,67.0,401.0,530.0,410.0,463.0,9.0,4167.0
gtl_0081,GTL_0081.pdf,preproc_blocks,4,5,10,text,,3,"coordenação de equipes e projetos, Gestor de Infraestrutura de TI e mais recentemente às ações de Transformação",111,1,66.0,412.0,531.0,422.0,465.0,10.0,4650.0
gtl_0081,GTL_0081.pdf,preproc_blocks,4,5,10,text,,4,Digital na Eletrobras Eletronorte.,34,4,67.0,422.0,530.0,433.0,463.0,11.0,5093.0
gtl_0081,GTL_0081.pdf,preproc_blocks,4,5,11,title,2.0,0,(5) ANDRE LUIS DE FREITAS FARIAS,32,1,66.0,444.0,225.0,454.0,159.0,10.0,1590.0
gtl_0081,GTL_0081.pdf,preproc_blocks,4,5,12,text,,0,"Pós graduado em diversos MBAs Liderança e Coaching, Direito Civil Constitucionalizado, Direito da Energia pela",110,1,66.0,452.0,531.0,464.0,465.0,12.0,5580.0
gtl_0081,GTL_0081.pdf,preproc_blocks,4,5,12,text,,1,"ESA – Escola Superior de Advocacia, Engenharia de Produção e MBA Executivo em Administração: Negócios no",104,1,66.0,464.0,531.0,474.0,465.0,10.0,4650.0
gtl_0081,GTL_0081.pdf,preproc_blocks,4,5,12,text,,2,Setor Elétrico.,15,1,66.0,474.0,124.0,483.0,58.0,9.0,522.0
gtl_0081,GTL_0081.pdf,preproc_blocks,4,5,13,text,,0,"Trabalhou como Operador de Subestação, Operador de Sistemas em Tempo Real, Analista de Pré Operação,",100,1,67.0,485.0,530.0,494.0,463.0,9.0,4167.0
gtl_0081,GTL_0081.pdf,preproc_blocks,4,5,13,text,,1,coordenador da Gestão da Qualidade ISO 9001 no Centro de Operação de Mato Grosso. Auditor Lider certificado e,109,1,67.0,495.0,531.0,504.0,464.0,9.0,4176.0
gtl_0081,GTL_0081.pdf,preproc_blocks,4,5,13,text,,2,consultor interno da Norma NBR ISO 9000.2001. Trabalhou como ponto focal da Eletronorte no desenvolvimento e,108,1,67.0,506.0,531.0,514.0,464.0,8.0,3712.0
gtl_0081,GTL_0081.pdf,preproc_blocks,4,5,13,text,,3,"especificação do SAP-IU, módulos WCM em conjunto com as empresas do grupo Eletrobras. Gerente do Centro de",106,1,67.0,516.0,531.0,525.0,464.0,9.0,4176.0
gtl_0081,GTL_0081.pdf,preproc_blocks,4,5,13,text,,4,Operação de Mato Grosso – COR no ano 2020. Atualmente é Gerente de Departamento de Operação em Tempo,100,1,67.0,526.0,531.0,535.0,464.0,9.0,4176.0
gtl_0081,GTL_0081.pdf,preproc_blocks,4,5,13,text,,5,Real.,5,1,66.0,536.0,90.0,546.0,24.0,10.0,240.0
gtl_0081,GTL_0081.pdf,para_blocks,0,1,3,title,1.0,0,GRUPO DE ESTUDO DE SISTEMAS DE INFORMAÇÃO E TELECOMUNICAÇÃO PARA SISTEMAS,73,1,88.0,137.0,501.0,147.0,413.0,10.0,4130.0
gtl_0081,GTL_0081.pdf,para_blocks,0,1,3,title,1.0,1,ELÉTRICOS - GTL,15,1,255.0,148.0,334.0,157.0,79.0,9.0,711.0
gtl_0081,GTL_0081.pdf,para_blocks,0,1,4,title,1.0,0,CENTRO VIRTUAL DE OPERAÇÃO,26,1,219.0,179.0,369.0,190.0,150.0,11.0,1650.0
gtl_0081,GTL_0081.pdf,para_blocks,0,1,5,title,1.0,0,CLAUDIO VINICIUS DUARTE CABRAL(1);WILLAMS VIDAL SAMPAIO(2);SIDNEY FERREIRA,74,1,98.0,210.0,489.0,222.0,391.0,12.0,4692.0
gtl_0081,GTL_0081.pdf,para_blocks,0,1,5,title,1.0,1,PINTO(3);CLEITON SILVA CASTRO(4);ANDRE LUIS DE FREITAS FARIAS(5),64,1,132.0,221.0,456.0,232.0,324.0,11.0,3564.0
gtl_0081,GTL_0081.pdf,para_blocks,0,1,5,title,1.0,2,CENTRAIS ELETRICAS DO NORTE DO BRASIL S/A(1),44,1,177.0,231.0,409.0,242.0,232.0,11.0,2552.0
gtl_0081,GTL_0081.pdf,para_blocks,0,1,6,title,2.0,0,RESUMO,6,1,66.0,262.0,108.0,275.0,42.0,13.0,546.0
gtl_0081,GTL_0081.pdf,para_blocks,0,1,7,text,,0,O Centro Virtual de Operação foi desenvolvido com tecnologias de realidade virtual e computação em nuvem (cloud,111,1,67.0,282.0,531.0,292.0,464.0,10.0,4640.0
gtl_0081,GTL_0081.pdf,para_blocks,0,1,7,text,,1,"computing), integradas com sistemas especialistas SCADA (SAGE). O Centro de Operação Virtual é uma réplica",106,1,67.0,293.0,531.0,303.0,464.0,10.0,4640.0
gtl_0081,GTL_0081.pdf,para_blocks,0,1,7,text,,2,digital (digital twin) da sala e controle do Centro de Operação Integrada de Geração e Transmissão - COI GT. Este,113,1,67.0,303.0,531.0,313.0,464.0,10.0,4640.0
gtl_0081,GTL_0081.pdf,para_blocks,0,1,7,text,,3,"ambiente, acessado com o uso de óculos de realidade virtual – VR, apresenta um layout digital dos elementos reais",113,1,67.0,315.0,530.0,322.0,463.0,7.0,3241.0
gtl_0081,GTL_0081.pdf,para_blocks,0,1,7,text,,4,presentes em uma sala controle de operação em tempo real.,57,1,67.0,325.0,310.0,333.0,243.0,8.0,1944.0
gtl_0081,GTL_0081.pdf,para_blocks,0,1,8,title,2.0,0,PALAVRAS-CHAVE,14,1,67.0,346.0,149.0,354.0,82.0,8.0,656.0
gtl_0081,GTL_0081.pdf,para_blocks,0,1,9,text,,0,"digital Twin, SAGE, Realiadde Virtual, Meta Verso, cloud computing, Centro de Operação, Eletrobras Eletronorte",110,1,68.0,356.0,516.0,365.0,448.0,9.0,4032.0
gtl_0081,GTL_0081.pdf,para_blocks,0,1,10,title,2.0,0,1.0 INTRODUÇÃO,14,1,67.0,376.0,143.0,387.0,76.0,11.0,836.0
gtl_0081,GTL_0081.pdf,para_blocks,0,1,11,text,,0,A Indústria 4.0 é a quarta revolução industrial que está sendo caracterizada pelo uso da tecnologia da informação,113,1,66.0,396.0,531.0,406.0,465.0,10.0,4650.0
gtl_0081,GTL_0081.pdf,para_blocks,0,1,11,text,,1,"para automatizar processos industriais, a partir dos avanços em áreas como inteligência artificial, internet das coisas,",120,1,66.0,407.0,531.0,417.0,465.0,10.0,4650.0
gtl_0081,GTL_0081.pdf,para_blocks,0,1,11,text,,2,"robótica e análise de dados. Com o objetivo de aumentar a eficiência, reduzir os custos e melhorar a qualidade dos",114,1,67.0,418.0,530.0,426.0,463.0,8.0,3704.0
gtl_0081,GTL_0081.pdf,para_blocks,0,1,11,text,,3,"produtos, a Indústria 4.0 está mudando a maneira como a produção é realizada e os produtos são desenvolvidos.",109,1,67.0,428.0,521.0,437.0,454.0,9.0,4086.0
gtl_0081,GTL_0081.pdf,para_blocks,0,1,12,text,,0,"O metaverso é a visão de um universo virtual coletivo, que pode ser acessado através da tecnologia da realidade",111,1,67.0,448.0,531.0,457.0,464.0,9.0,4176.0
gtl_0081,GTL_0081.pdf,para_blocks,0,1,12,text,,1,"virtual. Ele é criado a partir de uma combinação de realidade virtual e inteligência artificial, com o objetivo de criar",120,1,66.0,459.0,531.0,468.0,465.0,9.0,4185.0
gtl_0081,GTL_0081.pdf,para_blocks,0,1,12,text,,2,"uma experiência imersiva para o usuário. Esta tecnologia permite que os usuários explorem, criem e colaborem em",111,1,67.0,470.0,530.0,478.0,463.0,8.0,3704.0
gtl_0081,GTL_0081.pdf,para_blocks,0,1,12,text,,3,"um ambiente virtual, onde eles podem interagir com outras pessoas e objetos virtuais de maneira realista. Além disso,",117,1,66.0,480.0,531.0,489.0,465.0,9.0,4185.0
gtl_0081,GTL_0081.pdf,para_blocks,0,1,12,text,,4,"o metaverso pode ser usado para aplicações comerciais, como a venda de produtos virtuais, a realização de eventos",113,1,66.0,490.0,531.0,499.0,465.0,9.0,4185.0
gtl_0081,GTL_0081.pdf,para_blocks,0,1,12,text,,5,virtuais e a criação de novas formas de entretenimento.,55,1,67.0,501.0,288.0,509.0,221.0,8.0,1768.0
gtl_0081,GTL_0081.pdf,para_blocks,0,1,13,text,,0,A Indústria 4.0 e o metaverso estão se complementando em muitos aspectos. A Indústria 4.0 está fornecendo a,107,1,66.0,521.0,531.0,529.0,465.0,8.0,3720.0
gtl_0081,GTL_0081.pdf,para_blocks,0,1,13,text,,1,"tecnologia necessária para criar o metaverso, e o metaverso está fornecendo novas formas de usar essa tecnologia",112,1,66.0,531.0,531.0,541.0,465.0,10.0,4650.0
gtl_0081,GTL_0081.pdf,para_blocks,0,1,13,text,,2,"para melhorar a produção e a venda de produtos. Além disso, a Indústria 4.0 está usando o metaverso para criar",110,1,66.0,542.0,530.0,551.0,464.0,9.0,4176.0
gtl_0081,GTL_0081.pdf,para_blocks,0,1,13,text,,3,"novas formas de treinar e capacitar funcionários, além de fornecer novas formas de entretenimento e socialização.",113,1,66.0,552.0,525.0,561.0,459.0,9.0,4131.0
gtl_0081,GTL_0081.pdf,para_blocks,0,1,14,title,2.0,0,2.0 MATERIAIS E MÉTODOS,23,1,67.0,582.0,187.0,593.0,120.0,11.0,1320.0
gtl_0081,GTL_0081.pdf,para_blocks,0,1,15,text,,0,"No ano de 2022, a Eletrobras Eletronorte desenvolveu um projeto estratégico com tema principal a inovação do",108,1,65.0,613.0,531.0,624.0,466.0,11.0,5126.0
gtl_0081,GTL_0081.pdf,para_blocks,0,1,15,text,,1,"macroprocesso “Operar”, consolidando o uso de metodologias ágeis na gestão dos PECs, busca de novas",99,1,66.0,625.0,531.0,633.0,465.0,8.0,3720.0
gtl_0081,GTL_0081.pdf,para_blocks,0,1,15,text,,2,tecnológicas de indústria 4.0 e a aplicação destas tecnologias disruptivas. As inovações desenvolvidas no decorrer,114,1,66.0,635.0,531.0,644.0,465.0,9.0,4185.0
gtl_0081,GTL_0081.pdf,para_blocks,0,1,15,text,,3,do projeto estão pavimentando a jornada da transformação digital no processo “Operar”.,86,1,67.0,645.0,420.0,654.0,353.0,9.0,3177.0
gtl_0081,GTL_0081.pdf,para_blocks,0,1,16,text,,0,"Uma das inovações desenvolvidas foi o Minimum Viable Product - MVP do Centro Virtual de Operação, desenvolvido",110,1,67.0,666.0,530.0,675.0,463.0,9.0,4167.0
gtl_0081,GTL_0081.pdf,para_blocks,0,1,16,text,,1,"com tecnologias de realidade virtual e computação em nuvem (cloud computing), integradas com sistemas",101,1,66.0,677.0,531.0,685.0,465.0,8.0,3720.0
gtl_0081,GTL_0081.pdf,para_blocks,0,1,16,text,,2,especialistas. O Centro de Operação Virtual é uma réplica digital (digital twin) da sala e controle do Centro de,112,1,67.0,687.0,530.0,695.0,463.0,8.0,3704.0
gtl_0081,GTL_0081.pdf,para_blocks,0,1,16,text,,3,Operação Integrada de Geração e Transmissão - COI G&T. Os técnicos de operação acessaram o ambiente virtual,107,1,67.0,697.0,531.0,706.0,464.0,9.0,4176.0
gtl_0081,GTL_0081.pdf,para_blocks,0,1,16,text,,4,"com o uso de óculos de realidade virtual – VR. Estes óculos proporcionam uma experiência sintética e imersiva, sem",114,1,66.0,708.0,531.0,716.0,465.0,8.0,3720.0
gtl_0081,GTL_0081.pdf,para_blocks,0,1,16,text,,5,nenhum senso do mundo real externo. A seguir são apresentadas imagens do Centro de Operação Virtual e as,104,1,66.0,718.0,531.0,728.0,465.0,10.0,4650.0
gtl_0081,GTL_0081.pdf,para_blocks,0,1,16,text,,6,fotografias do Centro Real de Operação do COI G&T:,50,1,66.0,728.0,282.0,736.0,216.0,8.0,1728.0
gtl_0081,GTL_0081.pdf,para_blocks,2,3,4,text,,0,O Centro de Operação Virtual do COI G&T apresenta um layout digital dos elementos reais presentes em uma sala,109,1,67.0,295.0,531.0,304.0,464.0,9.0,4176.0
gtl_0081,GTL_0081.pdf,para_blocks,2,3,4,text,,1,controle de operação em tempo real. Nas figuras 03 e 04 identificamos o videowall do Centro Virtual e Centro Real,113,1,66.0,305.0,531.0,315.0,465.0,10.0,4650.0
gtl_0081,GTL_0081.pdf,para_blocks,2,3,4,text,,2,"do COI G&T, respectivamente, com telas do Sistema Aberto de Gerenciamento de Energia - SAGE apresentando",104,1,67.0,316.0,531.0,325.0,464.0,9.0,4176.0
gtl_0081,GTL_0081.pdf,para_blocks,2,3,4,text,,3,informações em tempo real do Sistema Elétrico da Eletronorte.,61,1,67.0,326.0,317.0,335.0,250.0,9.0,2250.0
gtl_0081,GTL_0081.pdf,para_blocks,2,3,5,text,,0,"Adicionalmente, observamos os postos de operação virtual (figuras 05 e 07) e real (figura 6) onde os operadores",111,1,66.0,346.0,531.0,356.0,465.0,10.0,4650.0
gtl_0081,GTL_0081.pdf,para_blocks,2,3,5,text,,1,"desempenham as suas atividades cotidianas, bem como diversos itens que apresentam a identidade visual da",104,1,66.0,357.0,531.0,367.0,465.0,10.0,4650.0
gtl_0081,GTL_0081.pdf,para_blocks,2,3,5,text,,2,"Eletronorte, como a usina hidrelétrica de Tucuruí, a nova sede da Eletronorte e a Enia – Assistente Inteligente da",114,1,66.0,367.0,531.0,377.0,465.0,10.0,4650.0
gtl_0081,GTL_0081.pdf,para_blocks,2,3,5,text,,3,Eletronorte (figuras 08 e 09).,30,1,67.0,378.0,182.0,387.0,115.0,9.0,1035.0
gtl_0081,GTL_0081.pdf,para_blocks,2,3,6,title,2.0,0,3.0 RESULTADOS,14,1,67.0,410.0,146.0,418.0,79.0,8.0,632.0
gtl_0081,GTL_0081.pdf,para_blocks,2,3,7,text,,0,"No momento a empresa está desenvolvendo uma versão mais completa do Centro Virtual, o qual será aplicado para",109,1,66.0,430.0,531.0,439.0,465.0,9.0,4185.0
gtl_0081,GTL_0081.pdf,para_blocks,2,3,7,text,,1,"agilizar o suporte operacional especializado em situações emergenciais, especialmente durante grandes blecautes",111,1,67.0,440.0,531.0,449.0,464.0,9.0,4176.0
gtl_0081,GTL_0081.pdf,para_blocks,2,3,7,text,,2,"no sistema. Neste contexto, o ambiente virtual será utilizado como um espaço para interação entre especialistas em",114,1,67.0,451.0,531.0,460.0,464.0,9.0,4176.0
gtl_0081,GTL_0081.pdf,para_blocks,2,3,7,text,,3,"operação (ex: supervisores experientes, gerentes, etc), fisicamente distantes do Centro de Operação, e um operador",114,1,67.0,461.0,531.0,470.0,464.0,9.0,4176.0
gtl_0081,GTL_0081.pdf,para_blocks,2,3,7,text,,4,"presente no centro físico. Antes da solução, as interações eram realizadas por telefone, limitando o suporte aos",112,1,67.0,471.0,531.0,480.0,464.0,9.0,4176.0
gtl_0081,GTL_0081.pdf,para_blocks,2,3,7,text,,5,operadores presentes na sala de controle.,41,1,68.0,482.0,236.0,490.0,168.0,8.0,1344.0
gtl_0081,GTL_0081.pdf,para_blocks,2,3,8,text,,0,"Adicionalmente, está sendo previsto alguns desenvolvimentos futuros para utilização em simulações e treinamentos",112,1,66.0,502.0,531.0,511.0,465.0,9.0,4185.0
gtl_0081,GTL_0081.pdf,para_blocks,2,3,8,text,,1,aumentando a experiencia dos treinandos em um ambiente virtual mais aproximado do cenário real.,95,1,68.0,514.0,466.0,521.0,398.0,7.0,2786.0
gtl_0081,GTL_0081.pdf,para_blocks,2,3,9,title,2.0,0,4.0 CONCLUSÕES,14,1,67.0,554.0,148.0,563.0,81.0,9.0,729.0
gtl_0081,GTL_0081.pdf,para_blocks,2,3,10,text,,0,"Os resultados alcançados fortalecem o caráter inovador do MVP para a Eletronorte e no Setor Elétrico, e estabelece",114,1,67.0,575.0,531.0,583.0,464.0,8.0,3712.0
gtl_0081,GTL_0081.pdf,para_blocks,2,3,10,text,,1,"a primeira experiência da Eletronorte no “metaverso”, a partir de um ambiente dedicado, customizável, acessível de",114,1,67.0,585.0,531.0,594.0,464.0,9.0,4176.0
gtl_0081,GTL_0081.pdf,para_blocks,2,3,10,text,,2,"forma remota, com controle e segurança necessários. Adicionalmente, a inovação está alinhada ao movimento de",108,1,66.0,595.0,531.0,604.0,465.0,9.0,4185.0
gtl_0081,GTL_0081.pdf,para_blocks,2,3,10,text,,3,"transformação digital em seus processos operacionais, seguindo uma tendência já consolidada em outros setores",109,1,67.0,606.0,531.0,615.0,464.0,9.0,4176.0
gtl_0081,GTL_0081.pdf,para_blocks,2,3,10,text,,4,"industriais. A inovação pode ser adaptada, customizada e aplicada em outras empresas do setor elétrico nacional e",113,1,67.0,616.0,531.0,625.0,464.0,9.0,4176.0
gtl_0081,GTL_0081.pdf,para_blocks,2,3,10,text,,5,internacional.,14,1,67.0,627.0,120.0,635.0,53.0,8.0,424.0
gtl_0081,GTL_0081.pdf,para_blocks,4,5,2,title,2.0,0,DADOS BIOGRÁFICOS,17,1,67.0,83.0,164.0,96.0,97.0,13.0,1261.0
gtl_0081,GTL_0081.pdf,para_blocks,4,5,4,text,,0,(1) CLAUDIO VINICIUS DUARTE CABRAL,34,5,149.0,104.0,525.0,116.0,376.0,12.0,4512.0
gtl_0081,GTL_0081.pdf,para_blocks,4,5,4,text,,1,Graduado em engenharia elétrica/eletrotécnica pela Universidade Federal de Pernambuco em,88,1,150.0,114.0,526.0,125.0,376.0,11.0,4136.0
gtl_0081,GTL_0081.pdf,para_blocks,4,5,4,text,,2,"2005, com atuações como Engenheiro de Operação nas empresas CHESF (2005), Eletrobras",84,1,150.0,126.0,525.0,135.0,375.0,9.0,3375.0
gtl_0081,GTL_0081.pdf,para_blocks,4,5,4,text,,3,Distribuição Alagoas (2005-2007) e na Eletronorte (2007-2010). Na Eletronorte atuou com,87,1,150.0,135.0,526.0,145.0,376.0,10.0,3760.0
gtl_0081,GTL_0081.pdf,para_blocks,4,5,4,text,,4,"gestor em diversos departamentos: Ger. de Programação, Dep. de Normatização, Dep. de",84,1,150.0,146.0,525.0,155.0,375.0,9.0,3375.0
gtl_0081,GTL_0081.pdf,para_blocks,4,5,4,text,,5,Supervisão e Gestão da Operação em Tempo Real (2010-2021). Atualmente trabalha no Dep.,86,1,150.0,155.0,525.0,164.0,375.0,9.0,3375.0
gtl_0081,GTL_0081.pdf,para_blocks,4,5,4,text,,6,de Gestão da Operação e integra o time de representantes da Eletronorte na ABRATE.,82,1,150.0,165.0,525.0,174.0,375.0,9.0,3375.0
gtl_0081,GTL_0081.pdf,para_blocks,4,5,4,text,,7,Concluiu o MBA em Ciência de Dados pela USP (2022) e atualmente cursa o MBA de IA e Big,87,1,150.0,174.0,525.0,186.0,375.0,12.0,4500.0
gtl_0081,GTL_0081.pdf,para_blocks,4,5,4,text,,8,Data na USP. Possui três inovações registradas INPI.,52,8,150.0,185.0,526.0,195.0,376.0,10.0,3760.0
gtl_0081,GTL_0081.pdf,para_blocks,4,5,5,text,,0,Graduado em Engenharia Elétrica pela Universidade de Fortaleza - UNIFOR (1986) e,80,1,67.0,235.0,532.0,246.0,465.0,11.0,5115.0
gtl_0081,GTL_0081.pdf,para_blocks,4,5,5,text,,1,pós-graduado em Sistemas Elétricos de Potência pela Universidade de Brasília - UnB (1988).,90,1,66.0,245.0,531.0,257.0,465.0,12.0,5580.0
gtl_0081,GTL_0081.pdf,para_blocks,4,5,5,text,,2,"Atuação nas áreas de proteção, supervisão de sistemas elétricos e desenvolvimentos de sistema informatizados.",109,1,67.0,257.0,531.0,266.0,464.0,9.0,4176.0
gtl_0081,GTL_0081.pdf,para_blocks,4,5,5,text,,3,Atuação também na instrutoria de operadores e capacitação de técnicos na área de supervisão de sistemas elétricos,113,1,67.0,267.0,531.0,277.0,464.0,10.0,4640.0
gtl_0081,GTL_0081.pdf,para_blocks,4,5,5,text,,4,com ênfase,10,2,66.0,277.0,531.0,288.0,465.0,11.0,5115.0
gtl_0081,GTL_0081.pdf,para_blocks,4,5,5,text,,5,no uso e configuração do Sistema Aberto de Gerenciamento de Energia - SAGE,74,1,65.0,286.0,532.0,299.0,467.0,13.0,6071.0
gtl_0081,GTL_0081.pdf,para_blocks,4,5,7,text,,0,(3) SIDNEY FERREIRA PINTO,25,4,65.0,308.0,531.0,321.0,466.0,13.0,6058.0
gtl_0081,GTL_0081.pdf,para_blocks,4,5,8,text,,0,"Com formação em Redes de Computadores e especialização em Engenharia de Dados, trabalho na Eletronorte a 16",107,1,67.0,318.0,531.0,328.0,464.0,10.0,4640.0
gtl_0081,GTL_0081.pdf,para_blocks,4,5,8,text,,1,"anos passando pela as areas de TI, tanto de infraestrutura, Basis(SAP) e agora com novo desafio a 4 anos na area",112,1,67.0,330.0,531.0,338.0,464.0,8.0,3712.0
gtl_0081,GTL_0081.pdf,para_blocks,4,5,8,text,,2,de Transfomação Digital. Tentando levar a Eletronorte a vanguarde de utilização de dados para apoio ao negocio.,111,1,66.0,339.0,531.0,349.0,465.0,10.0,4650.0
gtl_0081,GTL_0081.pdf,para_blocks,4,5,8,text,,3,Todos os dias novos desafios e novos projetos de inovação.,58,10,66.0,350.0,530.0,360.0,464.0,10.0,4640.0
gtl_0081,GTL_0081.pdf,para_blocks,4,5,9,title,2.0,0,(4) CLEITON SILVA CASTRO,24,1,67.0,371.0,188.0,382.0,121.0,11.0,1331.0
gtl_0081,GTL_0081.pdf,para_blocks,4,5,10,text,,0,"Formado em Bacharelado em Ciência da Computação, Especialização em Governança em TI Pela Fundação",97,1,66.0,379.0,532.0,391.0,466.0,12.0,5592.0
gtl_0081,GTL_0081.pdf,para_blocks,4,5,10,text,,1,"Universa, MBA em Gestão Empresarial pela FGV e Cursando MBA em Ciência de Dados na PUC-Rio, 23 anos de",102,1,67.0,392.0,531.0,400.0,464.0,8.0,3712.0
gtl_0081,GTL_0081.pdf,para_blocks,4,5,10,text,,2,"experiência em Tecnologia da Informação, com desenvolvimento de sistemas, administração de banco de dados,",106,1,67.0,401.0,530.0,410.0,463.0,9.0,4167.0
gtl_0081,GTL_0081.pdf,para_blocks,4,5,10,text,,3,"coordenação de equipes e projetos, Gestor de Infraestrutura de TI e mais recentemente às ações de Transformação",111,1,66.0,412.0,531.0,422.0,465.0,10.0,4650.0
gtl_0081,GTL_0081.pdf,para_blocks,4,5,10,text,,4,Digital na Eletrobras Eletronorte.,34,4,67.0,422.0,530.0,433.0,463.0,11.0,5093.0
gtl_0081,GTL_0081.pdf,para_blocks,4,5,11,title,2.0,0,(5) ANDRE LUIS DE FREITAS FARIAS,32,1,66.0,444.0,225.0,454.0,159.0,10.0,1590.0
gtl_0081,GTL_0081.pdf,para_blocks,4,5,12,text,,0,"Pós graduado em diversos MBAs Liderança e Coaching, Direito Civil Constitucionalizado, Direito da Energia pela",110,1,66.0,452.0,531.0,464.0,465.0,12.0,5580.0
gtl_0081,GTL_0081.pdf,para_blocks,4,5,12,text,,1,"ESA – Escola Superior de Advocacia, Engenharia de Produção e MBA Executivo em Administração: Negócios no",104,1,66.0,464.0,531.0,474.0,465.0,10.0,4650.0
gtl_0081,GTL_0081.pdf,para_blocks,4,5,12,text,,2,Setor Elétrico.,15,1,66.0,474.0,124.0,483.0,58.0,9.0,522.0
gtl_0081,GTL_0081.pdf,para_blocks,4,5,13,text,,0,"Trabalhou como Operador de Subestação, Operador de Sistemas em Tempo Real, Analista de Pré Operação,",100,1,67.0,485.0,530.0,494.0,463.0,9.0,4167.0
gtl_0081,GTL_0081.pdf,para_blocks,4,5,13,text,,1,coordenador da Gestão da Qualidade ISO 9001 no Centro de Operação de Mato Grosso. Auditor Lider certificado e,109,1,67.0,495.0,531.0,504.0,464.0,9.0,4176.0
gtl_0081,GTL_0081.pdf,para_blocks,4,5,13,text,,2,consultor interno da Norma NBR ISO 9000.2001. Trabalhou como ponto focal da Eletronorte no desenvolvimento e,108,1,67.0,506.0,531.0,514.0,464.0,8.0,3712.0
gtl_0081,GTL_0081.pdf,para_blocks,4,5,13,text,,3,"especificação do SAP-IU, módulos WCM em conjunto com as empresas do grupo Eletrobras. Gerente do Centro de",106,1,67.0,516.0,531.0,525.0,464.0,9.0,4176.0
gtl_0081,GTL_0081.pdf,para_blocks,4,5,13,text,,4,Operação de Mato Grosso – COR no ano 2020. Atualmente é Gerente de Departamento de Operação em Tempo,100,1,67.0,526.0,531.0,535.0,464.0,9.0,4176.0
gtl_0081,GTL_0081.pdf,para_blocks,4,5,13,text,,5,Real.,5,1,66.0,536.0,90.0,546.0,24.0,10.0,240.0
gtl_0081,GTL_0081.pdf,discarded_blocks,0,1,1,header,,0,XXVII Seminário Nacional de,27,1,124.0,35.0,229.0,43.0,105.0,8.0,840.0
gtl_0081,GTL_0081.pdf,discarded_blocks,0,1,1,header,,1,Produção e Transmissão,22,1,124.0,45.0,248.0,55.0,124.0,10.0,1240.0
gtl_0081,GTL_0081.pdf,discarded_blocks,0,1,1,header,,2,de Energia Elétrica,19,1,124.0,56.0,219.0,67.0,95.0,11.0,1045.0
gtl_0081,GTL_0081.pdf,discarded_blocks,0,1,1,header,,3,XXVIISNPTEE,11,1,68.0,66.0,119.0,74.0,51.0,8.0,408.0
gtl_0081,GTL_0081.pdf,discarded_blocks,0,1,2,header,,0,0081,4,1,501.0,41.0,523.0,52.0,22.0,11.0,242.0
gtl_0081,GTL_0081.pdf,discarded_blocks,0,1,2,header,,1,GTL/4,5,1,496.0,58.0,523.0,69.0,27.0,11.0,297.0
gtl_0081,GTL_0081.pdf,discarded_blocks,0,1,17,footer,,0,claudio.cabral@eletronorte.com.br,33,1,224.0,790.0,374.0,799.0,150.0,9.0,1350.0
gtl_0081,GTL_0081.pdf,discarded_blocks,0,1,18,footer,,0,CLASSIFICAÇÃO: PÚBLICA,22,1,235.0,813.0,358.0,825.0,123.0,12.0,1476.0
gtl_0081,GTL_0081.pdf,discarded_blocks,1,2,1,page_number,,0,2,1,1,295.0,36.0,302.0,46.0,7.0,10.0,70.0
gtl_0081,GTL_0081.pdf,discarded_blocks,1,2,14,footer,,0,CLASSIFICAÇÃO: PÚBLICA,22,1,235.0,813.0,358.0,825.0,123.0,12.0,1476.0
gtl_0081,GTL_0081.pdf,discarded_blocks,2,3,1,page_number,,0,3,1,1,295.0,36.0,302.0,46.0,7.0,10.0,70.0
gtl_0081,GTL_0081.pdf,discarded_blocks,2,3,11,footer,,0,CLASSIFICAÇÃO: PÚBLICA,22,1,234.0,812.0,358.0,826.0,124.0,14.0,1736.0
gtl_0081,GTL_0081.pdf,discarded_blocks,3,4,1,page_number,,0,4,1,1,295.0,37.0,302.0,45.0,7.0,8.0,56.0
gtl_0081,GTL_0081.pdf,discarded_blocks,3,4,2,footer,,0,CLASSIFICAÇÃO: PÚBLICA,22,1,234.0,812.0,358.0,826.0,124.0,14.0,1736.0
gtl_0081,GTL_0081.pdf,discarded_blocks,4,5,1,page_number,,0,5,1,1,296.0,37.0,302.0,45.0,6.0,8.0,48.0
gtl_0081,GTL_0081.pdf,discarded_blocks,4,5,14,footer,,0,CLASSIFICAÇÃO: PÚBLICA,22,1,234.0,812.0,358.0,826.0,124.0,14.0,1736.0
gtm10,GTM10.pdf,preproc_blocks,0,1,5,text,,0,Curitiba - PR,13,1,226.0,186.0,282.0,196.0,56.0,10.0,560.0
gtm10,GTM10.pdf,preproc_blocks,0,1,6,text,,0,GRUPO - XIII,12,1,70.0,237.0,126.0,246.0,56.0,9.0,504.0
gtm10,GTM10.pdf,preproc_blocks,0,1,7,title,1.0,0,"GRUPO DE ESTUDO DE TRANSFORMADORES, REATORES, MATERIAIS E TECNOLOGIAS EMERGENTES -",82,1,74.0,254.0,533.0,262.0,459.0,8.0,3672.0
gtm10,GTM10.pdf,preproc_blocks,0,1,7,title,1.0,1,GTM,3,1,293.0,264.0,313.0,273.0,20.0,9.0,180.0
gtm10,GTM10.pdf,preproc_blocks,0,1,8,title,1.0,0,CONDIÇÕES DE SOBRECARGA E IMPLICAÇÕES DA NBR 5356-7 DURANTE O DESIGN REVIEW DE,78,1,90.0,278.0,516.0,290.0,426.0,12.0,5112.0
gtm10,GTM10.pdf,preproc_blocks,0,1,8,title,1.0,1,TRANSFORMADORES,15,1,255.0,290.0,351.0,300.0,96.0,10.0,960.0
gtm10,GTM10.pdf,preproc_blocks,0,1,9,text,,0,Luiz Fernando de Oliveira (*) Álvaro Portillo,45,1,75.0,313.0,286.0,324.0,211.0,11.0,2321.0
gtm10,GTM10.pdf,preproc_blocks,0,1,10,text,,0,Gilson Semiano,14,1,336.0,314.0,404.0,325.0,68.0,11.0,748.0
gtm10,GTM10.pdf,preproc_blocks,0,1,11,text,,0,Odirlan Iaronka,15,1,463.0,315.0,529.0,324.0,66.0,9.0,594.0
gtm10,GTM10.pdf,preproc_blocks,0,1,12,title,1.0,0,WEG – WTD Transformadores,25,1,239.0,335.0,367.0,345.0,128.0,10.0,1280.0
gtm10,GTM10.pdf,preproc_blocks,0,1,13,title,2.0,0,RESUMO,6,1,67.0,378.0,105.0,389.0,38.0,11.0,418.0
gtm10,GTM10.pdf,preproc_blocks,0,1,14,text,,0,"Na iminência da publicação da NBR 5356-7, baseada na IEC 60076-7, é fundamental o domínio da metodologia",104,1,84.0,394.0,536.0,403.0,452.0,9.0,4068.0
gtm10,GTM10.pdf,preproc_blocks,0,1,14,text,,1,"de cálculo térmico utilizado pela norma, na qual pequenas variações na aplicação podem levar a resultados bastante",114,1,67.0,405.0,536.0,414.0,469.0,9.0,4221.0
gtm10,GTM10.pdf,preproc_blocks,0,1,14,text,,2,diferentes. A norma introduzirá ainda o “Anexo H” com caráter normativo estabelecendo o ensaio de elevação de,109,1,67.0,415.0,536.0,424.0,469.0,9.0,4221.0
gtm10,GTM10.pdf,preproc_blocks,0,1,14,text,,3,temperatura em sobrecarga com o objetivo de assegurar a verificação das características dos transformadores frente,114,1,66.0,425.0,535.0,434.0,469.0,9.0,4221.0
gtm10,GTM10.pdf,preproc_blocks,0,1,14,text,,4,"a sobrecargas de curta duração, onde as medições das temperaturas são realizadas sem a estabilização em regime",110,1,66.0,436.0,536.0,445.0,470.0,9.0,4230.0
gtm10,GTM10.pdf,preproc_blocks,0,1,14,text,,5,"permanente. Este trabalho visa propiciar um entendimento melhor destas implicações, para comprador e fabricante.",112,1,66.0,447.0,530.0,455.0,464.0,8.0,3712.0
gtm10,GTM10.pdf,preproc_blocks,0,1,15,title,2.0,0,PALAVRAS-CHAVE,14,1,67.0,462.0,142.0,473.0,75.0,11.0,825.0
gtm10,GTM10.pdf,preproc_blocks,0,1,16,text,,0,"Transformador, Sobrecarga em transformadores, Temperatura de Hot-Spot, Design Review, Vida útil",95,1,85.0,479.0,488.0,488.0,403.0,9.0,3627.0
gtm10,GTM10.pdf,preproc_blocks,0,1,17,title,2.0,0,1.0 - INTRODUÇÃO,16,1,67.0,501.0,148.0,510.0,81.0,9.0,729.0
gtm10,GTM10.pdf,preproc_blocks,0,1,18,text,,0,"Historicamente, os valores das características gque descrevem o desempenho de transformadores são garantidos",108,1,84.0,518.0,529.0,525.0,445.0,7.0,3115.0
gtm10,GTM10.pdf,preproc_blocks,0,1,18,text,,1,com base nos dados de medicões em regime permanente (é assim com perdas. temperatura. etc.). Os valores de,106,1,67.0,528.0,531.0,536.0,464.0,8.0,3712.0
gtm10,GTM10.pdf,preproc_blocks,0,1,18,text,,2,temperatura exigem ensaios de longa duração devido aos valores das constantes térmicas serem relativamente,106,1,66.0,538.0,531.0,548.0,465.0,10.0,4650.0
gtm10,GTM10.pdf,preproc_blocks,0,1,18,text,,3,"elevados, consequentemente, o transformador leva horas para atingir as temperaturas de regime. O Anexo H da",107,1,66.0,549.0,531.0,558.0,465.0,9.0,4185.0
gtm10,GTM10.pdf,preproc_blocks,0,1,18,text,,4,"NBR 5356-7 deve introduzir o ensaio de elevação de temperatura em sobrecarga e, como é de se esperar, o tempo",109,1,66.0,558.0,531.0,568.0,465.0,10.0,4650.0
gtm10,GTM10.pdf,preproc_blocks,0,1,18,text,,5,"dessas sobrecargas são inferiores ao tempo necessário para estabilização das temperaturas, sobretudo do fluido",110,1,66.0,569.0,531.0,579.0,465.0,10.0,4650.0
gtm10,GTM10.pdf,preproc_blocks,0,1,18,text,,6,isolante.,9,1,66.0,579.0,101.0,589.0,35.0,10.0,350.0
gtm10,GTM10.pdf,preproc_blocks,0,1,19,text,,0,Tendo em vista a necessidade da análise transitória das temperaturas e as informações geralmente solicitadas,108,1,84.0,596.0,531.0,605.0,447.0,9.0,4023.0
gtm10,GTM10.pdf,preproc_blocks,0,1,19,text,,1,"durante o Design Review, este trabalho abordará os seguintes tópicos:",69,1,67.0,606.0,350.0,615.0,283.0,9.0,2547.0
gtm10,GTM10.pdf,preproc_blocks,0,1,20,text,,0, Comparativo entre o método exponencial e o método diferencial sugeridos pela IEC 60076-7 [1];,95,1,86.0,622.0,488.0,634.0,402.0,12.0,4824.0
gtm10,GTM10.pdf,preproc_blocks,0,1,21,text,,0, Influência da temperatura ambiente na vida útil e durante o ensaio de sobrecarga;,83,1,87.0,635.0,430.0,644.0,343.0,9.0,3087.0
gtm10,GTM10.pdf,preproc_blocks,0,1,22,text,,0, Efeito do fluxo disperso adicional em shunts magnéticos,57,1,87.0,645.0,328.0,655.0,241.0,10.0,2410.0
gtm10,GTM10.pdf,preproc_blocks,0,1,23,text,,0,Influência do fator de Hot-Spot variável;,41,1,102.0,657.0,262.0,665.0,160.0,8.0,1280.0
gtm10,GTM10.pdf,preproc_blocks,0,1,24,text,,0,Em muitas análises ao longo deste trabalho será utilizado o ciclo denominado como “Ciclo de sobrecarga” da,106,1,83.0,672.0,530.0,683.0,447.0,11.0,4917.0
gtm10,GTM10.pdf,preproc_blocks,0,1,24,text,,1,"nota técnica elaborada pelo ONS [2], exibido na Figura 1.",57,1,66.0,682.0,298.0,693.0,232.0,11.0,2552.0
gtm10,GTM10.pdf,preproc_blocks,1,2,4,title,2.0,0,2.0 - COMPARATIVO ENTRE OS MÉTODOS EXPONENCIAL E DIFERENCIAL,60,1,67.0,287.0,388.0,297.0,321.0,10.0,3210.0
gtm10,GTM10.pdf,preproc_blocks,1,2,5,text,,0,"O draft da norma NBR 5356-7 (assim como [1]), apresenta dois métodos para calcular a evolução de temperatura",108,1,83.0,303.0,531.0,314.0,448.0,11.0,4928.0
gtm10,GTM10.pdf,preproc_blocks,1,2,5,text,,1,do Hot-Spot de transformadores em função das variações de carga:,64,1,67.0,315.0,339.0,323.0,272.0,8.0,2176.0
gtm10,GTM10.pdf,preproc_blocks,1,2,6,text,,0,Solução de equações exponenciais: adequadas para variações de carga típicas da função degrau com,96,1,102.0,331.0,531.0,341.0,429.0,10.0,4290.0
gtm10,GTM10.pdf,preproc_blocks,1,2,6,text,,1,"temperatura ambiente constante, principalmente quando são intercalados degraus de acréscimo com",95,1,103.0,342.0,530.0,351.0,427.0,9.0,3843.0
gtm10,GTM10.pdf,preproc_blocks,1,2,6,text,,2,"degraus de decréscimo de carga. Caso esta condição não se cumpra, o gradiente de temperatura do ponto",101,1,102.0,351.0,531.0,361.0,429.0,10.0,4290.0
gtm10,GTM10.pdf,preproc_blocks,1,2,6,text,,3,mais quente sobre a temperatura do topo do óleo precisa alcançar o regime permanente.,85,1,103.0,363.0,459.0,371.0,356.0,8.0,2848.0
gtm10,GTM10.pdf,preproc_blocks,1,2,7,text,,0,"Solução de equações diferenciais: especialmente aplicáveis quando ambos, fator de carga e temperatura",101,1,102.0,373.0,530.0,382.0,428.0,9.0,3852.0
gtm10,GTM10.pdf,preproc_blocks,1,2,7,text,,1,"ambiente, variam simultânea e/ou independentemente. Por não haver restrições quanto ao perfil de carga,",103,1,102.0,384.0,530.0,393.0,428.0,9.0,3852.0
gtm10,GTM10.pdf,preproc_blocks,1,2,7,text,,2,é particularmente aplicável para monitoramento on-line,54,1,103.0,394.0,324.0,402.0,221.0,8.0,1768.0
gtm10,GTM10.pdf,preproc_blocks,1,2,8,text,,0,"Embora as aplicações pareçam distintas, ambas modelam os mesmos fenômenos adequadamente e levam a",97,1,84.0,410.0,532.0,419.0,448.0,9.0,4032.0
gtm10,GTM10.pdf,preproc_blocks,1,2,8,text,,1,resultados muito similares quando respeitadas as recomendações da norma. As maiores discrepâncias ocorrem,105,1,67.0,421.0,530.0,429.0,463.0,8.0,3704.0
gtm10,GTM10.pdf,preproc_blocks,1,2,8,text,,2,"durante um decréscimo de carga, o que se deve principalmente da aplicação do fator k _ { 1 1 } , descrita em [3]. Na Figura",123,3,66.0,431.0,531.0,442.0,465.0,11.0,5115.0
gtm10,GTM10.pdf,preproc_blocks,1,2,8,text,,3,2 é exibido um comparativo entre os dois métodos de modelagem e vale ressaltar que o passo de tempo (��) utilizado,114,1,66.0,442.0,531.0,451.0,465.0,9.0,4185.0
gtm10,GTM10.pdf,preproc_blocks,1,2,8,text,,4,para calcular a evolução das temperaturas ao longo de cada período influencia ambos os métodos.,95,1,66.0,452.0,463.0,462.0,397.0,10.0,3970.0
gtm10,GTM10.pdf,preproc_blocks,1,2,11,text,,0,"Em relação ao método das equações diferenciais, a Figura 3 exibe o resultado da utilização de diferentes passos",111,1,83.0,665.0,531.0,676.0,448.0,11.0,4928.0
gtm10,GTM10.pdf,preproc_blocks,1,2,11,text,,1,"de tempo na modelagem de um transformador cuja constante de tempo do enrolamento ( \tau _ { w } ) é de 8,25���. Embora",118,3,66.0,676.0,531.0,687.0,465.0,11.0,5115.0
gtm10,GTM10.pdf,preproc_blocks,1,2,11,text,,2,"a IEC 60076-7 [1] recomende um passo de tempo inferior à metade da constante térmica do enrolamento, foram",106,1,67.0,687.0,531.0,696.0,464.0,9.0,4176.0
gtm10,GTM10.pdf,preproc_blocks,1,2,11,text,,3,"modelados os seguintes intervalos de tempo: �� = 8���, 4���, 2��� e 1���. Os resultados em termos de vida útil",110,1,66.0,697.0,531.0,706.0,465.0,9.0,4185.0
gtm10,GTM10.pdf,preproc_blocks,1,2,11,text,,4,"(�/����� �� �����) foram 0 , 7 3 , \ 0 , 7 4 , \ 0 , 7 5 \ \in \ 0 , 7 5 , respectivamente. Constata-se portanto que o passo utilizado",134,3,66.0,707.0,531.0,718.0,465.0,11.0,5115.0
gtm10,GTM10.pdf,preproc_blocks,1,2,11,text,,5,"influencia, embora não de forma acentuada, na evolução das temperaturas ao longo dos transitórios de carga, mas",111,1,65.0,718.0,531.0,728.0,466.0,10.0,4660.0
gtm10,GTM10.pdf,preproc_blocks,1,2,11,text,,6,a influência no valor final das temperaturas em regime permanente pode-se dizer insignificante.,95,1,67.0,729.0,448.0,738.0,381.0,9.0,3429.0
gtm10,GTM10.pdf,preproc_blocks,2,3,4,title,2.0,0,3.0 - INFLUÊNCIA DA TEMPERATURA AMBIENTE,40,1,66.0,284.0,276.0,294.0,210.0,10.0,2100.0
gtm10,GTM10.pdf,preproc_blocks,2,3,5,text,,0,"Durante análises de ciclos de carga, a IEC 60076-7 [1] recomenda a utilização dos seguintes valores de",102,1,84.0,302.0,531.0,310.0,447.0,8.0,3576.0
gtm10,GTM10.pdf,preproc_blocks,2,3,5,text,,1,temperatura ambiente:,21,1,67.0,312.0,158.0,321.0,91.0,9.0,819.0
gtm10,GTM10.pdf,preproc_blocks,2,3,6,text,,0,"Para quesitos de envelhecimento térmico e vida útil: utilizar a temperatura ambiente média anual, em geral,",107,1,102.0,329.0,530.0,338.0,428.0,9.0,3852.0
gtm10,GTM10.pdf,preproc_blocks,2,3,6,text,,1,aquelas indicadas pela Tabela 2 da IEC 60076-2 [4];,51,1,103.0,339.0,313.0,348.0,210.0,9.0,1890.0
gtm10,GTM10.pdf,preproc_blocks,2,3,7,text,,0,Para quesitos de temperatura do ponto mais quente: utilizar a temperatura ambiente média mensal do mês,102,1,102.0,351.0,530.0,358.0,428.0,7.0,2996.0
gtm10,GTM10.pdf,preproc_blocks,2,3,7,text,,1,mais quente.,12,1,103.0,361.0,155.0,369.0,52.0,8.0,416.0
gtm10,GTM10.pdf,preproc_blocks,2,3,8,text,,0,"Extraindo de [5] as temperaturas médias mensais ao longo do ano de 2016, a Figura 4 é construída. Observa-",106,1,84.0,376.0,531.0,386.0,447.0,10.0,4470.0
gtm10,GTM10.pdf,preproc_blocks,2,3,8,text,,1,"se, para as cinco cidades analisadas com posição geográfica bastante distintas, que as médias máximas são muito",111,1,67.0,387.0,530.0,396.0,463.0,9.0,4167.0
gtm10,GTM10.pdf,preproc_blocks,2,3,8,text,,2,"similares, variando entre 26 e 28°�. Contudo, a média anual é de 20°� para Porto Alegre (RS) enquanto que para",110,1,66.0,396.0,531.0,407.0,465.0,11.0,5115.0
gtm10,GTM10.pdf,preproc_blocks,2,3,8,text,,3,"João Pessoa (PB) é de 27,3°�.",29,1,67.0,408.0,190.0,417.0,123.0,9.0,1107.0
gtm10,GTM10.pdf,preproc_blocks,2,3,11,text,,0,"Tomando como referência estas duas temperaturas, 2 0 \thinspace \mathsf { e } \ : 2 7 , 3 ^ { \circ } C e utilizando o método das equações diferenciais",151,3,84.0,621.0,531.0,631.0,447.0,10.0,4470.0
gtm10,GTM10.pdf,preproc_blocks,2,3,11,text,,1,(optou-se pela utilização deste método para obter maior precisão no decréscimo de carga) para modelar um,104,1,66.0,632.0,531.0,642.0,465.0,10.0,4650.0
gtm10,GTM10.pdf,preproc_blocks,2,3,11,text,,2,"transformador convencional com margens de segurança razoáveis, pode-se construir os gráficos apresentados na",108,1,67.0,643.0,531.0,651.0,464.0,8.0,3712.0
gtm10,GTM10.pdf,preproc_blocks,2,3,11,text,,3,Figura 5 aplicando o ciclo de sobrecarga definido na Figura 1.,62,1,67.0,653.0,314.0,662.0,247.0,9.0,2223.0
gtm10,GTM10.pdf,preproc_blocks,2,3,12,text,,0,"Analisando a Figura 5 (a), observa-se que a diferença de temperatura do ponto mais quente nas duas séries é",107,1,84.0,669.0,531.0,678.0,447.0,9.0,4023.0
gtm10,GTM10.pdf,preproc_blocks,2,3,12,text,,1,"de aprox. 7 ^ { \circ } C , como era de se esperar. Na Figura 5 (b), percebe-se que essa diferença faz com que o transformador",126,3,66.0,678.0,531.0,689.0,465.0,11.0,5115.0
gtm10,GTM10.pdf,preproc_blocks,2,3,12,text,,2,"que está submetido à 27,3°� de temperatura ambiente, quando em sobrecarga de 40%, envelheça duas vezes mais",107,1,66.0,690.0,531.0,699.0,465.0,9.0,4185.0
gtm10,GTM10.pdf,preproc_blocks,2,3,12,text,,3,rápido do que o transformador submetido à 20°� ambiente. Com a taxa de envelhecimento acelerada o consumo de,108,1,66.0,700.0,531.0,709.0,465.0,9.0,4185.0
gtm10,GTM10.pdf,preproc_blocks,2,3,12,text,,4,"vida útil dispara em uma ascendência bastante íngreme, como apresentado na Figura 5 (c). As observações",103,1,66.0,711.0,531.0,720.0,465.0,9.0,4185.0
gtm10,GTM10.pdf,preproc_blocks,2,3,12,text,,5,convergem com a seção “Ambient Temperature” da IEC 60076-7.,59,1,66.0,721.0,330.0,730.0,264.0,9.0,2376.0
gtm10,GTM10.pdf,preproc_blocks,3,4,4,title,2.0,0,4.0 - EFEITO DO FLUXO DISPERSO ADICIONAL EM BLINDAGENS (SHUNTS) MAGNÉTICOS,74,1,66.0,496.0,454.0,505.0,388.0,9.0,3492.0
gtm10,GTM10.pdf,preproc_blocks,3,4,5,text,,0,"Embora a constante térmica do óleo ( \tau _ { o } ) seja da ordem de horas para grandes transformadores de potência, a",118,3,84.0,512.0,531.0,523.0,447.0,11.0,4917.0
gtm10,GTM10.pdf,preproc_blocks,3,4,5,text,,1,elevação de temperatura ocasionada pelas perdas em anteparos metálicos (como o tangue e ferragens) oriundas do,110,1,68.0,523.0,531.0,531.0,463.0,8.0,3704.0
gtm10,GTM10.pdf,preproc_blocks,3,4,5,text,,2,"campo magnético disperso é mais rápida, similar à constante dos enrolamentos.",77,1,67.0,533.0,388.0,542.0,321.0,9.0,2889.0
gtm10,GTM10.pdf,preproc_blocks,3,4,6,text,,0,Ao longo do ensaio de elevação de temperatura tradicional sempre foi fácil verificar deficiências de projeto,108,1,83.0,549.0,531.0,559.0,448.0,10.0,4480.0
gtm10,GTM10.pdf,preproc_blocks,3,4,6,text,,1,"relativas à campo disperso incidindo com amplitude elevada no tanque, bastando a utilização de verificação com, por",115,1,67.0,560.0,531.0,569.0,464.0,9.0,4176.0
gtm10,GTM10.pdf,preproc_blocks,3,4,6,text,,2,"exemplo, câmeras de imagem térmica por infravermelho. A constatação de aquecimento nas ferragens e suportes",107,1,67.0,570.0,531.0,579.0,464.0,9.0,4176.0
gtm10,GTM10.pdf,preproc_blocks,3,4,6,text,,3,"do núcleo (internos ao tanque) não é tão direta, de forma que só é possível inferir a existência de pontos quentes",114,1,67.0,581.0,530.0,590.0,463.0,9.0,4167.0
gtm10,GTM10.pdf,preproc_blocks,3,4,6,text,,4,com a análise dos gases dissolvidos no óleo (DGA) que ocorrem quando a temperatura de algum ponto em contato,108,1,67.0,592.0,530.0,599.0,463.0,7.0,3241.0
gtm10,GTM10.pdf,preproc_blocks,3,4,6,text,,5,"com o óleo mineral supera 150°�, como descrito em [6].",54,1,66.0,600.0,292.0,612.0,226.0,12.0,2712.0
gtm10,GTM10.pdf,preproc_blocks,3,4,7,text,,0,Com a inclusão do ensaio de temperatura em sobrecarga tornou-se absolutamente viável a verificação da,101,1,83.0,617.0,531.0,627.0,448.0,10.0,4480.0
gtm10,GTM10.pdf,preproc_blocks,3,4,7,text,,1,temperatura na superfície externa do tanque com 40% de fluxo excedente. O fluxo excedente pode saturar blindagens,113,1,66.0,628.0,531.0,638.0,465.0,10.0,4650.0
gtm10,GTM10.pdf,preproc_blocks,3,4,7,text,,2,"magnéticas e o campo magnético pode então permear as laterais metálicas do tanque, causando perdas por",102,1,67.0,639.0,530.0,647.0,463.0,8.0,3704.0
gtm10,GTM10.pdf,preproc_blocks,3,4,7,text,,3,correntes parasitas.,20,1,67.0,650.0,146.0,658.0,79.0,8.0,632.0
gtm10,GTM10.pdf,preproc_blocks,3,4,8,text,,0,"Um autotransformador regulador monofásico 250��� ���� 550/460�� � = 12,9% foi modelado para ilustrar o",102,1,84.0,665.0,531.0,674.0,447.0,9.0,4023.0
gtm10,GTM10.pdf,preproc_blocks,3,4,8,text,,1,"fenômeno, utilizando o aplicativo FEMM 4.2 ( [7]). Obviamente há limitações na modelagem já que o aplicativo",108,1,66.0,677.0,531.0,685.0,465.0,8.0,3720.0
gtm10,GTM10.pdf,preproc_blocks,3,4,8,text,,2,considera apenas geometrias em duas dimensões. O caso específico foi elaborado em coordenadas cilíndricas,105,1,67.0,686.0,529.0,695.0,462.0,9.0,4158.0
gtm10,GTM10.pdf,preproc_blocks,3,4,8,text,,3,(axissimétrica) no domínio da frequência utilizando a técnica “frequency-dependent permeability” para,101,1,66.0,696.0,532.0,706.0,466.0,10.0,4660.0
gtm10,GTM10.pdf,preproc_blocks,3,4,8,text,,4,aproximadamente modelar os efeitos da histerese e saturação das blindagens magnéticas. Um circuito térmico foi,110,1,66.0,707.0,532.0,716.0,466.0,9.0,4194.0
gtm10,GTM10.pdf,preproc_blocks,3,4,8,text,,5,utilizado para então calcular a temperatura estimada da lateral do tanque. Três distintas configurações foram,109,1,67.0,718.0,531.0,727.0,464.0,9.0,4176.0
gtm10,GTM10.pdf,preproc_blocks,3,4,8,text,,6,modeladas e os detalhes são apresentados na Tabela 1.,53,1,67.0,729.0,294.0,736.0,227.0,7.0,1589.0
gtm10,GTM10.pdf,preproc_blocks,4,5,4,text,,0,"Utilizando uma blindagem magnética com espessura de 17��, a indução máxima foi de 2,03�, como pode ser",102,1,84.0,246.0,531.0,255.0,447.0,9.0,4023.0
gtm10,GTM10.pdf,preproc_blocks,4,5,4,text,,1,"observado na Figura 6, de forma que na parte central do tanque as perdas tornaram-se elevadas (Figura 7) causando",113,1,67.0,257.0,531.0,266.0,464.0,9.0,4176.0
gtm10,GTM10.pdf,preproc_blocks,4,5,4,text,,2,"uma elevação de temperatura de 2 1 ^ { \circ } C nesta parte do tanque e 3 5 { , } 8 ^ { \circ } C nas extremidades. Com a blindagem de 26��",140,5,67.0,266.0,531.0,277.0,464.0,11.0,5104.0
gtm10,GTM10.pdf,preproc_blocks,4,5,4,text,,3,"a indução limitou-se a 1,52�, eliminando as perdas na parte central do tanque, mas causando uma elevação de",107,1,67.0,279.0,531.0,286.0,464.0,7.0,3248.0
gtm10,GTM10.pdf,preproc_blocks,4,5,4,text,,4,"temperatura de 4 3 , 5 ^ { \circ } C , agravando o problema já que o campo total conduzido pela blindagem aumentou. Finalmente,",127,3,66.0,288.0,531.0,298.0,465.0,10.0,4650.0
gtm10,GTM10.pdf,preproc_blocks,4,5,4,text,,5,"alterando também o comprimento da blindagem em 500��, o problema do ponto quente no tanque próximo às",101,1,67.0,299.0,530.0,307.0,463.0,8.0,3704.0
gtm10,GTM10.pdf,preproc_blocks,4,5,4,text,,6,"extremidades da blindagem foi mitigado (9,3°� de elevação).",59,1,67.0,310.0,309.0,318.0,242.0,8.0,1936.0
gtm10,GTM10.pdf,preproc_blocks,4,5,7,text,,0,Há ainda a questão de que o valor de elevação de temperatura máximo permitido é passível de discussão. A,104,1,83.0,522.0,531.0,533.0,448.0,11.0,4928.0
gtm10,GTM10.pdf,preproc_blocks,4,5,7,text,,1,tabela 4 da IEC 60076-7 limita a temperatura das partes metálicas em contato com o óleo em 180°�. Para o,104,1,66.0,533.0,532.0,543.0,466.0,10.0,4660.0
gtm10,GTM10.pdf,preproc_blocks,4,5,7,text,,2,"transformador modelado cuja elevação do topo do óleo garantida é de 65°�, sob temperatura ambiente de 40°�, a",109,1,66.0,544.0,531.0,553.0,465.0,9.0,4185.0
gtm10,GTM10.pdf,preproc_blocks,4,5,7,text,,3,"temperatura final da lateral do tanque seria de 6 5 + 4 0 + 4 3 , 5 = 1 4 8 , 5 ^ { \circ } C . Embora esse valor esteja abaixo do valor",136,3,66.0,554.0,531.0,565.0,465.0,11.0,5115.0
gtm10,GTM10.pdf,preproc_blocks,4,5,7,text,,4,"admissível de acordo com a norma, há limitações para as gaxetas de vedação e em alguns casos para a própria tinta",113,1,67.0,565.0,531.0,574.0,464.0,9.0,4176.0
gtm10,GTM10.pdf,preproc_blocks,4,5,7,text,,5,que reveste o tanque.,21,1,67.0,577.0,154.0,585.0,87.0,8.0,696.0
gtm10,GTM10.pdf,preproc_blocks,4,5,8,text,,0,"Outra consideração que mereçe atenção é o tempo de duração de tais pontos quentes, a nota técnica do ONS",104,1,84.0,591.0,530.0,600.0,446.0,9.0,4014.0
gtm10,GTM10.pdf,preproc_blocks,4,5,8,text,,1,[2] especifica que para apenas 10% do tempo de operação do transformador deve ser considerado o “ciclo de,105,1,66.0,602.0,531.0,612.0,465.0,10.0,4650.0
gtm10,GTM10.pdf,preproc_blocks,4,5,8,text,,2,"sobrecarga”, no restante do tempo a carga deve ser considerada constante e de valor nominal. Isso implica em uma",112,1,66.0,612.0,531.0,622.0,465.0,10.0,4650.0
gtm10,GTM10.pdf,preproc_blocks,4,5,8,text,,3,exposição bem menor ao intenso fluxo disperso derivados da corrente à sobrecarga de 40%.,88,1,67.0,623.0,437.0,632.0,370.0,9.0,3330.0
gtm10,GTM10.pdf,preproc_blocks,5,6,6,title,2.0,0,5.0 - INFLUÊNCIA DO FATOR DE HOT-SPOT VARIÁVEL,46,1,67.0,431.0,300.0,440.0,233.0,9.0,2097.0
gtm10,GTM10.pdf,preproc_blocks,5,6,7,text,,0,"Um dos dados de entrada fundamentais para o cálculo apresentado na IEC 60076-7 é o fator de Hot-Spot (�),",105,1,83.0,447.0,531.0,457.0,448.0,10.0,4480.0
gtm10,GTM10.pdf,preproc_blocks,5,6,7,text,,1,que relaciona a elevação de temperatura máxima de um determinado enrolamento com a elevação média obtida no,107,1,67.0,459.0,530.0,468.0,463.0,9.0,4167.0
gtm10,GTM10.pdf,preproc_blocks,5,6,7,text,,2,"ensaio de aquecimento tradicional por meio da variação da resistência do próprio enrolamento. Em geral, a norma",111,1,66.0,468.0,531.0,478.0,465.0,10.0,4650.0
gtm10,GTM10.pdf,preproc_blocks,5,6,7,text,,3,"não faz nenhuma recomendação para uso de um fator de Hot-Spot variável, contudo, é fato que o fator de Hot-Spot",111,1,67.0,479.0,531.0,488.0,464.0,9.0,4176.0
gtm10,GTM10.pdf,preproc_blocks,5,6,7,text,,4,"pode variar com a carga, tal fenômeno pode ser observado nos dados de [8] e é discutido em [9] onde detalhes dos",112,1,67.0,489.0,531.0,498.0,464.0,9.0,4176.0
gtm10,GTM10.pdf,preproc_blocks,5,6,7,text,,5,fatores � e � (� = � ∙ �) são apresentados sob a análise da aplicação de circuitos termo-hidráulicos (THNM) [10].,113,1,66.0,498.0,520.0,510.0,454.0,12.0,5448.0
gtm10,GTM10.pdf,preproc_blocks,5,6,8,text,,0,"Para explicitar o efeito e deixar a questão mais palpável, foi desenvolvida uma análise utilizando a metodologia",112,1,83.0,515.0,531.0,526.0,448.0,11.0,4928.0
gtm10,GTM10.pdf,preproc_blocks,5,6,8,text,,1,de equações diferenciais na tentativa de modelar o fenômeno e verificar qual pode ser o impacto do fator de Hot-,112,1,67.0,527.0,531.0,535.0,464.0,8.0,3712.0
gtm10,GTM10.pdf,preproc_blocks,5,6,8,text,,2,"Spot variável. Duas séries foram desenvolvidas, na primeira série foi utilizado fator de Hot-Spot fixo enquanto que na",118,1,66.0,536.0,531.0,547.0,465.0,11.0,5115.0
gtm10,GTM10.pdf,preproc_blocks,5,6,8,text,,3,"segunda série o fator de Hot-Spot foi introduzido como um dado de entrada com os valores de: 1,25 para 100% de",110,1,67.0,547.0,531.0,556.0,464.0,9.0,4176.0
gtm10,GTM10.pdf,preproc_blocks,5,6,8,text,,4,"carga, 1,3 para 120% de carga e 1,35 para 140% de carga. A Figura 8 exibe o resultado da análise e compara as",109,1,66.0,558.0,531.0,567.0,465.0,9.0,4185.0
gtm10,GTM10.pdf,preproc_blocks,5,6,8,text,,5,duas séries desenvolvidas. Foram utilizados os dados de um transformador 180��� ���� 230/69�� com margens,105,1,67.0,568.0,530.0,577.0,463.0,9.0,4167.0
gtm10,GTM10.pdf,preproc_blocks,5,6,8,text,,6,de segurança típicas para transformadores deste porte.,54,1,67.0,579.0,289.0,588.0,222.0,9.0,1998.0
gtm10,GTM10.pdf,preproc_blocks,5,6,9,text,,0,"Para a primeira série, que utiliza o fator fixo, a temperatura máxima de Hot-Spot foi de 131,5°� enquanto que",109,1,84.0,595.0,531.0,604.0,447.0,9.0,4023.0
gtm10,GTM10.pdf,preproc_blocks,5,6,9,text,,1,"para a segunda série, utilizando fator variável, a temperatura máxima foi 134,7°�, uma diferença de 3,2°�. Esse",111,1,65.0,605.0,532.0,615.0,467.0,10.0,4670.0
gtm10,GTM10.pdf,preproc_blocks,5,6,9,text,,2,"acréscimo de temperatura resulta em uma taxa de consumo de vida útil 35% maior (10,8 em relação a 8) enquanto",109,1,67.0,616.0,531.0,625.0,464.0,9.0,4176.0
gtm10,GTM10.pdf,preproc_blocks,5,6,9,text,,3,"o transformador estiver submetido à sobrecarga de 40%. Por fim, considerando que o “ciclo de sobrecarga” é exigido",114,1,67.0,627.0,531.0,636.0,464.0,9.0,4176.0
gtm10,GTM10.pdf,preproc_blocks,5,6,9,text,,4,"em apenas 10% do tempo de operação (conforme [2]) e que a sobrecarga de 40% ocorre durante apenas 2,1% do",105,1,67.0,638.0,531.0,647.0,464.0,9.0,4176.0
gtm10,GTM10.pdf,preproc_blocks,5,6,9,text,,5,ciclo. a vida útil final do transformador será reduzida em um total de 2.5%.,76,1,67.0,649.0,362.0,656.0,295.0,7.0,2065.0
gtm10,GTM10.pdf,preproc_blocks,6,7,4,title,2.0,0,6.0 - CONCLUSÕES,16,1,66.0,284.0,151.0,293.0,85.0,9.0,765.0
gtm10,GTM10.pdf,preproc_blocks,6,7,5,text,,0,O objetivo deste trabalho consistiu em elencar e propor discussões sobre pontos específicos da NBR 5356-7,105,1,84.0,300.0,528.0,309.0,444.0,9.0,3996.0
gtm10,GTM10.pdf,preproc_blocks,6,7,5,text,,1,dando “alternativas para modelagem”. As abordagens foram expostas de forma breve embora tenham sido,99,1,67.0,312.0,527.0,320.0,460.0,8.0,3680.0
gtm10,GTM10.pdf,preproc_blocks,6,7,5,text,,2,"elaboradas de maneira mais aprofundada, sendo decorrentes da experiência adquirida com a aplicação da IEC",105,1,67.0,322.0,526.0,330.0,459.0,8.0,3672.0
gtm10,GTM10.pdf,preproc_blocks,6,7,5,text,,3,"60076-7 cada vez mais frequente em transformadores destinados a rede básica. Com base nessas análises, uma",106,1,67.0,331.0,527.0,341.0,460.0,10.0,4600.0
gtm10,GTM10.pdf,preproc_blocks,6,7,5,text,,4,série de conclusões podem ser evidenciadas:,43,1,67.0,343.0,249.0,351.0,182.0,8.0,1456.0
gtm10,GTM10.pdf,preproc_blocks,6,7,6,text,,0,"Quanto ao comparativo entre os métodos exponencial e diferencial, as recomendações da norma são válidas e",105,1,84.0,359.0,531.0,367.0,447.0,8.0,3576.0
gtm10,GTM10.pdf,preproc_blocks,6,7,6,text,,1,precisam ser observadas para a obtenção de resultados adequados. Do ponto de vista da aplicação em sistemas,107,1,66.0,369.0,531.0,379.0,465.0,10.0,4650.0
gtm10,GTM10.pdf,preproc_blocks,6,7,6,text,,2,computacionais a solução por equações diferenciais permite maior flexibilidade já que considera variação da,107,1,67.0,379.0,531.0,389.0,464.0,10.0,4640.0
gtm10,GTM10.pdf,preproc_blocks,6,7,6,text,,3,temperatura ambiente de forma independente do perfil de carga;,62,1,66.0,389.0,326.0,400.0,260.0,11.0,2860.0
gtm10,GTM10.pdf,preproc_blocks,6,7,7,text,,0,"Em relação à influência da temperatura ambiente, a própria IEC 60076-7 afirma que uma diferença de 6°� na",105,1,84.0,406.0,531.0,415.0,447.0,9.0,4023.0
gtm10,GTM10.pdf,preproc_blocks,6,7,7,text,,1,temperatura ambiente leva à uma taxa de consumo de vida útil duas vezes maior e essa afirmação foi verificada,109,1,66.0,417.0,531.0,425.0,465.0,8.0,3720.0
gtm10,GTM10.pdf,preproc_blocks,6,7,7,text,,2,neste trabalho afirmativamente. A nota técnica da ONS [2] considera para temperatura ambiente a ser utilizada em,112,1,66.0,427.0,531.0,436.0,465.0,9.0,4185.0
gtm10,GTM10.pdf,preproc_blocks,6,7,7,text,,3,"análises de vida útil o valor apresentado pela NBR 5356, que por sua vez indica o valor de 30°�. Este valor mostrou-",116,1,66.0,438.0,530.0,446.0,464.0,8.0,3712.0
gtm10,GTM10.pdf,preproc_blocks,6,7,7,text,,4,"se adequado e, em geral, está acima da média anual até para as cidades mais quentes do Brasil [5]. Contudo,",107,1,66.0,448.0,531.0,457.0,465.0,9.0,4185.0
gtm10,GTM10.pdf,preproc_blocks,6,7,7,text,,5,"principalmente para localidades da região sul, as análises de vida útil resultarão em valores sempre mais otimistas",115,1,66.0,459.0,531.0,467.0,465.0,8.0,3720.0
gtm10,GTM10.pdf,preproc_blocks,6,7,7,text,,6,que a média nacional se forem utilizados os valores de temperatura média reais da região;,89,1,65.0,468.0,430.0,479.0,365.0,11.0,4015.0
gtm10,GTM10.pdf,preproc_blocks,6,7,8,text,,0,"Sobre o efeito do fluxo adicional em shunts magnéticos, as análises, assim como a experiência prática durante",109,1,83.0,483.0,531.0,494.0,448.0,11.0,4928.0
gtm10,GTM10.pdf,preproc_blocks,6,7,8,text,,1,"os ensaios, mostram que pode ocorrer saturação das blindagens (shunts) magnéticas que protegem o tanque do",106,1,66.0,495.0,531.0,504.0,465.0,9.0,4185.0
gtm10,GTM10.pdf,preproc_blocks,6,7,8,text,,2,fluxo disperso dos enrolamentos. Com a saturação das blindagens (gue por si só já pode ser um problema,102,1,66.0,505.0,530.0,514.0,464.0,9.0,4176.0
gtm10,GTM10.pdf,preproc_blocks,6,7,8,text,,3,"ocasionando vibrações excessivas), o fluxo excedente incide sobre as laterais do tanque com potencial para geração",114,1,66.0,516.0,531.0,525.0,465.0,9.0,4185.0
gtm10,GTM10.pdf,preproc_blocks,6,7,8,text,,4,"de pontos quentes que devem sempre ser evitados. A recomendação, tal qual já é citada nas normas principais, é",110,1,66.0,526.0,531.0,535.0,465.0,9.0,4185.0
gtm10,GTM10.pdf,preproc_blocks,6,7,8,text,,5,de que as blindagens sejam dimensionadas considerando a condição de sobrecarga;,79,1,66.0,537.0,408.0,546.0,342.0,9.0,3078.0
gtm10,GTM10.pdf,preproc_blocks,6,7,9,text,,0,"Quanto à influência do fator de Hot-Spot variável, constatou-se com a análise efetuada que admitindo a variação",111,1,83.0,552.0,531.0,562.0,448.0,10.0,4480.0
gtm10,GTM10.pdf,preproc_blocks,6,7,9,text,,1,"de 1,25 à 1,35 (valor acima do sugerido em [9], mas razoável conforme [8]), a temperatura de Hot-Spot sofrerá um",112,1,66.0,564.0,531.0,572.0,465.0,8.0,3720.0
gtm10,GTM10.pdf,preproc_blocks,6,7,9,text,,2,"acréscimo de 3.2°C. Embora o impacto na vida útil não seia demasiado (2.5%), essa discrepância pode ser relevante",113,1,67.0,574.0,530.0,582.0,463.0,8.0,3704.0
gtm10,GTM10.pdf,preproc_blocks,6,7,9,text,,3,para a avaliação da temperatura máxima admissível durante a sobrecarga já que algumas especificações têm,104,1,66.0,585.0,531.0,594.0,465.0,9.0,4185.0
gtm10,GTM10.pdf,preproc_blocks,6,7,9,text,,4,"solicitado valores garantidos abaixo dagueles indicados pelas normas. Neste caso, a aplicação de circuitos termo-",113,1,66.0,595.0,531.0,603.0,465.0,8.0,3720.0
gtm10,GTM10.pdf,preproc_blocks,6,7,9,text,,5,hidráulicos torna-se uma das poucas opções viáveis para o cálculo do fator � que indica o aumento da temperatura,112,1,66.0,606.0,530.0,614.0,464.0,8.0,3712.0
gtm10,GTM10.pdf,preproc_blocks,6,7,9,text,,6,de Hot-Spot devido às restrições de fluxo de óleo.,50,1,68.0,617.0,266.0,624.0,198.0,7.0,1386.0
gtm10,GTM10.pdf,preproc_blocks,6,7,10,text,,0,Há ainda que se mencionar sobre a precisão do cálculo de elevação de temperatura. Todo cálculo térmico,102,1,83.0,632.0,531.0,641.0,448.0,9.0,4032.0
gtm10,GTM10.pdf,preproc_blocks,6,7,10,text,,1,aplicado em grandes transformadores possuirá uma margem de erro devido às aproximações que são feitas em,104,1,66.0,643.0,530.0,651.0,464.0,8.0,3712.0
gtm10,GTM10.pdf,preproc_blocks,6,7,10,text,,2,"algum ponto, até mesmo as mais modernas técnicas de modelagem, como indicado em [10], fazem aproximações",104,1,66.0,652.0,531.0,662.0,465.0,10.0,4650.0
gtm10,GTM10.pdf,preproc_blocks,6,7,10,text,,3,de maior ou menor grau e possuem uma margem de erro de alguns graus Celsius (geralmente entre 2 e 5°�) para,107,1,66.0,663.0,531.0,672.0,465.0,9.0,4185.0
gtm10,GTM10.pdf,preproc_blocks,6,7,10,text,,4,mais ou para menos nas temperaturas de regime permanente. O assunto tratado na IEC 60076-7 excede a condição,108,1,66.0,674.0,531.0,682.0,465.0,8.0,3720.0
gtm10,GTM10.pdf,preproc_blocks,6,7,10,text,,5,de regime permanente e trata essencialmente dos transitórios de temperatura entre um e outro valor de regime frente,115,1,66.0,684.0,531.0,693.0,465.0,9.0,4185.0
gtm10,GTM10.pdf,preproc_blocks,6,7,10,text,,6,"as oscilações de carga. Nesse caso, é de se esperar que o erro seja ainda maior já que as temperaturas partirão de",114,1,66.0,694.0,530.0,703.0,464.0,9.0,4176.0
gtm10,GTM10.pdf,preproc_blocks,6,7,10,text,,7,um valor que já fora aproximado e utilizar-se-á uma técnica também aproximada e baseada em fatores (fatos,105,1,66.0,705.0,531.0,714.0,465.0,9.0,4185.0
gtm10,GTM10.pdf,preproc_blocks,6,7,10,text,,8,"evidenciados em [3]). Tendo em vista tal contexto, ressalta-se o cuidado com as garantias de valores de Hot-Spot",112,1,66.0,716.0,531.0,724.0,465.0,8.0,3720.0
gtm10,GTM10.pdf,preproc_blocks,7,8,2,text,,0,"durante o processo de Design Review e quando do ensaio de elevação de temperatura em sobrecarga, seja por",105,1,66.0,84.0,531.0,95.0,465.0,11.0,5115.0
gtm10,GTM10.pdf,preproc_blocks,7,8,2,text,,1,medições com imagem térmica ou fibra ótica.,43,1,67.0,96.0,249.0,104.0,182.0,8.0,1456.0
gtm10,GTM10.pdf,preproc_blocks,7,8,3,title,2.0,0,7.0 - REFERÊNCIAS BIBLIOGRÁFICAS,32,1,67.0,116.0,230.0,127.0,163.0,11.0,1793.0
gtm10,GTM10.pdf,preproc_blocks,7,8,4,ref_text,,0,"[1] IEC - International Electrotechnical Commission, IEC 60076-7: Loading guide for oil-immersed power",102,2,85.0,159.0,529.0,171.0,444.0,12.0,5328.0
gtm10,GTM10.pdf,preproc_blocks,7,8,4,ref_text,,1,"transformers, Geneva, 2005.",27,1,105.0,171.0,219.0,179.0,114.0,8.0,912.0
gtm10,GTM10.pdf,preproc_blocks,7,8,5,ref_text,,0,"[2] ONS - Operador Nacional do Sistema Elétrico, “Ensaio de elevação de temperatura de transformadroes",102,2,84.0,195.0,529.0,207.0,445.0,12.0,5340.0
gtm10,GTM10.pdf,preproc_blocks,7,8,5,ref_text,,1,"em sobrecarga,” 25 Fevereiro 2014. [Online]. Available:",55,7,103.0,205.0,528.0,216.0,425.0,11.0,4675.0
gtm10,GTM10.pdf,preproc_blocks,7,8,5,ref_text,,2,http://www.ons.org.br/download/administracao_transmissao/padroes_desempenho/NT-ONS-038-,87,1,104.0,216.0,493.0,226.0,389.0,10.0,3890.0
gtm10,GTM10.pdf,preproc_blocks,7,8,5,ref_text,,3,2014_ElevacaoTemperatura_transformadoresemsobrecarga.pdf. [Acesso em Março 2017].,81,1,104.0,226.0,469.0,237.0,365.0,11.0,4015.0
gtm10,GTM10.pdf,preproc_blocks,7,8,6,ref_text,,0,"[3] H. Nordman, N. Rafsback e D. Susa, “Temperature Responses to Step Changes in the Load Current",97,2,85.0,251.0,529.0,263.0,444.0,12.0,5328.0
gtm10,GTM10.pdf,preproc_blocks,7,8,6,ref_text,,1,"of Power Transformers,” IEEE Transactions on power delivery, Vol. 18, pp. 1110-1117, Outubro 2003.",98,1,104.0,263.0,510.0,272.0,406.0,9.0,3654.0
gtm10,GTM10.pdf,preproc_blocks,7,8,7,ref_text,,0,"[4] IEC - International Electrotechnical Commission, IEC 60076-2: Temperature rise for liquid-immersed",102,2,84.0,287.0,529.0,299.0,445.0,12.0,5340.0
gtm10,GTM10.pdf,preproc_blocks,7,8,7,ref_text,,1,"transformers, IEC, 2011.",24,1,105.0,299.0,203.0,307.0,98.0,8.0,784.0
gtm10,GTM10.pdf,preproc_blocks,7,8,8,ref_text,,0,"[5] INMET - Instituto Nacional de Meteorologia, “Gráficos,” INMET, [Online]. Available:",87,2,84.0,322.0,529.0,334.0,445.0,12.0,5340.0
gtm10,GTM10.pdf,preproc_blocks,7,8,8,ref_text,,1,http://www.inmet.gov.br/. [Acesso em 21 Março 2017].,52,1,104.0,334.0,321.0,344.0,217.0,10.0,2170.0
gtm10,GTM10.pdf,preproc_blocks,7,8,9,ref_text,,0,"[6] IEEE - Institute of Electrical and Electronics Engineers, IEEE Std C57.104-2008: Guide for the",98,2,84.0,358.0,529.0,370.0,445.0,12.0,5340.0
gtm10,GTM10.pdf,preproc_blocks,7,8,9,ref_text,,1,"Interpretation of Gases Generated in Oil-Immersed Transformers, New York: IEEE, 2008.",85,1,105.0,369.0,460.0,379.0,355.0,10.0,3550.0
gtm10,GTM10.pdf,preproc_blocks,7,8,10,ref_text,,0,"[7] D. Meeker, “Finite Element Method magnetics: HomePage,” 6 Abril 2014. [Online]. Available:",94,2,84.0,394.0,528.0,406.0,444.0,12.0,5328.0
gtm10,GTM10.pdf,preproc_blocks,7,8,10,ref_text,,1,www.femm.info. [Acesso em 21 Março 2017].,41,1,105.0,406.0,285.0,415.0,180.0,9.0,1620.0
gtm10,GTM10.pdf,preproc_blocks,7,8,11,ref_text,,0,"[8] S. G. Montenegro, P. Dionne, R. P. Bersi, C. S. S. Xavier, J. N. Berubé e C. Deligi, “Ensaio de",99,2,85.0,429.0,529.0,441.0,444.0,12.0,5328.0
gtm10,GTM10.pdf,preproc_blocks,7,8,11,ref_text,,1,aquecimento em sobrecarga usando medição direta de temperatura - estudo de caso do 3° transformador,99,1,104.0,441.0,528.0,450.0,424.0,9.0,3816.0
gtm10,GTM10.pdf,preproc_blocks,7,8,11,ref_text,,2,"SE João Câmara II,” VIII Workspot Cigré, 20-23 Novembro 2016.",61,1,104.0,450.0,365.0,461.0,261.0,11.0,2871.0
gtm10,GTM10.pdf,preproc_blocks,7,8,12,ref_text,,0,"[9] Z. Radakonic, U. Radoman e P. Kostic, “Decomposition of the Hot-Spot Factor,” IEEE Transactions on",102,2,84.0,476.0,529.0,488.0,445.0,12.0,5340.0
gtm10,GTM10.pdf,preproc_blocks,7,8,12,ref_text,,1,"Power Delivery, Vol. 30, pp. 403-411, Fevereiro 2015.",53,1,105.0,487.0,320.0,496.0,215.0,9.0,1935.0
gtm10,GTM10.pdf,preproc_blocks,7,8,13,ref_text,,0,"[10] Z. R. Radakovic e M. S. Sorgic, “Basics of Detailed Thermal-Hydraulic Model for Thermal Design of Oil",106,1,86.0,513.0,528.0,522.0,442.0,9.0,3978.0
gtm10,GTM10.pdf,preproc_blocks,7,8,13,ref_text,,1,"Power Transformers,” IEEE Transactions on Power Delivery, Vol. 25, No. 2, pp. 790-802, Abril 2010.",98,1,104.0,523.0,505.0,532.0,401.0,9.0,3609.0
gtm10,GTM10.pdf,preproc_blocks,8,9,2,title,2.0,0,8.0 - DADOS BIOGRÁFICOS,23,1,75.0,84.0,194.0,95.0,119.0,11.0,1309.0
gtm10,GTM10.pdf,preproc_blocks,8,9,4,text,,0,"Luiz Fernando de Oliveira nasceu em Blumenau-SC, Brasil em 1988. Graduou-se em",78,1,161.0,118.0,532.0,128.0,371.0,10.0,3710.0
gtm10,GTM10.pdf,preproc_blocks,8,9,4,text,,1,Engenharia Elétrica na Universidade Regional de Blumenau (FURB) em 2013 e atualmente cursa,90,1,145.0,129.0,531.0,138.0,386.0,9.0,3474.0
gtm10,GTM10.pdf,preproc_blocks,8,9,4,text,,2,mestrado também em Engenharia Elétrica na UFSC (GRUCAD). Trabalha na WEG T&D desde,82,1,144.0,139.0,531.0,149.0,387.0,10.0,3870.0
gtm10,GTM10.pdf,preproc_blocks,8,9,4,text,,3,"2007, onde passou pelas áreas de produção e técnica, entre 2009 e 2013 trabalhou diretamente",92,1,144.0,150.0,531.0,160.0,387.0,10.0,3870.0
gtm10,GTM10.pdf,preproc_blocks,8,9,4,text,,4,com cálculo e dimensionamento de transformadores e desde 2013 exerce atividades no,82,1,144.0,160.0,531.0,170.0,387.0,10.0,3870.0
gtm10,GTM10.pdf,preproc_blocks,8,9,4,text,,5,"departamento de pesquisa e desenvolvimento com foco em pesquisa, simulações numéricas e",87,1,145.0,171.0,530.0,179.0,385.0,8.0,3080.0
gtm10,GTM10.pdf,preproc_blocks,8,9,4,text,,6,desenvolvimento de softwares para engenharia. É membro do Cigré-Brasil.,71,1,144.0,181.0,446.0,190.0,302.0,9.0,2718.0
gtm10,GTM10.pdf,preproc_blocks,8,9,6,text,,0,Álvaro Portillo nasceu no Uruguai em 1954. Graduou-se em Engenharia Elétrica na,79,1,163.0,211.0,531.0,223.0,368.0,12.0,4416.0
gtm10,GTM10.pdf,preproc_blocks,8,9,6,text,,1,Universidad de la República del Uruguay em 1979. Trabalhou na companhia elétrica uruguaia,89,1,146.0,223.0,531.0,234.0,385.0,11.0,4235.0
gtm10,GTM10.pdf,preproc_blocks,8,9,6,text,,2,"(UTE) até 1985 em atividades relacionadas a aprovação, instalação e manutenção de",81,1,146.0,234.0,530.0,243.0,384.0,9.0,3456.0
gtm10,GTM10.pdf,preproc_blocks,8,9,6,text,,3,"transformadores. De 1985 a 1999 trabalhou na MAK AS (fabricante uruguaio de transformadores,",92,1,146.0,245.0,530.0,254.0,384.0,9.0,3456.0
gtm10,GTM10.pdf,preproc_blocks,8,9,6,text,,4,"até 20MVA, 72,5kV), de 2000 a 2007 como consultor na TRAFO (fabricante brasileiro de",84,1,146.0,255.0,531.0,264.0,385.0,9.0,3465.0
gtm10,GTM10.pdf,preproc_blocks,8,9,6,text,,5,"transformadores, até 20MVA, 72,5kV) e desde então atua como consultor e desenvolvedor de",88,1,146.0,265.0,530.0,275.0,384.0,10.0,3840.0
gtm10,GTM10.pdf,preproc_blocks,8,9,6,text,,6,"ferramentas para projeto de transformadores na WEG (fabricante brasileiro de transformadores,",93,1,146.0,276.0,531.0,285.0,385.0,9.0,3465.0
gtm10,GTM10.pdf,preproc_blocks,8,9,6,text,,7,"até 500MVA, 500kV). É professor na Universidad de la República del Uruguay desde 1977, sendo",92,1,145.0,285.0,530.0,296.0,385.0,11.0,4235.0
gtm10,GTM10.pdf,preproc_blocks,8,9,7,text,,0,"atualmente responsável pelos cursos de pós-graduação em transformadores (especificação, projeto, operação,",106,1,66.0,295.0,531.0,307.0,465.0,12.0,5580.0
gtm10,GTM10.pdf,preproc_blocks,8,9,7,text,,1,"manutenção, etc.), é também membro sênior da IEEE e membro do Cigré, tem participação ativa em vários grupos",108,1,67.0,307.0,531.0,316.0,464.0,9.0,4176.0
gtm10,GTM10.pdf,preproc_blocks,8,9,7,text,,2,de trabalho dessas entidades.,29,1,67.0,318.0,187.0,325.0,120.0,7.0,840.0
gtm10,GTM10.pdf,preproc_blocks,8,9,9,text,,0,"Gilson Semiano nasceu em Taió-SC, Brasil em 1980. Graduou-se em Engenharia Elétrica",83,1,160.0,349.0,531.0,360.0,371.0,11.0,4081.0
gtm10,GTM10.pdf,preproc_blocks,8,9,9,text,,1,na Universidade Regional de Blumenau (FURB) em 2005 e concluiu o curso de Mestrado em,85,1,144.0,361.0,531.0,369.0,387.0,8.0,3096.0
gtm10,GTM10.pdf,preproc_blocks,8,9,9,text,,2,"Engenharia Elétrica pela mesma instituição em 2015. Trabalha na WEG T&D desde 2001, onde",88,1,144.0,371.0,531.0,380.0,387.0,9.0,3483.0
gtm10,GTM10.pdf,preproc_blocks,8,9,9,text,,3,passou pela área de laboratório de ensaios e atualmente trabalha diretamente com cálculo e,90,1,144.0,381.0,531.0,390.0,387.0,9.0,3483.0
gtm10,GTM10.pdf,preproc_blocks,8,9,9,text,,4,dimensionamento de transformadores. Seus interesses de pesquisa incluem técnicas de medição,91,1,144.0,392.0,531.0,401.0,387.0,9.0,3483.0
gtm10,GTM10.pdf,preproc_blocks,8,9,9,text,,5,"e modelagem de transientes eletromagnéticos, VFTOs e projeto de transformadores móveis.",87,1,144.0,403.0,514.0,410.0,370.0,7.0,2590.0
gtm10,GTM10.pdf,preproc_blocks,8,9,11,text,,0,"Odirlan Iaronka nasceu em Casca-RS, Brasil em 1990. Graduou-se em Engenharia Elétrica",85,1,166.0,450.0,531.0,460.0,365.0,10.0,3650.0
gtm10,GTM10.pdf,preproc_blocks,8,9,11,text,,1,pela Universidade Federal de Santa Maria (UFSM) em 2014. Atualmente cursa Mestrado pela,87,1,148.0,461.0,531.0,470.0,383.0,9.0,3447.0
gtm10,GTM10.pdf,preproc_blocks,8,9,11,text,,2,Universidade Federal de Santa Catarina (UFSC) na área de Eletromagnetismo aplicado em,85,1,148.0,471.0,531.0,481.0,383.0,10.0,3830.0
gtm10,GTM10.pdf,preproc_blocks,8,9,11,text,,3,Engenharia Elétrica no GRUCAD - Grupo de Concepção e Análise de Dispositivos,76,1,149.0,482.0,531.0,491.0,382.0,9.0,3438.0
gtm10,GTM10.pdf,preproc_blocks,8,9,11,text,,4,Eletromagnéticos. Exerce a função de Engenheiro de Aplicação e Pesquisador no setor de,86,1,148.0,492.0,531.0,502.0,383.0,10.0,3830.0
gtm10,GTM10.pdf,preproc_blocks,8,9,11,text,,5,"Pesquisa, Desenvolvimento e Inovação da empresa WEG - Equipamentos Elétricos S.A. na",84,1,148.0,502.0,531.0,512.0,383.0,10.0,3830.0
gtm10,GTM10.pdf,preproc_blocks,8,9,11,text,,6,Unidade de Transmissão e Distribuição de Energia. Atua na área de Simulações Numéricas,86,1,148.0,513.0,531.0,522.0,383.0,9.0,3447.0
gtm10,GTM10.pdf,preproc_blocks,8,9,11,text,,7,Computacionais de campos eletromagnéticos e no desenvolvimento de ferramentas de análise,88,1,150.0,524.0,530.0,532.0,380.0,8.0,3040.0
gtm10,GTM10.pdf,preproc_blocks,8,9,12,text,,0,"e otimização do projeto eletromagnético e térmico de transformadores e reatores de potência, transformadores seco",113,1,67.0,534.0,530.0,543.0,463.0,9.0,4167.0
gtm10,GTM10.pdf,preproc_blocks,8,9,12,text,,1,e chaves secionadoras.,22,1,67.0,545.0,162.0,553.0,95.0,8.0,760.0
gtm10,GTM10.pdf,para_blocks,0,1,5,text,,0,Curitiba - PR,13,1,226.0,186.0,282.0,196.0,56.0,10.0,560.0
gtm10,GTM10.pdf,para_blocks,0,1,6,text,,0,GRUPO - XIII,12,1,70.0,237.0,126.0,246.0,56.0,9.0,504.0
gtm10,GTM10.pdf,para_blocks,0,1,7,title,1.0,0,"GRUPO DE ESTUDO DE TRANSFORMADORES, REATORES, MATERIAIS E TECNOLOGIAS EMERGENTES -",82,1,74.0,254.0,533.0,262.0,459.0,8.0,3672.0
gtm10,GTM10.pdf,para_blocks,0,1,7,title,1.0,1,GTM,3,1,293.0,264.0,313.0,273.0,20.0,9.0,180.0
gtm10,GTM10.pdf,para_blocks,0,1,8,title,1.0,0,CONDIÇÕES DE SOBRECARGA E IMPLICAÇÕES DA NBR 5356-7 DURANTE O DESIGN REVIEW DE,78,1,90.0,278.0,516.0,290.0,426.0,12.0,5112.0
gtm10,GTM10.pdf,para_blocks,0,1,8,title,1.0,1,TRANSFORMADORES,15,1,255.0,290.0,351.0,300.0,96.0,10.0,960.0
gtm10,GTM10.pdf,para_blocks,0,1,9,text,,0,Luiz Fernando de Oliveira (*) Álvaro Portillo,45,1,75.0,313.0,286.0,324.0,211.0,11.0,2321.0
gtm10,GTM10.pdf,para_blocks,0,1,10,text,,0,Gilson Semiano,14,1,336.0,314.0,404.0,325.0,68.0,11.0,748.0
gtm10,GTM10.pdf,para_blocks,0,1,11,text,,0,Odirlan Iaronka,15,1,463.0,315.0,529.0,324.0,66.0,9.0,594.0
gtm10,GTM10.pdf,para_blocks,0,1,12,title,1.0,0,WEG – WTD Transformadores,25,1,239.0,335.0,367.0,345.0,128.0,10.0,1280.0
gtm10,GTM10.pdf,para_blocks,0,1,13,title,2.0,0,RESUMO,6,1,67.0,378.0,105.0,389.0,38.0,11.0,418.0
gtm10,GTM10.pdf,para_blocks,0,1,14,text,,0,"Na iminência da publicação da NBR 5356-7, baseada na IEC 60076-7, é fundamental o domínio da metodologia",104,1,84.0,394.0,536.0,403.0,452.0,9.0,4068.0
gtm10,GTM10.pdf,para_blocks,0,1,14,text,,1,"de cálculo térmico utilizado pela norma, na qual pequenas variações na aplicação podem levar a resultados bastante",114,1,67.0,405.0,536.0,414.0,469.0,9.0,4221.0
gtm10,GTM10.pdf,para_blocks,0,1,14,text,,2,diferentes. A norma introduzirá ainda o “Anexo H” com caráter normativo estabelecendo o ensaio de elevação de,109,1,67.0,415.0,536.0,424.0,469.0,9.0,4221.0
gtm10,GTM10.pdf,para_blocks,0,1,14,text,,3,temperatura em sobrecarga com o objetivo de assegurar a verificação das características dos transformadores frente,114,1,66.0,425.0,535.0,434.0,469.0,9.0,4221.0
gtm10,GTM10.pdf,para_blocks,0,1,14,text,,4,"a sobrecargas de curta duração, onde as medições das temperaturas são realizadas sem a estabilização em regime",110,1,66.0,436.0,536.0,445.0,470.0,9.0,4230.0
gtm10,GTM10.pdf,para_blocks,0,1,14,text,,5,"permanente. Este trabalho visa propiciar um entendimento melhor destas implicações, para comprador e fabricante.",112,1,66.0,447.0,530.0,455.0,464.0,8.0,3712.0
gtm10,GTM10.pdf,para_blocks,0,1,15,title,2.0,0,PALAVRAS-CHAVE,14,1,67.0,462.0,142.0,473.0,75.0,11.0,825.0
gtm10,GTM10.pdf,para_blocks,0,1,16,text,,0,"Transformador, Sobrecarga em transformadores, Temperatura de Hot-Spot, Design Review, Vida útil",95,1,85.0,479.0,488.0,488.0,403.0,9.0,3627.0
gtm10,GTM10.pdf,para_blocks,0,1,17,title,2.0,0,1.0 - INTRODUÇÃO,16,1,67.0,501.0,148.0,510.0,81.0,9.0,729.0
gtm10,GTM10.pdf,para_blocks,0,1,18,text,,0,"Historicamente, os valores das características gque descrevem o desempenho de transformadores são garantidos",108,1,84.0,518.0,529.0,525.0,445.0,7.0,3115.0
gtm10,GTM10.pdf,para_blocks,0,1,18,text,,1,com base nos dados de medicões em regime permanente (é assim com perdas. temperatura. etc.). Os valores de,106,1,67.0,528.0,531.0,536.0,464.0,8.0,3712.0
gtm10,GTM10.pdf,para_blocks,0,1,18,text,,2,temperatura exigem ensaios de longa duração devido aos valores das constantes térmicas serem relativamente,106,1,66.0,538.0,531.0,548.0,465.0,10.0,4650.0
gtm10,GTM10.pdf,para_blocks,0,1,18,text,,3,"elevados, consequentemente, o transformador leva horas para atingir as temperaturas de regime. O Anexo H da",107,1,66.0,549.0,531.0,558.0,465.0,9.0,4185.0
gtm10,GTM10.pdf,para_blocks,0,1,18,text,,4,"NBR 5356-7 deve introduzir o ensaio de elevação de temperatura em sobrecarga e, como é de se esperar, o tempo",109,1,66.0,558.0,531.0,568.0,465.0,10.0,4650.0
gtm10,GTM10.pdf,para_blocks,0,1,18,text,,5,"dessas sobrecargas são inferiores ao tempo necessário para estabilização das temperaturas, sobretudo do fluido",110,1,66.0,569.0,531.0,579.0,465.0,10.0,4650.0
gtm10,GTM10.pdf,para_blocks,0,1,18,text,,6,isolante.,9,1,66.0,579.0,101.0,589.0,35.0,10.0,350.0
gtm10,GTM10.pdf,para_blocks,0,1,19,text,,0,Tendo em vista a necessidade da análise transitória das temperaturas e as informações geralmente solicitadas,108,1,84.0,596.0,531.0,605.0,447.0,9.0,4023.0
gtm10,GTM10.pdf,para_blocks,0,1,19,text,,1,"durante o Design Review, este trabalho abordará os seguintes tópicos:",69,1,67.0,606.0,350.0,615.0,283.0,9.0,2547.0
gtm10,GTM10.pdf,para_blocks,0,1,20,text,,0, Comparativo entre o método exponencial e o método diferencial sugeridos pela IEC 60076-7 [1];,95,1,86.0,622.0,488.0,634.0,402.0,12.0,4824.0
gtm10,GTM10.pdf,para_blocks,0,1,21,text,,0, Influência da temperatura ambiente na vida útil e durante o ensaio de sobrecarga;,83,1,87.0,635.0,430.0,644.0,343.0,9.0,3087.0
gtm10,GTM10.pdf,para_blocks,0,1,22,text,,0, Efeito do fluxo disperso adicional em shunts magnéticos,57,1,87.0,645.0,328.0,655.0,241.0,10.0,2410.0
gtm10,GTM10.pdf,para_blocks,0,1,23,text,,0,Influência do fator de Hot-Spot variável;,41,1,102.0,657.0,262.0,665.0,160.0,8.0,1280.0
gtm10,GTM10.pdf,para_blocks,0,1,24,text,,0,Em muitas análises ao longo deste trabalho será utilizado o ciclo denominado como “Ciclo de sobrecarga” da,106,1,83.0,672.0,530.0,683.0,447.0,11.0,4917.0
gtm10,GTM10.pdf,para_blocks,0,1,24,text,,1,"nota técnica elaborada pelo ONS [2], exibido na Figura 1.",57,1,66.0,682.0,298.0,693.0,232.0,11.0,2552.0
gtm10,GTM10.pdf,para_blocks,1,2,4,title,2.0,0,2.0 - COMPARATIVO ENTRE OS MÉTODOS EXPONENCIAL E DIFERENCIAL,60,1,67.0,287.0,388.0,297.0,321.0,10.0,3210.0
gtm10,GTM10.pdf,para_blocks,1,2,5,text,,0,"O draft da norma NBR 5356-7 (assim como [1]), apresenta dois métodos para calcular a evolução de temperatura",108,1,83.0,303.0,531.0,314.0,448.0,11.0,4928.0
gtm10,GTM10.pdf,para_blocks,1,2,5,text,,1,do Hot-Spot de transformadores em função das variações de carga:,64,1,67.0,315.0,339.0,323.0,272.0,8.0,2176.0
gtm10,GTM10.pdf,para_blocks,1,2,6,text,,0,Solução de equações exponenciais: adequadas para variações de carga típicas da função degrau com,96,1,102.0,331.0,531.0,341.0,429.0,10.0,4290.0
gtm10,GTM10.pdf,para_blocks,1,2,6,text,,1,"temperatura ambiente constante, principalmente quando são intercalados degraus de acréscimo com",95,1,103.0,342.0,530.0,351.0,427.0,9.0,3843.0
gtm10,GTM10.pdf,para_blocks,1,2,6,text,,2,"degraus de decréscimo de carga. Caso esta condição não se cumpra, o gradiente de temperatura do ponto",101,1,102.0,351.0,531.0,361.0,429.0,10.0,4290.0
gtm10,GTM10.pdf,para_blocks,1,2,6,text,,3,mais quente sobre a temperatura do topo do óleo precisa alcançar o regime permanente.,85,1,103.0,363.0,459.0,371.0,356.0,8.0,2848.0
gtm10,GTM10.pdf,para_blocks,1,2,7,text,,0,"Solução de equações diferenciais: especialmente aplicáveis quando ambos, fator de carga e temperatura",101,1,102.0,373.0,530.0,382.0,428.0,9.0,3852.0
gtm10,GTM10.pdf,para_blocks,1,2,7,text,,1,"ambiente, variam simultânea e/ou independentemente. Por não haver restrições quanto ao perfil de carga,",103,1,102.0,384.0,530.0,393.0,428.0,9.0,3852.0
gtm10,GTM10.pdf,para_blocks,1,2,7,text,,2,é particularmente aplicável para monitoramento on-line,54,1,103.0,394.0,324.0,402.0,221.0,8.0,1768.0
gtm10,GTM10.pdf,para_blocks,1,2,8,text,,0,"Embora as aplicações pareçam distintas, ambas modelam os mesmos fenômenos adequadamente e levam a",97,1,84.0,410.0,532.0,419.0,448.0,9.0,4032.0
gtm10,GTM10.pdf,para_blocks,1,2,8,text,,1,resultados muito similares quando respeitadas as recomendações da norma. As maiores discrepâncias ocorrem,105,1,67.0,421.0,530.0,429.0,463.0,8.0,3704.0
gtm10,GTM10.pdf,para_blocks,1,2,8,text,,2,"durante um decréscimo de carga, o que se deve principalmente da aplicação do fator k _ { 1 1 } , descrita em [3]. Na Figura",123,3,66.0,431.0,531.0,442.0,465.0,11.0,5115.0
gtm10,GTM10.pdf,para_blocks,1,2,8,text,,3,2 é exibido um comparativo entre os dois métodos de modelagem e vale ressaltar que o passo de tempo (��) utilizado,114,1,66.0,442.0,531.0,451.0,465.0,9.0,4185.0
gtm10,GTM10.pdf,para_blocks,1,2,8,text,,4,para calcular a evolução das temperaturas ao longo de cada período influencia ambos os métodos.,95,1,66.0,452.0,463.0,462.0,397.0,10.0,3970.0
gtm10,GTM10.pdf,para_blocks,1,2,11,text,,0,"Em relação ao método das equações diferenciais, a Figura 3 exibe o resultado da utilização de diferentes passos",111,1,83.0,665.0,531.0,676.0,448.0,11.0,4928.0
gtm10,GTM10.pdf,para_blocks,1,2,11,text,,1,"de tempo na modelagem de um transformador cuja constante de tempo do enrolamento ( \tau _ { w } ) é de 8,25���. Embora",118,3,66.0,676.0,531.0,687.0,465.0,11.0,5115.0
gtm10,GTM10.pdf,para_blocks,1,2,11,text,,2,"a IEC 60076-7 [1] recomende um passo de tempo inferior à metade da constante térmica do enrolamento, foram",106,1,67.0,687.0,531.0,696.0,464.0,9.0,4176.0
gtm10,GTM10.pdf,para_blocks,1,2,11,text,,3,"modelados os seguintes intervalos de tempo: �� = 8���, 4���, 2��� e 1���. Os resultados em termos de vida útil",110,1,66.0,697.0,531.0,706.0,465.0,9.0,4185.0
gtm10,GTM10.pdf,para_blocks,1,2,11,text,,4,"(�/����� �� �����) foram 0 , 7 3 , \ 0 , 7 4 , \ 0 , 7 5 \ \in \ 0 , 7 5 , respectivamente. Constata-se portanto que o passo utilizado",134,3,66.0,707.0,531.0,718.0,465.0,11.0,5115.0
gtm10,GTM10.pdf,para_blocks,1,2,11,text,,5,"influencia, embora não de forma acentuada, na evolução das temperaturas ao longo dos transitórios de carga, mas",111,1,65.0,718.0,531.0,728.0,466.0,10.0,4660.0
gtm10,GTM10.pdf,para_blocks,1,2,11,text,,6,a influência no valor final das temperaturas em regime permanente pode-se dizer insignificante.,95,1,67.0,729.0,448.0,738.0,381.0,9.0,3429.0
gtm10,GTM10.pdf,para_blocks,2,3,4,title,2.0,0,3.0 - INFLUÊNCIA DA TEMPERATURA AMBIENTE,40,1,66.0,284.0,276.0,294.0,210.0,10.0,2100.0
gtm10,GTM10.pdf,para_blocks,2,3,5,text,,0,"Durante análises de ciclos de carga, a IEC 60076-7 [1] recomenda a utilização dos seguintes valores de",102,1,84.0,302.0,531.0,310.0,447.0,8.0,3576.0
gtm10,GTM10.pdf,para_blocks,2,3,5,text,,1,temperatura ambiente:,21,1,67.0,312.0,158.0,321.0,91.0,9.0,819.0
gtm10,GTM10.pdf,para_blocks,2,3,6,text,,0,"Para quesitos de envelhecimento térmico e vida útil: utilizar a temperatura ambiente média anual, em geral,",107,1,102.0,329.0,530.0,338.0,428.0,9.0,3852.0
gtm10,GTM10.pdf,para_blocks,2,3,6,text,,1,aquelas indicadas pela Tabela 2 da IEC 60076-2 [4];,51,1,103.0,339.0,313.0,348.0,210.0,9.0,1890.0
gtm10,GTM10.pdf,para_blocks,2,3,7,text,,0,Para quesitos de temperatura do ponto mais quente: utilizar a temperatura ambiente média mensal do mês,102,1,102.0,351.0,530.0,358.0,428.0,7.0,2996.0
gtm10,GTM10.pdf,para_blocks,2,3,7,text,,1,mais quente.,12,1,103.0,361.0,155.0,369.0,52.0,8.0,416.0
gtm10,GTM10.pdf,para_blocks,2,3,8,text,,0,"Extraindo de [5] as temperaturas médias mensais ao longo do ano de 2016, a Figura 4 é construída. Observa-",106,1,84.0,376.0,531.0,386.0,447.0,10.0,4470.0
gtm10,GTM10.pdf,para_blocks,2,3,8,text,,1,"se, para as cinco cidades analisadas com posição geográfica bastante distintas, que as médias máximas são muito",111,1,67.0,387.0,530.0,396.0,463.0,9.0,4167.0
gtm10,GTM10.pdf,para_blocks,2,3,8,text,,2,"similares, variando entre 26 e 28°�. Contudo, a média anual é de 20°� para Porto Alegre (RS) enquanto que para",110,1,66.0,396.0,531.0,407.0,465.0,11.0,5115.0
gtm10,GTM10.pdf,para_blocks,2,3,8,text,,3,"João Pessoa (PB) é de 27,3°�.",29,1,67.0,408.0,190.0,417.0,123.0,9.0,1107.0
gtm10,GTM10.pdf,para_blocks,2,3,11,text,,0,"Tomando como referência estas duas temperaturas, 2 0 \thinspace \mathsf { e } \ : 2 7 , 3 ^ { \circ } C e utilizando o método das equações diferenciais",151,3,84.0,621.0,531.0,631.0,447.0,10.0,4470.0
gtm10,GTM10.pdf,para_blocks,2,3,11,text,,1,(optou-se pela utilização deste método para obter maior precisão no decréscimo de carga) para modelar um,104,1,66.0,632.0,531.0,642.0,465.0,10.0,4650.0
gtm10,GTM10.pdf,para_blocks,2,3,11,text,,2,"transformador convencional com margens de segurança razoáveis, pode-se construir os gráficos apresentados na",108,1,67.0,643.0,531.0,651.0,464.0,8.0,3712.0
gtm10,GTM10.pdf,para_blocks,2,3,11,text,,3,Figura 5 aplicando o ciclo de sobrecarga definido na Figura 1.,62,1,67.0,653.0,314.0,662.0,247.0,9.0,2223.0
gtm10,GTM10.pdf,para_blocks,2,3,12,text,,0,"Analisando a Figura 5 (a), observa-se que a diferença de temperatura do ponto mais quente nas duas séries é",107,1,84.0,669.0,531.0,678.0,447.0,9.0,4023.0
gtm10,GTM10.pdf,para_blocks,2,3,12,text,,1,"de aprox. 7 ^ { \circ } C , como era de se esperar. Na Figura 5 (b), percebe-se que essa diferença faz com que o transformador",126,3,66.0,678.0,531.0,689.0,465.0,11.0,5115.0
gtm10,GTM10.pdf,para_blocks,2,3,12,text,,2,"que está submetido à 27,3°� de temperatura ambiente, quando em sobrecarga de 40%, envelheça duas vezes mais",107,1,66.0,690.0,531.0,699.0,465.0,9.0,4185.0
gtm10,GTM10.pdf,para_blocks,2,3,12,text,,3,rápido do que o transformador submetido à 20°� ambiente. Com a taxa de envelhecimento acelerada o consumo de,108,1,66.0,700.0,531.0,709.0,465.0,9.0,4185.0
gtm10,GTM10.pdf,para_blocks,2,3,12,text,,4,"vida útil dispara em uma ascendência bastante íngreme, como apresentado na Figura 5 (c). As observações",103,1,66.0,711.0,531.0,720.0,465.0,9.0,4185.0
gtm10,GTM10.pdf,para_blocks,2,3,12,text,,5,convergem com a seção “Ambient Temperature” da IEC 60076-7.,59,1,66.0,721.0,330.0,730.0,264.0,9.0,2376.0
gtm10,GTM10.pdf,para_blocks,3,4,4,title,2.0,0,4.0 - EFEITO DO FLUXO DISPERSO ADICIONAL EM BLINDAGENS (SHUNTS) MAGNÉTICOS,74,1,66.0,496.0,454.0,505.0,388.0,9.0,3492.0
gtm10,GTM10.pdf,para_blocks,3,4,5,text,,0,"Embora a constante térmica do óleo ( \tau _ { o } ) seja da ordem de horas para grandes transformadores de potência, a",118,3,84.0,512.0,531.0,523.0,447.0,11.0,4917.0
gtm10,GTM10.pdf,para_blocks,3,4,5,text,,1,elevação de temperatura ocasionada pelas perdas em anteparos metálicos (como o tangue e ferragens) oriundas do,110,1,68.0,523.0,531.0,531.0,463.0,8.0,3704.0
gtm10,GTM10.pdf,para_blocks,3,4,5,text,,2,"campo magnético disperso é mais rápida, similar à constante dos enrolamentos.",77,1,67.0,533.0,388.0,542.0,321.0,9.0,2889.0
gtm10,GTM10.pdf,para_blocks,3,4,6,text,,0,Ao longo do ensaio de elevação de temperatura tradicional sempre foi fácil verificar deficiências de projeto,108,1,83.0,549.0,531.0,559.0,448.0,10.0,4480.0
gtm10,GTM10.pdf,para_blocks,3,4,6,text,,1,"relativas à campo disperso incidindo com amplitude elevada no tanque, bastando a utilização de verificação com, por",115,1,67.0,560.0,531.0,569.0,464.0,9.0,4176.0
gtm10,GTM10.pdf,para_blocks,3,4,6,text,,2,"exemplo, câmeras de imagem térmica por infravermelho. A constatação de aquecimento nas ferragens e suportes",107,1,67.0,570.0,531.0,579.0,464.0,9.0,4176.0
gtm10,GTM10.pdf,para_blocks,3,4,6,text,,3,"do núcleo (internos ao tanque) não é tão direta, de forma que só é possível inferir a existência de pontos quentes",114,1,67.0,581.0,530.0,590.0,463.0,9.0,4167.0
gtm10,GTM10.pdf,para_blocks,3,4,6,text,,4,com a análise dos gases dissolvidos no óleo (DGA) que ocorrem quando a temperatura de algum ponto em contato,108,1,67.0,592.0,530.0,599.0,463.0,7.0,3241.0
gtm10,GTM10.pdf,para_blocks,3,4,6,text,,5,"com o óleo mineral supera 150°�, como descrito em [6].",54,1,66.0,600.0,292.0,612.0,226.0,12.0,2712.0
gtm10,GTM10.pdf,para_blocks,3,4,7,text,,0,Com a inclusão do ensaio de temperatura em sobrecarga tornou-se absolutamente viável a verificação da,101,1,83.0,617.0,531.0,627.0,448.0,10.0,4480.0
gtm10,GTM10.pdf,para_blocks,3,4,7,text,,1,temperatura na superfície externa do tanque com 40% de fluxo excedente. O fluxo excedente pode saturar blindagens,113,1,66.0,628.0,531.0,638.0,465.0,10.0,4650.0
gtm10,GTM10.pdf,para_blocks,3,4,7,text,,2,"magnéticas e o campo magnético pode então permear as laterais metálicas do tanque, causando perdas por",102,1,67.0,639.0,530.0,647.0,463.0,8.0,3704.0
gtm10,GTM10.pdf,para_blocks,3,4,7,text,,3,correntes parasitas.,20,1,67.0,650.0,146.0,658.0,79.0,8.0,632.0
gtm10,GTM10.pdf,para_blocks,3,4,8,text,,0,"Um autotransformador regulador monofásico 250��� ���� 550/460�� � = 12,9% foi modelado para ilustrar o",102,1,84.0,665.0,531.0,674.0,447.0,9.0,4023.0
gtm10,GTM10.pdf,para_blocks,3,4,8,text,,1,"fenômeno, utilizando o aplicativo FEMM 4.2 ( [7]). Obviamente há limitações na modelagem já que o aplicativo",108,1,66.0,677.0,531.0,685.0,465.0,8.0,3720.0
gtm10,GTM10.pdf,para_blocks,3,4,8,text,,2,considera apenas geometrias em duas dimensões. O caso específico foi elaborado em coordenadas cilíndricas,105,1,67.0,686.0,529.0,695.0,462.0,9.0,4158.0
gtm10,GTM10.pdf,para_blocks,3,4,8,text,,3,(axissimétrica) no domínio da frequência utilizando a técnica “frequency-dependent permeability” para,101,1,66.0,696.0,532.0,706.0,466.0,10.0,4660.0
gtm10,GTM10.pdf,para_blocks,3,4,8,text,,4,aproximadamente modelar os efeitos da histerese e saturação das blindagens magnéticas. Um circuito térmico foi,110,1,66.0,707.0,532.0,716.0,466.0,9.0,4194.0
gtm10,GTM10.pdf,para_blocks,3,4,8,text,,5,utilizado para então calcular a temperatura estimada da lateral do tanque. Três distintas configurações foram,109,1,67.0,718.0,531.0,727.0,464.0,9.0,4176.0
gtm10,GTM10.pdf,para_blocks,3,4,8,text,,6,modeladas e os detalhes são apresentados na Tabela 1.,53,1,67.0,729.0,294.0,736.0,227.0,7.0,1589.0
gtm10,GTM10.pdf,para_blocks,4,5,4,text,,0,"Utilizando uma blindagem magnética com espessura de 17��, a indução máxima foi de 2,03�, como pode ser",102,1,84.0,246.0,531.0,255.0,447.0,9.0,4023.0
gtm10,GTM10.pdf,para_blocks,4,5,4,text,,1,"observado na Figura 6, de forma que na parte central do tanque as perdas tornaram-se elevadas (Figura 7) causando",113,1,67.0,257.0,531.0,266.0,464.0,9.0,4176.0
gtm10,GTM10.pdf,para_blocks,4,5,4,text,,2,"uma elevação de temperatura de 2 1 ^ { \circ } C nesta parte do tanque e 3 5 { , } 8 ^ { \circ } C nas extremidades. Com a blindagem de 26��",140,5,67.0,266.0,531.0,277.0,464.0,11.0,5104.0
gtm10,GTM10.pdf,para_blocks,4,5,4,text,,3,"a indução limitou-se a 1,52�, eliminando as perdas na parte central do tanque, mas causando uma elevação de",107,1,67.0,279.0,531.0,286.0,464.0,7.0,3248.0
gtm10,GTM10.pdf,para_blocks,4,5,4,text,,4,"temperatura de 4 3 , 5 ^ { \circ } C , agravando o problema já que o campo total conduzido pela blindagem aumentou. Finalmente,",127,3,66.0,288.0,531.0,298.0,465.0,10.0,4650.0
gtm10,GTM10.pdf,para_blocks,4,5,4,text,,5,"alterando também o comprimento da blindagem em 500��, o problema do ponto quente no tanque próximo às",101,1,67.0,299.0,530.0,307.0,463.0,8.0,3704.0
gtm10,GTM10.pdf,para_blocks,4,5,4,text,,6,"extremidades da blindagem foi mitigado (9,3°� de elevação).",59,1,67.0,310.0,309.0,318.0,242.0,8.0,1936.0
gtm10,GTM10.pdf,para_blocks,4,5,7,text,,0,Há ainda a questão de que o valor de elevação de temperatura máximo permitido é passível de discussão. A,104,1,83.0,522.0,531.0,533.0,448.0,11.0,4928.0
gtm10,GTM10.pdf,para_blocks,4,5,7,text,,1,tabela 4 da IEC 60076-7 limita a temperatura das partes metálicas em contato com o óleo em 180°�. Para o,104,1,66.0,533.0,532.0,543.0,466.0,10.0,4660.0
gtm10,GTM10.pdf,para_blocks,4,5,7,text,,2,"transformador modelado cuja elevação do topo do óleo garantida é de 65°�, sob temperatura ambiente de 40°�, a",109,1,66.0,544.0,531.0,553.0,465.0,9.0,4185.0
gtm10,GTM10.pdf,para_blocks,4,5,7,text,,3,"temperatura final da lateral do tanque seria de 6 5 + 4 0 + 4 3 , 5 = 1 4 8 , 5 ^ { \circ } C . Embora esse valor esteja abaixo do valor",136,3,66.0,554.0,531.0,565.0,465.0,11.0,5115.0
gtm10,GTM10.pdf,para_blocks,4,5,7,text,,4,"admissível de acordo com a norma, há limitações para as gaxetas de vedação e em alguns casos para a própria tinta",113,1,67.0,565.0,531.0,574.0,464.0,9.0,4176.0
gtm10,GTM10.pdf,para_blocks,4,5,7,text,,5,que reveste o tanque.,21,1,67.0,577.0,154.0,585.0,87.0,8.0,696.0
gtm10,GTM10.pdf,para_blocks,4,5,8,text,,0,"Outra consideração que mereçe atenção é o tempo de duração de tais pontos quentes, a nota técnica do ONS",104,1,84.0,591.0,530.0,600.0,446.0,9.0,4014.0
gtm10,GTM10.pdf,para_blocks,4,5,8,text,,1,[2] especifica que para apenas 10% do tempo de operação do transformador deve ser considerado o “ciclo de,105,1,66.0,602.0,531.0,612.0,465.0,10.0,4650.0
gtm10,GTM10.pdf,para_blocks,4,5,8,text,,2,"sobrecarga”, no restante do tempo a carga deve ser considerada constante e de valor nominal. Isso implica em uma",112,1,66.0,612.0,531.0,622.0,465.0,10.0,4650.0
gtm10,GTM10.pdf,para_blocks,4,5,8,text,,3,exposição bem menor ao intenso fluxo disperso derivados da corrente à sobrecarga de 40%.,88,1,67.0,623.0,437.0,632.0,370.0,9.0,3330.0
gtm10,GTM10.pdf,para_blocks,5,6,6,title,2.0,0,5.0 - INFLUÊNCIA DO FATOR DE HOT-SPOT VARIÁVEL,46,1,67.0,431.0,300.0,440.0,233.0,9.0,2097.0
gtm10,GTM10.pdf,para_blocks,5,6,7,text,,0,"Um dos dados de entrada fundamentais para o cálculo apresentado na IEC 60076-7 é o fator de Hot-Spot (�),",105,1,83.0,447.0,531.0,457.0,448.0,10.0,4480.0
gtm10,GTM10.pdf,para_blocks,5,6,7,text,,1,que relaciona a elevação de temperatura máxima de um determinado enrolamento com a elevação média obtida no,107,1,67.0,459.0,530.0,468.0,463.0,9.0,4167.0
gtm10,GTM10.pdf,para_blocks,5,6,7,text,,2,"ensaio de aquecimento tradicional por meio da variação da resistência do próprio enrolamento. Em geral, a norma",111,1,66.0,468.0,531.0,478.0,465.0,10.0,4650.0
gtm10,GTM10.pdf,para_blocks,5,6,7,text,,3,"não faz nenhuma recomendação para uso de um fator de Hot-Spot variável, contudo, é fato que o fator de Hot-Spot",111,1,67.0,479.0,531.0,488.0,464.0,9.0,4176.0
gtm10,GTM10.pdf,para_blocks,5,6,7,text,,4,"pode variar com a carga, tal fenômeno pode ser observado nos dados de [8] e é discutido em [9] onde detalhes dos",112,1,67.0,489.0,531.0,498.0,464.0,9.0,4176.0
gtm10,GTM10.pdf,para_blocks,5,6,7,text,,5,fatores � e � (� = � ∙ �) são apresentados sob a análise da aplicação de circuitos termo-hidráulicos (THNM) [10].,113,1,66.0,498.0,520.0,510.0,454.0,12.0,5448.0
gtm10,GTM10.pdf,para_blocks,5,6,8,text,,0,"Para explicitar o efeito e deixar a questão mais palpável, foi desenvolvida uma análise utilizando a metodologia",112,1,83.0,515.0,531.0,526.0,448.0,11.0,4928.0
gtm10,GTM10.pdf,para_blocks,5,6,8,text,,1,de equações diferenciais na tentativa de modelar o fenômeno e verificar qual pode ser o impacto do fator de Hot-,112,1,67.0,527.0,531.0,535.0,464.0,8.0,3712.0
gtm10,GTM10.pdf,para_blocks,5,6,8,text,,2,"Spot variável. Duas séries foram desenvolvidas, na primeira série foi utilizado fator de Hot-Spot fixo enquanto que na",118,1,66.0,536.0,531.0,547.0,465.0,11.0,5115.0
gtm10,GTM10.pdf,para_blocks,5,6,8,text,,3,"segunda série o fator de Hot-Spot foi introduzido como um dado de entrada com os valores de: 1,25 para 100% de",110,1,67.0,547.0,531.0,556.0,464.0,9.0,4176.0
gtm10,GTM10.pdf,para_blocks,5,6,8,text,,4,"carga, 1,3 para 120% de carga e 1,35 para 140% de carga. A Figura 8 exibe o resultado da análise e compara as",109,1,66.0,558.0,531.0,567.0,465.0,9.0,4185.0
gtm10,GTM10.pdf,para_blocks,5,6,8,text,,5,duas séries desenvolvidas. Foram utilizados os dados de um transformador 180��� ���� 230/69�� com margens,105,1,67.0,568.0,530.0,577.0,463.0,9.0,4167.0
gtm10,GTM10.pdf,para_blocks,5,6,8,text,,6,de segurança típicas para transformadores deste porte.,54,1,67.0,579.0,289.0,588.0,222.0,9.0,1998.0
gtm10,GTM10.pdf,para_blocks,5,6,9,text,,0,"Para a primeira série, que utiliza o fator fixo, a temperatura máxima de Hot-Spot foi de 131,5°� enquanto que",109,1,84.0,595.0,531.0,604.0,447.0,9.0,4023.0
gtm10,GTM10.pdf,para_blocks,5,6,9,text,,1,"para a segunda série, utilizando fator variável, a temperatura máxima foi 134,7°�, uma diferença de 3,2°�. Esse",111,1,65.0,605.0,532.0,615.0,467.0,10.0,4670.0
gtm10,GTM10.pdf,para_blocks,5,6,9,text,,2,"acréscimo de temperatura resulta em uma taxa de consumo de vida útil 35% maior (10,8 em relação a 8) enquanto",109,1,67.0,616.0,531.0,625.0,464.0,9.0,4176.0
gtm10,GTM10.pdf,para_blocks,5,6,9,text,,3,"o transformador estiver submetido à sobrecarga de 40%. Por fim, considerando que o “ciclo de sobrecarga” é exigido",114,1,67.0,627.0,531.0,636.0,464.0,9.0,4176.0
gtm10,GTM10.pdf,para_blocks,5,6,9,text,,4,"em apenas 10% do tempo de operação (conforme [2]) e que a sobrecarga de 40% ocorre durante apenas 2,1% do",105,1,67.0,638.0,531.0,647.0,464.0,9.0,4176.0
gtm10,GTM10.pdf,para_blocks,5,6,9,text,,5,ciclo. a vida útil final do transformador será reduzida em um total de 2.5%.,76,1,67.0,649.0,362.0,656.0,295.0,7.0,2065.0
gtm10,GTM10.pdf,para_blocks,6,7,4,title,2.0,0,6.0 - CONCLUSÕES,16,1,66.0,284.0,151.0,293.0,85.0,9.0,765.0
gtm10,GTM10.pdf,para_blocks,6,7,5,text,,0,O objetivo deste trabalho consistiu em elencar e propor discussões sobre pontos específicos da NBR 5356-7,105,1,84.0,300.0,528.0,309.0,444.0,9.0,3996.0
gtm10,GTM10.pdf,para_blocks,6,7,5,text,,1,dando “alternativas para modelagem”. As abordagens foram expostas de forma breve embora tenham sido,99,1,67.0,312.0,527.0,320.0,460.0,8.0,3680.0
gtm10,GTM10.pdf,para_blocks,6,7,5,text,,2,"elaboradas de maneira mais aprofundada, sendo decorrentes da experiência adquirida com a aplicação da IEC",105,1,67.0,322.0,526.0,330.0,459.0,8.0,3672.0
gtm10,GTM10.pdf,para_blocks,6,7,5,text,,3,"60076-7 cada vez mais frequente em transformadores destinados a rede básica. Com base nessas análises, uma",106,1,67.0,331.0,527.0,341.0,460.0,10.0,4600.0
gtm10,GTM10.pdf,para_blocks,6,7,5,text,,4,série de conclusões podem ser evidenciadas:,43,1,67.0,343.0,249.0,351.0,182.0,8.0,1456.0
gtm10,GTM10.pdf,para_blocks,6,7,6,text,,0,"Quanto ao comparativo entre os métodos exponencial e diferencial, as recomendações da norma são válidas e",105,1,84.0,359.0,531.0,367.0,447.0,8.0,3576.0
gtm10,GTM10.pdf,para_blocks,6,7,6,text,,1,precisam ser observadas para a obtenção de resultados adequados. Do ponto de vista da aplicação em sistemas,107,1,66.0,369.0,531.0,379.0,465.0,10.0,4650.0
gtm10,GTM10.pdf,para_blocks,6,7,6,text,,2,computacionais a solução por equações diferenciais permite maior flexibilidade já que considera variação da,107,1,67.0,379.0,531.0,389.0,464.0,10.0,4640.0
gtm10,GTM10.pdf,para_blocks,6,7,6,text,,3,temperatura ambiente de forma independente do perfil de carga;,62,1,66.0,389.0,326.0,400.0,260.0,11.0,2860.0
gtm10,GTM10.pdf,para_blocks,6,7,7,text,,0,"Em relação à influência da temperatura ambiente, a própria IEC 60076-7 afirma que uma diferença de 6°� na",105,1,84.0,406.0,531.0,415.0,447.0,9.0,4023.0
gtm10,GTM10.pdf,para_blocks,6,7,7,text,,1,temperatura ambiente leva à uma taxa de consumo de vida útil duas vezes maior e essa afirmação foi verificada,109,1,66.0,417.0,531.0,425.0,465.0,8.0,3720.0
gtm10,GTM10.pdf,para_blocks,6,7,7,text,,2,neste trabalho afirmativamente. A nota técnica da ONS [2] considera para temperatura ambiente a ser utilizada em,112,1,66.0,427.0,531.0,436.0,465.0,9.0,4185.0
gtm10,GTM10.pdf,para_blocks,6,7,7,text,,3,"análises de vida útil o valor apresentado pela NBR 5356, que por sua vez indica o valor de 30°�. Este valor mostrou-",116,1,66.0,438.0,530.0,446.0,464.0,8.0,3712.0
gtm10,GTM10.pdf,para_blocks,6,7,7,text,,4,"se adequado e, em geral, está acima da média anual até para as cidades mais quentes do Brasil [5]. Contudo,",107,1,66.0,448.0,531.0,457.0,465.0,9.0,4185.0
gtm10,GTM10.pdf,para_blocks,6,7,7,text,,5,"principalmente para localidades da região sul, as análises de vida útil resultarão em valores sempre mais otimistas",115,1,66.0,459.0,531.0,467.0,465.0,8.0,3720.0
gtm10,GTM10.pdf,para_blocks,6,7,7,text,,6,que a média nacional se forem utilizados os valores de temperatura média reais da região;,89,1,65.0,468.0,430.0,479.0,365.0,11.0,4015.0
gtm10,GTM10.pdf,para_blocks,6,7,8,text,,0,"Sobre o efeito do fluxo adicional em shunts magnéticos, as análises, assim como a experiência prática durante",109,1,83.0,483.0,531.0,494.0,448.0,11.0,4928.0
gtm10,GTM10.pdf,para_blocks,6,7,8,text,,1,"os ensaios, mostram que pode ocorrer saturação das blindagens (shunts) magnéticas que protegem o tanque do",106,1,66.0,495.0,531.0,504.0,465.0,9.0,4185.0
gtm10,GTM10.pdf,para_blocks,6,7,8,text,,2,fluxo disperso dos enrolamentos. Com a saturação das blindagens (gue por si só já pode ser um problema,102,1,66.0,505.0,530.0,514.0,464.0,9.0,4176.0
gtm10,GTM10.pdf,para_blocks,6,7,8,text,,3,"ocasionando vibrações excessivas), o fluxo excedente incide sobre as laterais do tanque com potencial para geração",114,1,66.0,516.0,531.0,525.0,465.0,9.0,4185.0
gtm10,GTM10.pdf,para_blocks,6,7,8,text,,4,"de pontos quentes que devem sempre ser evitados. A recomendação, tal qual já é citada nas normas principais, é",110,1,66.0,526.0,531.0,535.0,465.0,9.0,4185.0
gtm10,GTM10.pdf,para_blocks,6,7,8,text,,5,de que as blindagens sejam dimensionadas considerando a condição de sobrecarga;,79,1,66.0,537.0,408.0,546.0,342.0,9.0,3078.0
gtm10,GTM10.pdf,para_blocks,6,7,9,text,,0,"Quanto à influência do fator de Hot-Spot variável, constatou-se com a análise efetuada que admitindo a variação",111,1,83.0,552.0,531.0,562.0,448.0,10.0,4480.0
gtm10,GTM10.pdf,para_blocks,6,7,9,text,,1,"de 1,25 à 1,35 (valor acima do sugerido em [9], mas razoável conforme [8]), a temperatura de Hot-Spot sofrerá um",112,1,66.0,564.0,531.0,572.0,465.0,8.0,3720.0
gtm10,GTM10.pdf,para_blocks,6,7,9,text,,2,"acréscimo de 3.2°C. Embora o impacto na vida útil não seia demasiado (2.5%), essa discrepância pode ser relevante",113,1,67.0,574.0,530.0,582.0,463.0,8.0,3704.0
gtm10,GTM10.pdf,para_blocks,6,7,9,text,,3,para a avaliação da temperatura máxima admissível durante a sobrecarga já que algumas especificações têm,104,1,66.0,585.0,531.0,594.0,465.0,9.0,4185.0
gtm10,GTM10.pdf,para_blocks,6,7,9,text,,4,"solicitado valores garantidos abaixo dagueles indicados pelas normas. Neste caso, a aplicação de circuitos termo-",113,1,66.0,595.0,531.0,603.0,465.0,8.0,3720.0
gtm10,GTM10.pdf,para_blocks,6,7,9,text,,5,hidráulicos torna-se uma das poucas opções viáveis para o cálculo do fator � que indica o aumento da temperatura,112,1,66.0,606.0,530.0,614.0,464.0,8.0,3712.0
gtm10,GTM10.pdf,para_blocks,6,7,9,text,,6,de Hot-Spot devido às restrições de fluxo de óleo.,50,1,68.0,617.0,266.0,624.0,198.0,7.0,1386.0
gtm10,GTM10.pdf,para_blocks,6,7,10,text,,0,Há ainda que se mencionar sobre a precisão do cálculo de elevação de temperatura. Todo cálculo térmico,102,1,83.0,632.0,531.0,641.0,448.0,9.0,4032.0
gtm10,GTM10.pdf,para_blocks,6,7,10,text,,1,aplicado em grandes transformadores possuirá uma margem de erro devido às aproximações que são feitas em,104,1,66.0,643.0,530.0,651.0,464.0,8.0,3712.0
gtm10,GTM10.pdf,para_blocks,6,7,10,text,,2,"algum ponto, até mesmo as mais modernas técnicas de modelagem, como indicado em [10], fazem aproximações",104,1,66.0,652.0,531.0,662.0,465.0,10.0,4650.0
gtm10,GTM10.pdf,para_blocks,6,7,10,text,,3,de maior ou menor grau e possuem uma margem de erro de alguns graus Celsius (geralmente entre 2 e 5°�) para,107,1,66.0,663.0,531.0,672.0,465.0,9.0,4185.0
gtm10,GTM10.pdf,para_blocks,6,7,10,text,,4,mais ou para menos nas temperaturas de regime permanente. O assunto tratado na IEC 60076-7 excede a condição,108,1,66.0,674.0,531.0,682.0,465.0,8.0,3720.0
gtm10,GTM10.pdf,para_blocks,6,7,10,text,,5,de regime permanente e trata essencialmente dos transitórios de temperatura entre um e outro valor de regime frente,115,1,66.0,684.0,531.0,693.0,465.0,9.0,4185.0
gtm10,GTM10.pdf,para_blocks,6,7,10,text,,6,"as oscilações de carga. Nesse caso, é de se esperar que o erro seja ainda maior já que as temperaturas partirão de",114,1,66.0,694.0,530.0,703.0,464.0,9.0,4176.0
gtm10,GTM10.pdf,para_blocks,6,7,10,text,,7,um valor que já fora aproximado e utilizar-se-á uma técnica também aproximada e baseada em fatores (fatos,105,1,66.0,705.0,531.0,714.0,465.0,9.0,4185.0
gtm10,GTM10.pdf,para_blocks,6,7,10,text,,8,"evidenciados em [3]). Tendo em vista tal contexto, ressalta-se o cuidado com as garantias de valores de Hot-Spot",112,1,66.0,716.0,531.0,724.0,465.0,8.0,3720.0
gtm10,GTM10.pdf,para_blocks,6,7,10,text,,9,"durante o processo de Design Review e quando do ensaio de elevação de temperatura em sobrecarga, seja por",105,1,66.0,84.0,531.0,95.0,465.0,11.0,5115.0
gtm10,GTM10.pdf,para_blocks,6,7,10,text,,10,medições com imagem térmica ou fibra ótica.,43,1,67.0,96.0,249.0,104.0,182.0,8.0,1456.0
gtm10,GTM10.pdf,para_blocks,7,8,3,title,2.0,0,7.0 - REFERÊNCIAS BIBLIOGRÁFICAS,32,1,67.0,116.0,230.0,127.0,163.0,11.0,1793.0
gtm10,GTM10.pdf,para_blocks,7,8,4,ref_text,,0,"[1] IEC - International Electrotechnical Commission, IEC 60076-7: Loading guide for oil-immersed power",102,2,85.0,159.0,529.0,171.0,444.0,12.0,5328.0
gtm10,GTM10.pdf,para_blocks,7,8,4,ref_text,,1,"transformers, Geneva, 2005.",27,1,105.0,171.0,219.0,179.0,114.0,8.0,912.0
gtm10,GTM10.pdf,para_blocks,7,8,5,ref_text,,0,"[2] ONS - Operador Nacional do Sistema Elétrico, “Ensaio de elevação de temperatura de transformadroes",102,2,84.0,195.0,529.0,207.0,445.0,12.0,5340.0
gtm10,GTM10.pdf,para_blocks,7,8,5,ref_text,,1,"em sobrecarga,” 25 Fevereiro 2014. [Online]. Available:",55,7,103.0,205.0,528.0,216.0,425.0,11.0,4675.0
gtm10,GTM10.pdf,para_blocks,7,8,5,ref_text,,2,http://www.ons.org.br/download/administracao_transmissao/padroes_desempenho/NT-ONS-038-,87,1,104.0,216.0,493.0,226.0,389.0,10.0,3890.0
gtm10,GTM10.pdf,para_blocks,7,8,5,ref_text,,3,2014_ElevacaoTemperatura_transformadoresemsobrecarga.pdf. [Acesso em Março 2017].,81,1,104.0,226.0,469.0,237.0,365.0,11.0,4015.0
gtm10,GTM10.pdf,para_blocks,7,8,6,ref_text,,0,"[3] H. Nordman, N. Rafsback e D. Susa, “Temperature Responses to Step Changes in the Load Current",97,2,85.0,251.0,529.0,263.0,444.0,12.0,5328.0
gtm10,GTM10.pdf,para_blocks,7,8,6,ref_text,,1,"of Power Transformers,” IEEE Transactions on power delivery, Vol. 18, pp. 1110-1117, Outubro 2003.",98,1,104.0,263.0,510.0,272.0,406.0,9.0,3654.0
gtm10,GTM10.pdf,para_blocks,7,8,7,ref_text,,0,"[4] IEC - International Electrotechnical Commission, IEC 60076-2: Temperature rise for liquid-immersed",102,2,84.0,287.0,529.0,299.0,445.0,12.0,5340.0
gtm10,GTM10.pdf,para_blocks,7,8,7,ref_text,,1,"transformers, IEC, 2011.",24,1,105.0,299.0,203.0,307.0,98.0,8.0,784.0
gtm10,GTM10.pdf,para_blocks,7,8,8,ref_text,,0,"[5] INMET - Instituto Nacional de Meteorologia, “Gráficos,” INMET, [Online]. Available:",87,2,84.0,322.0,529.0,334.0,445.0,12.0,5340.0
gtm10,GTM10.pdf,para_blocks,7,8,8,ref_text,,1,http://www.inmet.gov.br/. [Acesso em 21 Março 2017].,52,1,104.0,334.0,321.0,344.0,217.0,10.0,2170.0
gtm10,GTM10.pdf,para_blocks,7,8,9,ref_text,,0,"[6] IEEE - Institute of Electrical and Electronics Engineers, IEEE Std C57.104-2008: Guide for the",98,2,84.0,358.0,529.0,370.0,445.0,12.0,5340.0
gtm10,GTM10.pdf,para_blocks,7,8,9,ref_text,,1,"Interpretation of Gases Generated in Oil-Immersed Transformers, New York: IEEE, 2008.",85,1,105.0,369.0,460.0,379.0,355.0,10.0,3550.0
gtm10,GTM10.pdf,para_blocks,7,8,10,ref_text,,0,"[7] D. Meeker, “Finite Element Method magnetics: HomePage,” 6 Abril 2014. [Online]. Available:",94,2,84.0,394.0,528.0,406.0,444.0,12.0,5328.0
gtm10,GTM10.pdf,para_blocks,7,8,10,ref_text,,1,www.femm.info. [Acesso em 21 Março 2017].,41,1,105.0,406.0,285.0,415.0,180.0,9.0,1620.0
gtm10,GTM10.pdf,para_blocks,7,8,11,ref_text,,0,"[8] S. G. Montenegro, P. Dionne, R. P. Bersi, C. S. S. Xavier, J. N. Berubé e C. Deligi, “Ensaio de",99,2,85.0,429.0,529.0,441.0,444.0,12.0,5328.0
gtm10,GTM10.pdf,para_blocks,7,8,11,ref_text,,1,aquecimento em sobrecarga usando medição direta de temperatura - estudo de caso do 3° transformador,99,1,104.0,441.0,528.0,450.0,424.0,9.0,3816.0
gtm10,GTM10.pdf,para_blocks,7,8,11,ref_text,,2,"SE João Câmara II,” VIII Workspot Cigré, 20-23 Novembro 2016.",61,1,104.0,450.0,365.0,461.0,261.0,11.0,2871.0
gtm10,GTM10.pdf,para_blocks,7,8,12,ref_text,,0,"[9] Z. Radakonic, U. Radoman e P. Kostic, “Decomposition of the Hot-Spot Factor,” IEEE Transactions on",102,2,84.0,476.0,529.0,488.0,445.0,12.0,5340.0
gtm10,GTM10.pdf,para_blocks,7,8,12,ref_text,,1,"Power Delivery, Vol. 30, pp. 403-411, Fevereiro 2015.",53,1,105.0,487.0,320.0,496.0,215.0,9.0,1935.0
gtm10,GTM10.pdf,para_blocks,7,8,13,ref_text,,0,"[10] Z. R. Radakovic e M. S. Sorgic, “Basics of Detailed Thermal-Hydraulic Model for Thermal Design of Oil",106,1,86.0,513.0,528.0,522.0,442.0,9.0,3978.0
gtm10,GTM10.pdf,para_blocks,7,8,13,ref_text,,1,"Power Transformers,” IEEE Transactions on Power Delivery, Vol. 25, No. 2, pp. 790-802, Abril 2010.",98,1,104.0,523.0,505.0,532.0,401.0,9.0,3609.0
gtm10,GTM10.pdf,para_blocks,8,9,2,title,2.0,0,8.0 - DADOS BIOGRÁFICOS,23,1,75.0,84.0,194.0,95.0,119.0,11.0,1309.0
gtm10,GTM10.pdf,para_blocks,8,9,4,text,,0,"Luiz Fernando de Oliveira nasceu em Blumenau-SC, Brasil em 1988. Graduou-se em",78,1,161.0,118.0,532.0,128.0,371.0,10.0,3710.0
gtm10,GTM10.pdf,para_blocks,8,9,4,text,,1,Engenharia Elétrica na Universidade Regional de Blumenau (FURB) em 2013 e atualmente cursa,90,1,145.0,129.0,531.0,138.0,386.0,9.0,3474.0
gtm10,GTM10.pdf,para_blocks,8,9,4,text,,2,mestrado também em Engenharia Elétrica na UFSC (GRUCAD). Trabalha na WEG T&D desde,82,1,144.0,139.0,531.0,149.0,387.0,10.0,3870.0
gtm10,GTM10.pdf,para_blocks,8,9,4,text,,3,"2007, onde passou pelas áreas de produção e técnica, entre 2009 e 2013 trabalhou diretamente",92,1,144.0,150.0,531.0,160.0,387.0,10.0,3870.0
gtm10,GTM10.pdf,para_blocks,8,9,4,text,,4,com cálculo e dimensionamento de transformadores e desde 2013 exerce atividades no,82,1,144.0,160.0,531.0,170.0,387.0,10.0,3870.0
gtm10,GTM10.pdf,para_blocks,8,9,4,text,,5,"departamento de pesquisa e desenvolvimento com foco em pesquisa, simulações numéricas e",87,1,145.0,171.0,530.0,179.0,385.0,8.0,3080.0
gtm10,GTM10.pdf,para_blocks,8,9,4,text,,6,desenvolvimento de softwares para engenharia. É membro do Cigré-Brasil.,71,1,144.0,181.0,446.0,190.0,302.0,9.0,2718.0
gtm10,GTM10.pdf,para_blocks,8,9,6,text,,0,Álvaro Portillo nasceu no Uruguai em 1954. Graduou-se em Engenharia Elétrica na,79,1,163.0,211.0,531.0,223.0,368.0,12.0,4416.0
gtm10,GTM10.pdf,para_blocks,8,9,6,text,,1,Universidad de la República del Uruguay em 1979. Trabalhou na companhia elétrica uruguaia,89,1,146.0,223.0,531.0,234.0,385.0,11.0,4235.0
gtm10,GTM10.pdf,para_blocks,8,9,6,text,,2,"(UTE) até 1985 em atividades relacionadas a aprovação, instalação e manutenção de",81,1,146.0,234.0,530.0,243.0,384.0,9.0,3456.0
gtm10,GTM10.pdf,para_blocks,8,9,6,text,,3,"transformadores. De 1985 a 1999 trabalhou na MAK AS (fabricante uruguaio de transformadores,",92,1,146.0,245.0,530.0,254.0,384.0,9.0,3456.0
gtm10,GTM10.pdf,para_blocks,8,9,6,text,,4,"até 20MVA, 72,5kV), de 2000 a 2007 como consultor na TRAFO (fabricante brasileiro de",84,1,146.0,255.0,531.0,264.0,385.0,9.0,3465.0
gtm10,GTM10.pdf,para_blocks,8,9,6,text,,5,"transformadores, até 20MVA, 72,5kV) e desde então atua como consultor e desenvolvedor de",88,1,146.0,265.0,530.0,275.0,384.0,10.0,3840.0
gtm10,GTM10.pdf,para_blocks,8,9,6,text,,6,"ferramentas para projeto de transformadores na WEG (fabricante brasileiro de transformadores,",93,1,146.0,276.0,531.0,285.0,385.0,9.0,3465.0
gtm10,GTM10.pdf,para_blocks,8,9,6,text,,7,"até 500MVA, 500kV). É professor na Universidad de la República del Uruguay desde 1977, sendo",92,1,145.0,285.0,530.0,296.0,385.0,11.0,4235.0
gtm10,GTM10.pdf,para_blocks,8,9,7,text,,0,"atualmente responsável pelos cursos de pós-graduação em transformadores (especificação, projeto, operação,",106,1,66.0,295.0,531.0,307.0,465.0,12.0,5580.0
gtm10,GTM10.pdf,para_blocks,8,9,7,text,,1,"manutenção, etc.), é também membro sênior da IEEE e membro do Cigré, tem participação ativa em vários grupos",108,1,67.0,307.0,531.0,316.0,464.0,9.0,4176.0
gtm10,GTM10.pdf,para_blocks,8,9,7,text,,2,de trabalho dessas entidades.,29,1,67.0,318.0,187.0,325.0,120.0,7.0,840.0
gtm10,GTM10.pdf,para_blocks,8,9,9,text,,0,"Gilson Semiano nasceu em Taió-SC, Brasil em 1980. Graduou-se em Engenharia Elétrica",83,1,160.0,349.0,531.0,360.0,371.0,11.0,4081.0
gtm10,GTM10.pdf,para_blocks,8,9,9,text,,1,na Universidade Regional de Blumenau (FURB) em 2005 e concluiu o curso de Mestrado em,85,1,144.0,361.0,531.0,369.0,387.0,8.0,3096.0
gtm10,GTM10.pdf,para_blocks,8,9,9,text,,2,"Engenharia Elétrica pela mesma instituição em 2015. Trabalha na WEG T&D desde 2001, onde",88,1,144.0,371.0,531.0,380.0,387.0,9.0,3483.0
gtm10,GTM10.pdf,para_blocks,8,9,9,text,,3,passou pela área de laboratório de ensaios e atualmente trabalha diretamente com cálculo e,90,1,144.0,381.0,531.0,390.0,387.0,9.0,3483.0
gtm10,GTM10.pdf,para_blocks,8,9,9,text,,4,dimensionamento de transformadores. Seus interesses de pesquisa incluem técnicas de medição,91,1,144.0,392.0,531.0,401.0,387.0,9.0,3483.0
gtm10,GTM10.pdf,para_blocks,8,9,9,text,,5,"e modelagem de transientes eletromagnéticos, VFTOs e projeto de transformadores móveis.",87,1,144.0,403.0,514.0,410.0,370.0,7.0,2590.0
gtm10,GTM10.pdf,para_blocks,8,9,11,text,,0,"Odirlan Iaronka nasceu em Casca-RS, Brasil em 1990. Graduou-se em Engenharia Elétrica",85,1,166.0,450.0,531.0,460.0,365.0,10.0,3650.0
gtm10,GTM10.pdf,para_blocks,8,9,11,text,,1,pela Universidade Federal de Santa Maria (UFSM) em 2014. Atualmente cursa Mestrado pela,87,1,148.0,461.0,531.0,470.0,383.0,9.0,3447.0
gtm10,GTM10.pdf,para_blocks,8,9,11,text,,2,Universidade Federal de Santa Catarina (UFSC) na área de Eletromagnetismo aplicado em,85,1,148.0,471.0,531.0,481.0,383.0,10.0,3830.0
gtm10,GTM10.pdf,para_blocks,8,9,11,text,,3,Engenharia Elétrica no GRUCAD - Grupo de Concepção e Análise de Dispositivos,76,1,149.0,482.0,531.0,491.0,382.0,9.0,3438.0
gtm10,GTM10.pdf,para_blocks,8,9,11,text,,4,Eletromagnéticos. Exerce a função de Engenheiro de Aplicação e Pesquisador no setor de,86,1,148.0,492.0,531.0,502.0,383.0,10.0,3830.0
gtm10,GTM10.pdf,para_blocks,8,9,11,text,,5,"Pesquisa, Desenvolvimento e Inovação da empresa WEG - Equipamentos Elétricos S.A. na",84,1,148.0,502.0,531.0,512.0,383.0,10.0,3830.0
gtm10,GTM10.pdf,para_blocks,8,9,11,text,,6,Unidade de Transmissão e Distribuição de Energia. Atua na área de Simulações Numéricas,86,1,148.0,513.0,531.0,522.0,383.0,9.0,3447.0
gtm10,GTM10.pdf,para_blocks,8,9,11,text,,7,Computacionais de campos eletromagnéticos e no desenvolvimento de ferramentas de análise,88,1,150.0,524.0,530.0,532.0,380.0,8.0,3040.0
gtm10,GTM10.pdf,para_blocks,8,9,12,text,,0,"e otimização do projeto eletromagnético e térmico de transformadores e reatores de potência, transformadores seco",113,1,67.0,534.0,530.0,543.0,463.0,9.0,4167.0
gtm10,GTM10.pdf,para_blocks,8,9,12,text,,1,e chaves secionadoras.,22,1,67.0,545.0,162.0,553.0,95.0,8.0,760.0
gtm10,GTM10.pdf,discarded_blocks,0,1,1,header,,0,XXIVSNPTEE,10,1,89.0,153.0,199.0,169.0,110.0,16.0,1760.0
gtm10,GTM10.pdf,discarded_blocks,0,1,2,header,,0,XXIV SNPTEE,11,1,226.0,110.0,287.0,119.0,61.0,9.0,549.0
gtm10,GTM10.pdf,discarded_blocks,0,1,2,header,,1,SEMINÁRIO NACIONAL DE RODUÇÃO,29,1,225.0,123.0,408.0,136.0,183.0,13.0,2379.0
gtm10,GTM10.pdf,discarded_blocks,0,1,2,header,,2,TRANSMISSÃO DE ENERGIA ELÉTRICA,31,1,226.0,136.0,400.0,146.0,174.0,10.0,1740.0
gtm10,GTM10.pdf,discarded_blocks,0,1,3,header,,0,CB/GTM/10,9,1,488.0,111.0,536.0,120.0,48.0,9.0,432.0
gtm10,GTM10.pdf,discarded_blocks,0,1,4,header,,0,22 a 25 de outubro de 2017,26,1,227.0,170.0,342.0,178.0,115.0,8.0,920.0
gtm10,GTM10.pdf,discarded_blocks,0,1,25,footer,,0,"Rua Dr. Pedro Zimmermann, n˚ 6751 – CEP 89068-001 Blumenau, SC – Brasil",71,1,145.0,768.0,461.0,777.0,316.0,9.0,2844.0
gtm10,GTM10.pdf,discarded_blocks,0,1,25,footer,,1,Tel: (+55 47) 3337-1000 – Fax: (+55 47) 3337-1090 – email: luizo@weg.net,72,1,151.0,783.0,455.0,795.0,304.0,12.0,3648.0
gtm10,GTM10.pdf,discarded_blocks,1,2,1,page_number,,0,2,1,1,304.0,42.0,311.0,52.0,7.0,10.0,70.0
gtm10,GTM10.pdf,discarded_blocks,2,3,1,page_number,,0,3,1,1,304.0,42.0,310.0,51.0,6.0,9.0,54.0
gtm10,GTM10.pdf,discarded_blocks,3,4,1,page_number,,0,4,1,1,304.0,42.0,310.0,51.0,6.0,9.0,54.0
gtm10,GTM10.pdf,discarded_blocks,4,5,1,page_number,,0,5,1,1,304.0,42.0,310.0,51.0,6.0,9.0,54.0
gtm10,GTM10.pdf,discarded_blocks,5,6,1,page_number,,0,6,1,1,304.0,42.0,310.0,51.0,6.0,9.0,54.0
gtm10,GTM10.pdf,discarded_blocks,6,7,1,page_number,,0,7,1,1,304.0,42.0,311.0,51.0,7.0,9.0,63.0
gtm10,GTM10.pdf,discarded_blocks,7,8,1,page_number,,0,8,1,1,304.0,42.0,310.0,51.0,6.0,9.0,54.0
gtm10,GTM10.pdf,discarded_blocks,8,9,1,page_number,,0,9,1,1,304.0,42.0,310.0,51.0,6.0,9.0,54.0
