filename,block_collection,page_number,block_index,block_type,level,line_count,span_count,score,text
GDI_0685.pdf,discarded_blocks,1,1,header,,4,4,0.9276,XXVII Seminário Nacional de Produção e Transmissão de Energia Elétrica XXVIISNPTEE
GDI_0685.pdf,discarded_blocks,1,2,header,,2,2,0.8573,0685 GDI/7
GDI_0685.pdf,para_blocks,1,4,title,1.0,2,2,0.9652,DESENVOLVIMENTO DE CAMINHÃO ELÉTRICO PARA UTILIZAÇÃO EM MANUTENÇÃO EM REDES DE DISTRIBUIÇÃO DE BAIXA TENSÃO
GDI_0685.pdf,preproc_blocks,1,4,title,1.0,2,2,0.9652,DESENVOLVIMENTO DE CAMINHÃO ELÉTRICO PARA UTILIZAÇÃO EM MANUTENÇÃO EM REDES DE DISTRIBUIÇÃO DE BAIXA TENSÃO
GDI_0685.pdf,para_blocks,1,5,list,,5,5,0.7053,ANA PAULA OENING (1); SIGNIE LAUREANO FRANÇA SANTOS (1); NATAN BARBIZAN (2); LEONARDO LOMBARDO FERREIRA (2); EDEMIR LUIZ KOWALSKI (1); GUILHERME RACHELLE HERNASKI (1); EDUARDO CASARIN (3); AMANDA CORTEZ (3) INSTITUTO DE TECNOLOGIA PARA O DESENVOLVIMENTO (1); BYD DO BRASIL LTDA (2); ELEKTRO REDES S.A. (3)
GDI_0685.pdf,preproc_blocks,1,5,text,,5,5,0.7053,ANA PAULA OENING (1); SIGNIE LAUREANO FRANÇA SANTOS (1); NATAN BARBIZAN (2); LEONARDO LOMBARDO FERREIRA (2); EDEMIR LUIZ KOWALSKI (1); GUILHERME RACHELLE HERNASKI (1); EDUARDO CASARIN (3); AMANDA CORTEZ (3) INSTITUTO DE TECNOLOGIA PARA O DESENVOLVIMENTO (1); BYD DO BRASIL LTDA (2); ELEKTRO REDES S.A. (3)
GDI_0685.pdf,para_blocks,1,7,abstract,,5,5,0.9682,"Neste trabalho é apresentado o desenvolvimento de um caminhão elétrico para serviços de manutenção em redes de distribuição de energia elétrica, incluindo todas as adaptações necessárias para a inclusão de cesto aéreo e sistema seguro e eficiente para recargas de oportunidade do veículo na própria rede de distribuição da concessionária. O desenvolvimento foi realizado no âmbito do programa de P&D ANEEL dentro da Chamada Estratégica nº 22/2018 que teve como intuito impulsionar a mobilidade elétrica no país."
GDI_0685.pdf,preproc_blocks,1,7,abstract,,5,5,0.9682,"Neste trabalho é apresentado o desenvolvimento de um caminhão elétrico para serviços de manutenção em redes de distribuição de energia elétrica, incluindo todas as adaptações necessárias para a inclusão de cesto aéreo e sistema seguro e eficiente para recargas de oportunidade do veículo na própria rede de distribuição da concessionária. O desenvolvimento foi realizado no âmbito do programa de P&D ANEEL dentro da Chamada Estratégica nº 22/2018 que teve como intuito impulsionar a mobilidade elétrica no país."
GDI_0685.pdf,para_blocks,1,11,text,,8,8,0.9876,"Em 2018 foi firmada uma parceria estratégica entre a ANEEL e a Agência de Cooperação Alemã (GIZ) para a organização da estruturação da Rede de Inovação do Setor Elétrico – RISE aplicada à Mobilidade Elétrica, com a intenção de promover ambientes de inovação propícios à criação de produtos tecnológicos com inserção no mercado, através de pesquisas alinhadas com o setor industrial, de modo a impulsionar a mobilidade elétrica no Brasil. Em consonância, a ANEEL lançou a Chamada de Projeto de P&D Estratégico “Desenvolvimento de Soluções em Mobilidade Elétrica Eficiente” [1], a qual tem por objetivo a apresentação de soluções para mobilidade elétrica por meio de modelos de negócio, equipamentos, tecnologias, serviços, sistemas ou infraestruturas para suporte ao desenvolvimento ou à operação dos veículos elétricos ou híbridos plug-in."
GDI_0685.pdf,preproc_blocks,1,11,text,,8,8,0.9876,"Em 2018 foi firmada uma parceria estratégica entre a ANEEL e a Agência de Cooperação Alemã (GIZ) para a organização da estruturação da Rede de Inovação do Setor Elétrico – RISE aplicada à Mobilidade Elétrica, com a intenção de promover ambientes de inovação propícios à criação de produtos tecnológicos com inserção no mercado, através de pesquisas alinhadas com o setor industrial, de modo a impulsionar a mobilidade elétrica no Brasil. Em consonância, a ANEEL lançou a Chamada de Projeto de P&D Estratégico “Desenvolvimento de Soluções em Mobilidade Elétrica Eficiente” [1], a qual tem por objetivo a apresentação de soluções para mobilidade elétrica por meio de modelos de negócio, equipamentos, tecnologias, serviços, sistemas ou infraestruturas para suporte ao desenvolvimento ou à operação dos veículos elétricos ou híbridos plug-in."
GDI_0685.pdf,para_blocks,1,12,text,,6,6,0.9868,"Neste sentido, com o intuito de contribuir para os objetivos propostos na temática da eletromobilidade no país e alcançar os resultados a que se propõe [2], a Neoenergia por meio da Elektro e demais cooperadas em parceira com o Lactec (instituto de pesquisa), com a BYD (indústria de veículos elétricos) e a com a PLE (desenvolvedora de soluções em eletroeletrônicos) propuseram a realização de um projeto de P&D para o Desenvolvimento de Caminhão Elétrico para Manutenção de Redes de Distribuição, com conjunto inteligente para o gerenciamento da recarga e sistema seguro e eficiente para recargas do veículo na própria rede da concessionária [3]."
GDI_0685.pdf,preproc_blocks,1,12,text,,6,6,0.9868,"Neste sentido, com o intuito de contribuir para os objetivos propostos na temática da eletromobilidade no país e alcançar os resultados a que se propõe [2], a Neoenergia por meio da Elektro e demais cooperadas em parceira com o Lactec (instituto de pesquisa), com a BYD (indústria de veículos elétricos) e a com a PLE (desenvolvedora de soluções em eletroeletrônicos) propuseram a realização de um projeto de P&D para o Desenvolvimento de Caminhão Elétrico para Manutenção de Redes de Distribuição, com conjunto inteligente para o gerenciamento da recarga e sistema seguro e eficiente para recargas do veículo na própria rede da concessionária [3]."
GDI_0685.pdf,para_blocks,1,13,text,,4,4,0.9789,"Desta forma, neste trabalho estão apresentadas as etapas realizadas para a implementação de inovações no caminhão elétrico comercializado internacionalmente para aplicação em manutenção de redes de distribuição, o que inclui a integração de braço hidráulico e cesto aéreo e sistema seguro e eficiente para recargas de oportunidade do veículo na própria rede de distribuição da concessionária."
GDI_0685.pdf,preproc_blocks,1,13,text,,4,4,0.9789,"Desta forma, neste trabalho estão apresentadas as etapas realizadas para a implementação de inovações no caminhão elétrico comercializado internacionalmente para aplicação em manutenção de redes de distribuição, o que inclui a integração de braço hidráulico e cesto aéreo e sistema seguro e eficiente para recargas de oportunidade do veículo na própria rede de distribuição da concessionária."
GDI_0685.pdf,para_blocks,1,16,text,,3,3,0.9744,"O veículo escolhido para as implementações necessárias ao desenvolvimento do caminhão elétrico para manutenção de redes de distribuição é o caminhão BYD modelo T7 com pack de baterias de aproximadamente 160 kW, que pode ser observado na Figura 1."
GDI_0685.pdf,preproc_blocks,1,16,text,,3,3,0.9744,"O veículo escolhido para as implementações necessárias ao desenvolvimento do caminhão elétrico para manutenção de redes de distribuição é o caminhão BYD modelo T7 com pack de baterias de aproximadamente 160 kW, que pode ser observado na Figura 1."
GDI_0685.pdf,para_blocks,2,4,text,,16,16,0.9874,"O primeiro passo no desenvolvimento de um veículo comercial de carga é a definição do Peso Bruto Total (PBT) para chassi rígido. O Peso em Ordem de Marcha (POM) do veículo em questão é de 4.750 kg, que corresponde ao peso próprio do caminhão considerando que todos os reservatórios (de expansão do sistema de arrefecimento, de óleo do sistema de direção, etc.) por exemplo estejam com pelo menos 90% de sua capacidade preenchida. Com isso, através da subtração do POM do PBT do veículo obteve-se uma carga líquida para transporte de 7.050kg (carga líquida = 11.800kg – 4.750kg) para o caminhão elétrico de manutenção de redes de distribuição. Outro fator importante a ser considerado em veículos comerciais é a distribuição de carga por eixo. O CONTRAN – Conselho Nacional de Trânsito, de acordo com a resolução n° 210 e resolução n° 211 ambas de 13/11/2006, diz que veículos da categoria do T7 com PBT de até 16.000kg permitem o peso máximo de 6.000 kg no eixo dianteiro e 10.000 kg no eixo traseiro. Assim, considerando as limitações de peso impostas pelo CONTRAN, foi realizado o estudo de distribuição de cargas considerando o conjunto caminhão (T7), carroceria e cesto aéreo (Figura 3) para o desenvolvimento do caminhão elétrico para manutenção de redes de distribuição, que apresentou como resultado que com a implementação do cesto aéreo o peso do veículo completo atinge 7.440 kg, ultrapassando o peso mínimo de 5.940 kg exigidos para estabilidade do veículo e em uma distribuição de carga por eixo que atende a especificação técnica do veículo e à norma brasileira do CONTRAN no que se refere a transferência de carga máxima ao solo, conforme pode-se verificar na Figura 2 – Conjunto caminhão, carroceria e cesto aéreo"
GDI_0685.pdf,preproc_blocks,2,4,text,,16,16,0.9874,"O primeiro passo no desenvolvimento de um veículo comercial de carga é a definição do Peso Bruto Total (PBT) para chassi rígido. O Peso em Ordem de Marcha (POM) do veículo em questão é de 4.750 kg, que corresponde ao peso próprio do caminhão considerando que todos os reservatórios (de expansão do sistema de arrefecimento, de óleo do sistema de direção, etc.) por exemplo estejam com pelo menos 90% de sua capacidade preenchida. Com isso, através da subtração do POM do PBT do veículo obteve-se uma carga líquida para transporte de 7.050kg (carga líquida = 11.800kg – 4.750kg) para o caminhão elétrico de manutenção de redes de distribuição. Outro fator importante a ser considerado em veículos comerciais é a distribuição de carga por eixo. O CONTRAN – Conselho Nacional de Trânsito, de acordo com a resolução n° 210 e resolução n° 211 ambas de 13/11/2006, diz que veículos da categoria do T7 com PBT de até 16.000kg permitem o peso máximo de 6.000 kg no eixo dianteiro e 10.000 kg no eixo traseiro. Assim, considerando as limitações de peso impostas pelo CONTRAN, foi realizado o estudo de distribuição de cargas considerando o conjunto caminhão (T7), carroceria e cesto aéreo (Figura 3) para o desenvolvimento do caminhão elétrico para manutenção de redes de distribuição, que apresentou como resultado que com a implementação do cesto aéreo o peso do veículo completo atinge 7.440 kg, ultrapassando o peso mínimo de 5.940 kg exigidos para estabilidade do veículo e em uma distribuição de carga por eixo que atende a especificação técnica do veículo e à norma brasileira do CONTRAN no que se refere a transferência de carga máxima ao solo, conforme pode-se verificar na Figura 2 – Conjunto caminhão, carroceria e cesto aéreo"
GDI_0685.pdf,para_blocks,2,5,text,,4,4,0.9795,"Tabela 1. Em relação às dimensões gerais do caminhão um pré-requisito definido foi que o mesmo tivesse a menor distância entre eixos (entre os centros dos eixos dianteiro e traseiro) possível, para assim diminuir o raio de giro e facilitar o esterçamento do caminhão em ruas estreitas. Assim, chegou-se a uma distância entre eixos de 3.850 mm obtendo um raio de giro máximo de 9.000 mm."
GDI_0685.pdf,preproc_blocks,2,5,text,,4,4,0.9795,"Tabela 1. Em relação às dimensões gerais do caminhão um pré-requisito definido foi que o mesmo tivesse a menor distância entre eixos (entre os centros dos eixos dianteiro e traseiro) possível, para assim diminuir o raio de giro e facilitar o esterçamento do caminhão em ruas estreitas. Assim, chegou-se a uma distância entre eixos de 3.850 mm obtendo um raio de giro máximo de 9.000 mm."
GDI_0685.pdf,para_blocks,3,2,text,,2,2,0.9698,"Os modelos de cesto aéreo e bomba hidráulica escolhidos foram, respectivamente, o Versalift SST-40EIH e Hybel do tipo “engrenagem”."
GDI_0685.pdf,preproc_blocks,3,2,text,,2,2,0.9698,"Os modelos de cesto aéreo e bomba hidráulica escolhidos foram, respectivamente, o Versalift SST-40EIH e Hybel do tipo “engrenagem”."
GDI_0685.pdf,para_blocks,3,4,text,,8,8,0.9878,"Com base nos equipamentos a serem implementados foram realizados estudos para o desenvolvimento de PTO para energizar o conjunto cesto aéreo e bomba hidráulica. O PTO conta com um motor elétrico de 11 kW de potência, dimensionado para atender a potência mínima exigida pelo conjunto, e 1800 rpm de rotação, considerando a vazão requerida de 21,6 L/m requerida pela bomba hidráulica. Ainda, o PTO conta com um inversor com entrada compatível com os níveis de tensão da bateria de alta tensão (Vdc), saída trifásica no nível de tensão do motor (270 Vca) e módulo de comunicação CAN compatível com a rede de comunicação do chassi, pois as funções de comando e gerenciamento da segurança da aplicação são executadas em último nível pelas centrais do caminhão, e saída trifásica no nível de tensão do motor."
GDI_0685.pdf,preproc_blocks,3,4,text,,8,8,0.9878,"Com base nos equipamentos a serem implementados foram realizados estudos para o desenvolvimento de PTO para energizar o conjunto cesto aéreo e bomba hidráulica. O PTO conta com um motor elétrico de 11 kW de potência, dimensionado para atender a potência mínima exigida pelo conjunto, e 1800 rpm de rotação, considerando a vazão requerida de 21,6 L/m requerida pela bomba hidráulica. Ainda, o PTO conta com um inversor com entrada compatível com os níveis de tensão da bateria de alta tensão (Vdc), saída trifásica no nível de tensão do motor (270 Vca) e módulo de comunicação CAN compatível com a rede de comunicação do chassi, pois as funções de comando e gerenciamento da segurança da aplicação são executadas em último nível pelas centrais do caminhão, e saída trifásica no nível de tensão do motor."
GDI_0685.pdf,para_blocks,3,5,text,,6,6,0.9873,"Para acionamento do sistema eletro hidráulico foram implementados no caminhão elétrico 2 botões (um no cesto aéreo e outro nos controles da torre), os quais enviam sinais para o inversor iniciar a energização do motor considerando quatro requisitos para o veículo: não estar com falha no chassi; velocidade igual a 0; freio de estacionamento acionado; e, marcha em Neutro. Existe ainda a possibilidade do operador após o posicionamento do cesto aéreo, desligar o sistema pelo botão contido no cesto aéreo, o que reduz o consumo de bateria de alta tensão e impacta positivamente na autonomia do veículo."
GDI_0685.pdf,preproc_blocks,3,5,text,,6,6,0.9873,"Para acionamento do sistema eletro hidráulico foram implementados no caminhão elétrico 2 botões (um no cesto aéreo e outro nos controles da torre), os quais enviam sinais para o inversor iniciar a energização do motor considerando quatro requisitos para o veículo: não estar com falha no chassi; velocidade igual a 0; freio de estacionamento acionado; e, marcha em Neutro. Existe ainda a possibilidade do operador após o posicionamento do cesto aéreo, desligar o sistema pelo botão contido no cesto aéreo, o que reduz o consumo de bateria de alta tensão e impacta positivamente na autonomia do veículo."
GDI_0685.pdf,para_blocks,3,6,text,,3,3,0.9767,"Baseado no consumo elétrico do chassi do caminhão e nas cargas auxiliares (farol, lanternas, rádio, etc.) ainda foi realizado o balanço energético e dimensionado um conversor DC/DC (potência de 2,5 kW e tensão de 28 V) para atender as características da aplicação."
GDI_0685.pdf,preproc_blocks,3,6,text,,3,3,0.9767,"Baseado no consumo elétrico do chassi do caminhão e nas cargas auxiliares (farol, lanternas, rádio, etc.) ainda foi realizado o balanço energético e dimensionado um conversor DC/DC (potência de 2,5 kW e tensão de 28 V) para atender as características da aplicação."
GDI_0685.pdf,para_blocks,3,8,text,,9,9,0.9882,"Como inovação, no projeto de P&D “Desenvolvimento de Caminhão Elétrico para Manutenção de Redes de Distribuição” foram previstas pelo veículo a realização das chamadas recargas de oportunidade na própria rede de distribuição da Neoenergia Elektro, com o intuito de possibilitar a circulação do mesmo e a realização das atividades de manutenção sem depender exclusivamente dos pontos de recarga fixos (eletropostos). Para viabilizar as recargas de oportunidade foi especificado um sistema, que conta com carregador embarcado no caminhão, um transformador, elementos de proteção e os elementos para conexão na rede de distribuição de BT da concessionária. Também foi definido procedimento seguro e adequado, com base em ensaios laboratoriais, para a execução das recargas de oportunidade. Na Figura 3 pode ser visualizado uma ilustração do sistema para recargas de oportunidade do caminhão elétrico."
GDI_0685.pdf,preproc_blocks,3,8,text,,9,9,0.9882,"Como inovação, no projeto de P&D “Desenvolvimento de Caminhão Elétrico para Manutenção de Redes de Distribuição” foram previstas pelo veículo a realização das chamadas recargas de oportunidade na própria rede de distribuição da Neoenergia Elektro, com o intuito de possibilitar a circulação do mesmo e a realização das atividades de manutenção sem depender exclusivamente dos pontos de recarga fixos (eletropostos). Para viabilizar as recargas de oportunidade foi especificado um sistema, que conta com carregador embarcado no caminhão, um transformador, elementos de proteção e os elementos para conexão na rede de distribuição de BT da concessionária. Também foi definido procedimento seguro e adequado, com base em ensaios laboratoriais, para a execução das recargas de oportunidade. Na Figura 3 pode ser visualizado uma ilustração do sistema para recargas de oportunidade do caminhão elétrico."
GDI_0685.pdf,para_blocks,3,11,text,,6,6,0.9869,"O carregador embarcado definido para a implementação é o modelo BYD de 40 kW – 380 V que permite realizar a recarga total ou parcial do veículo diretamente de secundário dos transformadores da rede de distribuição. Como o secundário dos transformadores de distribuição são trifásicos 220 V também foi necessário embarcar um transformador elevador para adequar o nível de tensão requerido para o carregador (380-220 V). Ainda, equipamentos acessórios para a conexão na rede compreendem o sistema, tais como: carretel retrátil à mola embarcado; cabo tetrapolar flexível; carretilha de sustentação; e conectores."
GDI_0685.pdf,preproc_blocks,3,11,text,,6,6,0.9869,"O carregador embarcado definido para a implementação é o modelo BYD de 40 kW – 380 V que permite realizar a recarga total ou parcial do veículo diretamente de secundário dos transformadores da rede de distribuição. Como o secundário dos transformadores de distribuição são trifásicos 220 V também foi necessário embarcar um transformador elevador para adequar o nível de tensão requerido para o carregador (380-220 V). Ainda, equipamentos acessórios para a conexão na rede compreendem o sistema, tais como: carretel retrátil à mola embarcado; cabo tetrapolar flexível; carretilha de sustentação; e conectores."
GDI_0685.pdf,para_blocks,3,12,text,,2,2,0.9688,A disponibilidade de potência na rede para as recargas de oportunidade foi objeto de estudo e resultou em metodologia própria com base na realização de simulações computacionais do sistema elétrico.
GDI_0685.pdf,preproc_blocks,3,12,text,,2,2,0.9688,A disponibilidade de potência na rede para as recargas de oportunidade foi objeto de estudo e resultou em metodologia própria com base na realização de simulações computacionais do sistema elétrico.
GDI_0685.pdf,para_blocks,4,2,text,,3,3,0.9788,"O procedimento elaborado para a conexão segura e eficiente do caminhão à rede de BT para as recargas de oportunidade foi testado e validado em laboratório e foi desenvolvido seguindo as normas e regulamentações de segurança vigentes ([4], [5])."
GDI_0685.pdf,preproc_blocks,4,2,text,,3,3,0.9788,"O procedimento elaborado para a conexão segura e eficiente do caminhão à rede de BT para as recargas de oportunidade foi testado e validado em laboratório e foi desenvolvido seguindo as normas e regulamentações de segurança vigentes ([4], [5])."
GDI_0685.pdf,para_blocks,4,6,text,,6,6,0.9875,"A fabricação de duas unidades de caminhão elétrico aconteceu na cidade de Shenzhen nas dependências da fábrica da BYD China entre o período de junho e julho de 2021, com supervisão da equipe BYD Brasil e seguiu os procedimentos estabelecidos pela fabricante no que tange às características convencionais do caminhão de “mercado” vendido. Quanto às características específicas para o atendimento às necessidades do projeto de PD foram conduzidas de forma particular e em acordo com os requisitos apresentados na seção 2.1 deste trabalho. As principais etapas de fabricação foram:"
GDI_0685.pdf,preproc_blocks,4,6,text,,6,6,0.9875,"A fabricação de duas unidades de caminhão elétrico aconteceu na cidade de Shenzhen nas dependências da fábrica da BYD China entre o período de junho e julho de 2021, com supervisão da equipe BYD Brasil e seguiu os procedimentos estabelecidos pela fabricante no que tange às características convencionais do caminhão de “mercado” vendido. Quanto às características específicas para o atendimento às necessidades do projeto de PD foram conduzidas de forma particular e em acordo com os requisitos apresentados na seção 2.1 deste trabalho. As principais etapas de fabricação foram:"
GDI_0685.pdf,para_blocks,4,12,text,,5,5,0.9842,"Montagem do sistema de alta tensão na estrutura do chassi do caminhão: responsável por fornecer energia suficiente para impulsionar o motor de tração e também por alimentar alguns componentes elétricos de baixa tensão do caminhão. A bateria é feita de ferro fosfato lítio, tem capacidade de 174 kWh e a tensão de 512V. Ela fornece energia em padrão corrente contínua, que é transformada em corrente alternada pelo controlador do motor, para alimentação do motor de tração;"
GDI_0685.pdf,preproc_blocks,4,12,text,,5,5,0.9842,"Montagem do sistema de alta tensão na estrutura do chassi do caminhão: responsável por fornecer energia suficiente para impulsionar o motor de tração e também por alimentar alguns componentes elétricos de baixa tensão do caminhão. A bateria é feita de ferro fosfato lítio, tem capacidade de 174 kWh e a tensão de 512V. Ela fornece energia em padrão corrente contínua, que é transformada em corrente alternada pelo controlador do motor, para alimentação do motor de tração;"
GDI_0685.pdf,para_blocks,4,17,text,,3,3,0.837,"Após a fabricação os veículos foram transportados para o Brasil. Na BYD Brasil foi realizada a inspeção dos veículos e aprovação quanto aos requisitos previamente definidos. N sequencia foi realizada a implementação do conjunto cesto aéreo e bomba hidráulica, do PTO (inversor, motor auxiliar) e do sistema para recargas de oportunidade."
GDI_0685.pdf,preproc_blocks,4,17,text,,3,3,0.837,"Após a fabricação os veículos foram transportados para o Brasil. Na BYD Brasil foi realizada a inspeção dos veículos e aprovação quanto aos requisitos previamente definidos. N sequencia foi realizada a implementação do conjunto cesto aéreo e bomba hidráulica, do PTO (inversor, motor auxiliar) e do sistema para recargas de oportunidade."
GDI_0685.pdf,para_blocks,5,6,text,,11,11,0.987,"Os protótipos foram submetidos em laboratório a testes de segurança, confiabilidade e autonomia. O cesto aéreo foi aprovado nos ensaios de emissão acústica (ABNT NBR 16593 [6]), estabilidade e de alta tensão (ambos ABNT NBR 16092:2018 [7]). Em ensaios para simulação das recargas de oportunidade do CE foram validados os procedimentos para conexão segura e eficiente à rede de BT. Também foram monitoradas grandezas elétricas, em etapas de pré- inicialização, início e interrupção de recarga da bateria, com carregamentos efetivos entre 15 e 35 kW, onde o carregador do CE manteve o consumo de corrente constante e não houveram valores consideráveis de potência reativa durante o carregamento (fator de potência superior a 0,92). Quanto à curva de carga da bateria verificou-se que entre 47-99% há um comportamento linear (≈2h) e entre 99-100% o carregamento ocorre de forma mais lenta (≈20min). Ainda foram avaliadas a temperatura das conexões, da carcaça do motor e do inversor durante operação do cesto aéreo, a vibração do motor, ruído interno na cabine, entre outros, e todos tiveram os requisitos atendidos e valores abaixo da especificação dos fabricantes."
GDI_0685.pdf,preproc_blocks,5,6,text,,11,11,0.987,"Os protótipos foram submetidos em laboratório a testes de segurança, confiabilidade e autonomia. O cesto aéreo foi aprovado nos ensaios de emissão acústica (ABNT NBR 16593 [6]), estabilidade e de alta tensão (ambos ABNT NBR 16092:2018 [7]). Em ensaios para simulação das recargas de oportunidade do CE foram validados os procedimentos para conexão segura e eficiente à rede de BT. Também foram monitoradas grandezas elétricas, em etapas de pré- inicialização, início e interrupção de recarga da bateria, com carregamentos efetivos entre 15 e 35 kW, onde o carregador do CE manteve o consumo de corrente constante e não houveram valores consideráveis de potência reativa durante o carregamento (fator de potência superior a 0,92). Quanto à curva de carga da bateria verificou-se que entre 47-99% há um comportamento linear (≈2h) e entre 99-100% o carregamento ocorre de forma mais lenta (≈20min). Ainda foram avaliadas a temperatura das conexões, da carcaça do motor e do inversor durante operação do cesto aéreo, a vibração do motor, ruído interno na cabine, entre outros, e todos tiveram os requisitos atendidos e valores abaixo da especificação dos fabricantes."
GDI_0685.pdf,para_blocks,6,3,text,,2,2,0.9725,"Em campo, foi realizado o monitoramento da operação dos protótipos, nas cidades de Limeira e Mairiporã no estado de São Paulo. Os veículos entraram em operação após a finalização dos testes a partir do mês de outubro de 2022."
GDI_0685.pdf,preproc_blocks,6,3,text,,2,2,0.9725,"Em campo, foi realizado o monitoramento da operação dos protótipos, nas cidades de Limeira e Mairiporã no estado de São Paulo. Os veículos entraram em operação após a finalização dos testes a partir do mês de outubro de 2022."
GDI_0685.pdf,para_blocks,6,4,text,,5,5,0.9853,"Foram realizados dois dias de monitoramento assistido, o primeiro monitoramento e acompanhamento foi realizado no caminhão elétrico e nas operações realizadas na base da NEOENERGIA ELEKTRO em Limeira/SP. A Figura 8 mostra algumas imagens do caminhão elétrico em operação nesta unidade. Durante o período de operação foram percorridos aproximadamente 75 km, com aclive máximo de 11,8% e velocidade máxima de 59 km/h, apresentando um consumo de 31,2 % da bateria do caminhão elétrico."
GDI_0685.pdf,preproc_blocks,6,4,text,,5,5,0.9853,"Foram realizados dois dias de monitoramento assistido, o primeiro monitoramento e acompanhamento foi realizado no caminhão elétrico e nas operações realizadas na base da NEOENERGIA ELEKTRO em Limeira/SP. A Figura 8 mostra algumas imagens do caminhão elétrico em operação nesta unidade. Durante o período de operação foram percorridos aproximadamente 75 km, com aclive máximo de 11,8% e velocidade máxima de 59 km/h, apresentando um consumo de 31,2 % da bateria do caminhão elétrico."
GDI_0685.pdf,para_blocks,6,9,text,,5,5,0.9823,"O segundo monitoramento e acompanhamento foi realizado no caminhão elétrico nas operações realizadas na base da NEOENERGIA ELEKTRO em Mairiporã/SP. A Figura 9 mostra algumas imagens do caminhão elétrico em operação nesta unidade. Durante o período de operação foram percorridos aproximadamente 58 km, com aclive máximo de 20,85% e velocidade máxima de 75 km/h, apresentando um consumo de 35,2 % da bateria do caminhão elétrico."
GDI_0685.pdf,preproc_blocks,6,9,text,,5,5,0.9823,"O segundo monitoramento e acompanhamento foi realizado no caminhão elétrico nas operações realizadas na base da NEOENERGIA ELEKTRO em Mairiporã/SP. A Figura 9 mostra algumas imagens do caminhão elétrico em operação nesta unidade. Durante o período de operação foram percorridos aproximadamente 58 km, com aclive máximo de 20,85% e velocidade máxima de 75 km/h, apresentando um consumo de 35,2 % da bateria do caminhão elétrico."
GDI_0685.pdf,para_blocks,6,14,text,,7,7,0.9839,"A Tabela 2 apresenta as estatísticas obtidas no período de monitoramento dos caminhões, entre outubro e novembro de 2022. É possível identificar que o caminhão de Mairiporã foi utilizado durante maior número de dias no período de outubro e novembro, consequentemente ele percorreu maior distância e teve maiores tempos totais de ignição ligada e em movimento. No entanto, ao se analisar as médias diárias, é possível notar que o tempo médio diário de ignição ligada do caminhão de Mairiporã é inferior ao de Limeira (cerca de 1h 25min) enquanto o de movimento é maior em aproximadamente 30min. Já no trajeto percorrido, as médias diárias para os dois veículos são semelhantes, de 46km e 49km respectivamente."
GDI_0685.pdf,preproc_blocks,6,14,text,,7,7,0.9839,"A Tabela 2 apresenta as estatísticas obtidas no período de monitoramento dos caminhões, entre outubro e novembro de 2022. É possível identificar que o caminhão de Mairiporã foi utilizado durante maior número de dias no período de outubro e novembro, consequentemente ele percorreu maior distância e teve maiores tempos totais de ignição ligada e em movimento. No entanto, ao se analisar as médias diárias, é possível notar que o tempo médio diário de ignição ligada do caminhão de Mairiporã é inferior ao de Limeira (cerca de 1h 25min) enquanto o de movimento é maior em aproximadamente 30min. Já no trajeto percorrido, as médias diárias para os dois veículos são semelhantes, de 46km e 49km respectivamente."
GDI_0685.pdf,para_blocks,7,4,text,,5,5,0.9147,"No caminhão de Mairiporã a maior distância percorrida foi de 210 km, levemente acima da autonomia de fábrica de 200 km. Nesse dia, o veículo se deslocou até a cidade de Campinas para passar por uma revisão na fábrica da BYD. O trajeto de ida e volta foi realizado sem recargas intermediárias e o motorista informou que o veículo retornou à base com aproximadamente 30% de carga na bateria. Essa quilometragem superior à autonomia prevista se deve, principalmente, ao freio regenerativo, bastante utilizado pois o percurso possui longos trechos de declive."
GDI_0685.pdf,preproc_blocks,7,4,text,,5,5,0.9147,"No caminhão de Mairiporã a maior distância percorrida foi de 210 km, levemente acima da autonomia de fábrica de 200 km. Nesse dia, o veículo se deslocou até a cidade de Campinas para passar por uma revisão na fábrica da BYD. O trajeto de ida e volta foi realizado sem recargas intermediárias e o motorista informou que o veículo retornou à base com aproximadamente 30% de carga na bateria. Essa quilometragem superior à autonomia prevista se deve, principalmente, ao freio regenerativo, bastante utilizado pois o percurso possui longos trechos de declive."
GDI_0685.pdf,para_blocks,7,5,text,,3,3,0.9577,"A maior distância percorrida em um dia pelo caminhão de Limeira foi de 103 km, bem abaixo da autonomia do veículo. De maneira geral, a média de quilômetros percorridos durante os dois meses pelos dois caminhões foi de 48 km/dia, o que é bem inferior a autonomia prevista."
GDI_0685.pdf,preproc_blocks,7,5,text,,3,3,0.9577,"A maior distância percorrida em um dia pelo caminhão de Limeira foi de 103 km, bem abaixo da autonomia do veículo. De maneira geral, a média de quilômetros percorridos durante os dois meses pelos dois caminhões foi de 48 km/dia, o que é bem inferior a autonomia prevista."
GDI_0685.pdf,para_blocks,7,7,text,,7,7,0.988,"O desenvolvimento do caminhão elétrico para utilização em serviços de manutenção de redes de distribuição de energia foi concluído com sucesso, os veículos estão em operação há mais de seis meses e sua utilização foi incorporada junto a frota da concessionária. A autonomia da bateria atendeu às necessidades de todos os percursos e atividades, não sendo relatado nenhum problema quanto a este quesito. Os resultados apresentados foram satisfatórios e indicam que o caminhão elétrico com carregador embarcado, desenvolvido para manutenção de rede de distribuição de energia, atende aos parâmetros fornecidos pelos fabricantes para os componentes preestabelecidos no escopo do projeto."
GDI_0685.pdf,preproc_blocks,7,7,text,,7,7,0.988,"O desenvolvimento do caminhão elétrico para utilização em serviços de manutenção de redes de distribuição de energia foi concluído com sucesso, os veículos estão em operação há mais de seis meses e sua utilização foi incorporada junto a frota da concessionária. A autonomia da bateria atendeu às necessidades de todos os percursos e atividades, não sendo relatado nenhum problema quanto a este quesito. Os resultados apresentados foram satisfatórios e indicam que o caminhão elétrico com carregador embarcado, desenvolvido para manutenção de rede de distribuição de energia, atende aos parâmetros fornecidos pelos fabricantes para os componentes preestabelecidos no escopo do projeto."
GDI_0685.pdf,para_blocks,7,8,text,,5,5,0.9861,"Ao se avaliar os dados da telemetria dos caminhões é possível concluir que os veículos estão sendo utilizados na operação cotidiana das bases. O veículo de Mairiporã chegou a percorrer uma distância de 210 km em um único dia, sem necessitar de recargas intermediárias e retornando a base com aproximadamente 30% de bateria. De forma geral, os veículos percorreram distâncias de aproximadamente 50 km por dia para o período avaliado, o que é bem inferior a autonomia de fábrica de 200km."
GDI_0685.pdf,preproc_blocks,7,8,text,,5,5,0.9861,"Ao se avaliar os dados da telemetria dos caminhões é possível concluir que os veículos estão sendo utilizados na operação cotidiana das bases. O veículo de Mairiporã chegou a percorrer uma distância de 210 km em um único dia, sem necessitar de recargas intermediárias e retornando a base com aproximadamente 30% de bateria. De forma geral, os veículos percorreram distâncias de aproximadamente 50 km por dia para o período avaliado, o que é bem inferior a autonomia de fábrica de 200km."
GDI_0685.pdf,para_blocks,7,9,text,,5,5,0.9844,"Os usuários dos caminhões (eletricistas, operadores e motoristas) apontaram que a utilização dos veículos é simples e muito eficiente, e citaram que o fato do caminhão elétrico não fazer barulho é um ganho em termos de qualidade de trabalho. Como benefícios para a concessionária, pode-se citar a redução de emissões de gases combustíveis no meio ambiente em função da utilização de motor elétrico para o caminhão ao invés de motor a diesel e a redução no número de manutenções previstas para os veículos."
GDI_0685.pdf,preproc_blocks,7,9,text,,5,5,0.9844,"Os usuários dos caminhões (eletricistas, operadores e motoristas) apontaram que a utilização dos veículos é simples e muito eficiente, e citaram que o fato do caminhão elétrico não fazer barulho é um ganho em termos de qualidade de trabalho. Como benefícios para a concessionária, pode-se citar a redução de emissões de gases combustíveis no meio ambiente em função da utilização de motor elétrico para o caminhão ao invés de motor a diesel e a redução no número de manutenções previstas para os veículos."
GDI_0685.pdf,para_blocks,7,11,text,,5,5,0.984,"Os autores expressam seu agradecimento aos profissionais da Neoenergia Elektro e do grupo Neoenergia, do Instituto de Pesquisa para o Desenvolvimento – LACTEC, BYD Brasil e à Agência Nacional de Energia Elétrica ANEEL pela motivação, colaboração e incentivo recebidos para o desenvolvimento deste trabalho, que é parte integrante de um projeto de Pesquisa e Desenvolvimento ANEEL, intitulado ""PD-00385-0069/2019 Desenvolvimento de caminhão elétrico para manutenção de redes de distribuição de energia”."
GDI_0685.pdf,preproc_blocks,7,11,text,,5,5,0.984,"Os autores expressam seu agradecimento aos profissionais da Neoenergia Elektro e do grupo Neoenergia, do Instituto de Pesquisa para o Desenvolvimento – LACTEC, BYD Brasil e à Agência Nacional de Energia Elétrica ANEEL pela motivação, colaboração e incentivo recebidos para o desenvolvimento deste trabalho, que é parte integrante de um projeto de Pesquisa e Desenvolvimento ANEEL, intitulado ""PD-00385-0069/2019 Desenvolvimento de caminhão elétrico para manutenção de redes de distribuição de energia”."
GDI_0685.pdf,para_blocks,7,13,text,,4,5,0.9748,[1] ANEEL. (2019). Agência abre chamada de P&D estratégico sobre Mobilidade Elétrica Eficiente [Online]. Agência Nacional de Energia Elétrica. Available: http://www.aneel.gov.br/sala-de-imprensa-exibicao-2/- /asset_publisher/zXQREz8EVlZ6/content/agencia-abre-chamada-de-p-d-estrategico-sobre-mobilidade-eletrica- eficiente/656877?inheritRedirect=false. Acessado em 29 de Julho 2020.
GDI_0685.pdf,preproc_blocks,7,13,text,,4,5,0.9748,[1] ANEEL. (2019). Agência abre chamada de P&D estratégico sobre Mobilidade Elétrica Eficiente [Online]. Agência Nacional de Energia Elétrica. Available: http://www.aneel.gov.br/sala-de-imprensa-exibicao-2/- /asset_publisher/zXQREz8EVlZ6/content/agencia-abre-chamada-de-p-d-estrategico-sobre-mobilidade-eletrica- eficiente/656877?inheritRedirect=false. Acessado em 29 de Julho 2020.
GDI_0685.pdf,para_blocks,7,14,text,,4,4,0.9743,"[2] NEOENERGIA. Com o objetivo de contribuir para a descarbonização, companhia está ampliando infraestrutura de recarga de veículos elétricos nas suas áreas de atuação. Neoenergia, 2023. Disponivel em: <https://www.neoenergia.com/pt-br/te-interessa/inovacao/Paginas/mobilidade-eletrica.aspx>. Acesso em: 14 jun. 2023."
GDI_0685.pdf,preproc_blocks,7,14,text,,4,4,0.9743,"[2] NEOENERGIA. Com o objetivo de contribuir para a descarbonização, companhia está ampliando infraestrutura de recarga de veículos elétricos nas suas áreas de atuação. Neoenergia, 2023. Disponivel em: <https://www.neoenergia.com/pt-br/te-interessa/inovacao/Paginas/mobilidade-eletrica.aspx>. Acesso em: 14 jun. 2023."
GDI_0685.pdf,para_blocks,8,2,ref_text,,2,2,0.9549,"[3] NEOENERGIA ELEKTRO. Relatório final do projeto “Desenvolvimento de Caminhão Elétrico para Manutenção de Redes de Distribuição de Energia”. Neoenergia Elektro, 2023."
GDI_0685.pdf,preproc_blocks,8,2,ref_text,,2,2,0.9549,"[3] NEOENERGIA ELEKTRO. Relatório final do projeto “Desenvolvimento de Caminhão Elétrico para Manutenção de Redes de Distribuição de Energia”. Neoenergia Elektro, 2023."
GDI_0685.pdf,para_blocks,8,3,ref_text,,2,2,0.9548,"[4] ASSOCIAÇÃO BRASILEIRA DE NORMAS TÉCNICAS. ABNT NBR 5370: Conectores de cobre para condutores elétricos em sistemas de potência, p. 12, 1990."
GDI_0685.pdf,preproc_blocks,8,3,ref_text,,2,2,0.9548,"[4] ASSOCIAÇÃO BRASILEIRA DE NORMAS TÉCNICAS. ABNT NBR 5370: Conectores de cobre para condutores elétricos em sistemas de potência, p. 12, 1990."
GDI_0685.pdf,para_blocks,8,4,ref_text,,2,2,0.9524,"[5] ELEKTRO Eletricidade e Serviços S.A.. ELEKTRO ND.34: Especificação de conectores para redes de distribuição de energia elétrica. Campinas, p.36, 2015."
GDI_0685.pdf,preproc_blocks,8,4,ref_text,,2,2,0.9524,"[5] ELEKTRO Eletricidade e Serviços S.A.. ELEKTRO ND.34: Especificação de conectores para redes de distribuição de energia elétrica. Campinas, p.36, 2015."
GDI_0685.pdf,para_blocks,8,5,ref_text,,2,2,0.9533,"[6] ASSOCIAÇÃO BRASILEIRA DE NORMAS TÉCNICAS. ABNT NBR 16593: Ensaio não destrutivo - Emissão acústica - Procedimento para ensaio em cestas aéreas isoladas e não isoladas, 2017."
GDI_0685.pdf,preproc_blocks,8,5,ref_text,,2,2,0.9533,"[6] ASSOCIAÇÃO BRASILEIRA DE NORMAS TÉCNICAS. ABNT NBR 16593: Ensaio não destrutivo - Emissão acústica - Procedimento para ensaio em cestas aéreas isoladas e não isoladas, 2017."
GDI_0685.pdf,para_blocks,8,6,ref_text,,2,2,0.95,"[7] ASSOCIAÇÃO BRASILEIRA DE NORMAS TÉCNICAS. ABNT NBR 16092: Cestas aéreas - Especificações e ensaios, 2018."
GDI_0685.pdf,preproc_blocks,8,6,ref_text,,2,2,0.95,"[7] ASSOCIAÇÃO BRASILEIRA DE NORMAS TÉCNICAS. ABNT NBR 16092: Cestas aéreas - Especificações e ensaios, 2018."
GDI_0685.pdf,para_blocks,9,4,text,,9,9,0.9878,"(1) ANA PAULA OENING Graduada em Matemática Industrial (2004), mestrado na área de otimização não linear (2006) e doutorado na área de previsão de carga (2014), obtidos na Universidade Federal do Paraná. Pesquisadora do Lactec - Instituto de Tecnologia para o Desenvolvimento, na área de Sistemas Elétricos e professora no Mestrado Profissional em Desenvolvimento de Tecnologia. Atua no desenvolvimento de propostas, negociação, gerência e execução de projetos de Pesquisa & Desenvolvimento e consultorias. Tem experiências nas áreas de planejamento e operação de sistemas de energia elétrica, mercado e comercialização de energia, análise de viabilidade econômica, pesquisa operacional, otimização, inteligência computacional e previsão de séries temporais."
GDI_0685.pdf,preproc_blocks,9,4,text,,9,9,0.9878,"(1) ANA PAULA OENING Graduada em Matemática Industrial (2004), mestrado na área de otimização não linear (2006) e doutorado na área de previsão de carga (2014), obtidos na Universidade Federal do Paraná. Pesquisadora do Lactec - Instituto de Tecnologia para o Desenvolvimento, na área de Sistemas Elétricos e professora no Mestrado Profissional em Desenvolvimento de Tecnologia. Atua no desenvolvimento de propostas, negociação, gerência e execução de projetos de Pesquisa & Desenvolvimento e consultorias. Tem experiências nas áreas de planejamento e operação de sistemas de energia elétrica, mercado e comercialização de energia, análise de viabilidade econômica, pesquisa operacional, otimização, inteligência computacional e previsão de séries temporais."
GDI_0685.pdf,para_blocks,9,5,text,,7,7,0.9874,"(2) SIGNIE LAUREANO FRANÇA SANTOS Possui graduação em Engenharia Elétrica com ênfase em Eletrotécnica, mestrado em Engenharia Elétrica com ênfase em Sistemas de Potência e doutorado em Engenharia e Ciência de Materiais, na Universidade Federal do Paraná (UFPR). Atualmente é Pesquisadora Plena do Lactec e Docente nos cursos de graduação em Engenharia na FAE Centro Universitário. Tem experiência na área de Engenharia Elétrica no desenvolvimento de propostas, negociação, gerência e execução de projetos de Pesquisa & Desenvolvimento (PD ANEEL), com ênfase nas áreas de Redes de Distribuição e Transmissão de Energia, Equipamentos de AT, Eletromobilidade, Energias Renováveis e Simulação Computacional de Transitórios e Campos Eletromagnéticos."
GDI_0685.pdf,preproc_blocks,9,5,text,,7,7,0.9874,"(2) SIGNIE LAUREANO FRANÇA SANTOS Possui graduação em Engenharia Elétrica com ênfase em Eletrotécnica, mestrado em Engenharia Elétrica com ênfase em Sistemas de Potência e doutorado em Engenharia e Ciência de Materiais, na Universidade Federal do Paraná (UFPR). Atualmente é Pesquisadora Plena do Lactec e Docente nos cursos de graduação em Engenharia na FAE Centro Universitário. Tem experiência na área de Engenharia Elétrica no desenvolvimento de propostas, negociação, gerência e execução de projetos de Pesquisa & Desenvolvimento (PD ANEEL), com ênfase nas áreas de Redes de Distribuição e Transmissão de Energia, Equipamentos de AT, Eletromobilidade, Energias Renováveis e Simulação Computacional de Transitórios e Campos Eletromagnéticos."
GDI_0685.pdf,para_blocks,9,6,text,,4,4,0.9809,"(3) NATAN BARBIZAN Possui Pós-Graduação em Engenharia Mecânica pelo Centro Universitário Salesiano de São Paulo – UNISAL (2021). Atualmente é Engenheiro Projetista Sênior - BYD do Brasil. Tem experiência na área de Engenharia Mecânica, com ênfase em Pesquisa e Desenvolvimento. Possui 13 anos de experiência na Indústria Automóvel Pesada (ônibus e caminhões)."
GDI_0685.pdf,preproc_blocks,9,6,text,,4,4,0.9809,"(3) NATAN BARBIZAN Possui Pós-Graduação em Engenharia Mecânica pelo Centro Universitário Salesiano de São Paulo – UNISAL (2021). Atualmente é Engenheiro Projetista Sênior - BYD do Brasil. Tem experiência na área de Engenharia Mecânica, com ênfase em Pesquisa e Desenvolvimento. Possui 13 anos de experiência na Indústria Automóvel Pesada (ônibus e caminhões)."
GDI_0685.pdf,para_blocks,9,7,text,,7,7,0.9874,"(4) LEONARDO LOMBARDO FERREIRA Assistente de Engenharia Sênior na BYD do Brasil.Estudante de engenharia elétrica com 3 anos de experiência no ramo de manutenção elétrica e 1 ano em vendas técnicas. Entusiasta em diversos segmentos como: manutenções elétricas, infraestrutura e engenharia, projetos elétricos, geração e distribuição de energia, I.A, automação industrial.Formação acadêmicaUniversidade Anhanguera - Bacharelado em engenharia elétrica (2020 - 2024);SENAI São Paulo - Técnico em mecatrônica (2013 - 2015);SENAI São Paulo - Eletricista de manutenção (2011 - 2013).ExperiênciaBYD do Brasil - 2021 - AtualmenteBosch Brasil - Estagiario - 2019 a 2021 GE Grid Solutions - Estagiario - 2018 a 2019,"
GDI_0685.pdf,preproc_blocks,9,7,text,,7,7,0.9874,"(4) LEONARDO LOMBARDO FERREIRA Assistente de Engenharia Sênior na BYD do Brasil.Estudante de engenharia elétrica com 3 anos de experiência no ramo de manutenção elétrica e 1 ano em vendas técnicas. Entusiasta em diversos segmentos como: manutenções elétricas, infraestrutura e engenharia, projetos elétricos, geração e distribuição de energia, I.A, automação industrial.Formação acadêmicaUniversidade Anhanguera - Bacharelado em engenharia elétrica (2020 - 2024);SENAI São Paulo - Técnico em mecatrônica (2013 - 2015);SENAI São Paulo - Eletricista de manutenção (2011 - 2013).ExperiênciaBYD do Brasil - 2021 - AtualmenteBosch Brasil - Estagiario - 2019 a 2021 GE Grid Solutions - Estagiario - 2018 a 2019,"
GDI_0685.pdf,para_blocks,9,8,text,,6,6,0.9865,"(5) EDEMIR LUIZ KOWALSKI Possui graduação em Física pela Universidade Federal do Paraná (1994), Mestrado em Engenharia e Ciência dos Materiais pela Universidade Federal do Paraná (2003) e Doutorado em Engenharia e Ciência dos Materiais pela Universidade Federal do Paraná (2006). Atualmente é professor associado nível IV da Universidade Federal do Paraná e Pesquisador do LACTEC. Tem experiência na área de Física, com ênfase em Materiais Dielétricos e Propriedades Dielétricas, atuando principalmente nos seguintes temas: borracha natural, ensaios em ferramentas de linha viva, equipamentos de proteção individual e coletiva, linha viva e isolantes elétricos."
GDI_0685.pdf,preproc_blocks,9,8,text,,6,6,0.9865,"(5) EDEMIR LUIZ KOWALSKI Possui graduação em Física pela Universidade Federal do Paraná (1994), Mestrado em Engenharia e Ciência dos Materiais pela Universidade Federal do Paraná (2003) e Doutorado em Engenharia e Ciência dos Materiais pela Universidade Federal do Paraná (2006). Atualmente é professor associado nível IV da Universidade Federal do Paraná e Pesquisador do LACTEC. Tem experiência na área de Física, com ênfase em Materiais Dielétricos e Propriedades Dielétricas, atuando principalmente nos seguintes temas: borracha natural, ensaios em ferramentas de linha viva, equipamentos de proteção individual e coletiva, linha viva e isolantes elétricos."
GDI_0685.pdf,para_blocks,9,9,text,,7,7,0.9866,"(6) GUILHERME RACHELLE HERNASKI Graduação em Engenharia Elétrica e mestrado em Engenharia e Ciências pela Universidade Federal do Paraná (2013). Atualmente é pesquisador do Instituto Lactec. Tem experiência na área de engenharia elétrica e materiais, com ênfase para o desenvolvimento de projetos de pesquisa e desenvolvimento e ensaios em laboratório, atuando principalmente nos seguintes temas: procedimentos para manutenção em redes de distribuição e transmissão, desenvolvimento de ferramentas e equipamentos para aplicação no setor elétrico, ensaios elétricos em alta tensão para equipamentos e ferramentas utilizadas pelo setor elétrico, mobilidade elétrica e energias renováveis."
GDI_0685.pdf,preproc_blocks,9,9,text,,7,7,0.9866,"(6) GUILHERME RACHELLE HERNASKI Graduação em Engenharia Elétrica e mestrado em Engenharia e Ciências pela Universidade Federal do Paraná (2013). Atualmente é pesquisador do Instituto Lactec. Tem experiência na área de engenharia elétrica e materiais, com ênfase para o desenvolvimento de projetos de pesquisa e desenvolvimento e ensaios em laboratório, atuando principalmente nos seguintes temas: procedimentos para manutenção em redes de distribuição e transmissão, desenvolvimento de ferramentas e equipamentos para aplicação no setor elétrico, ensaios elétricos em alta tensão para equipamentos e ferramentas utilizadas pelo setor elétrico, mobilidade elétrica e energias renováveis."
GDI_0685.pdf,para_blocks,9,10,text,,7,7,0.987,"(7) EDUARDO CASARIN Bacharel em Engenharia Mecânica pela Escola de Engenharia de Piracicaba (EEP/FUMEP - 2004), Pós Graduado em Administração Industrial (2007) e Logística Empresarial (2009) pelo Instituto Nacional de Pós Graduação (INPG), Pós Graduado em Metodologia de Educação a Distância (2012) pelo Centro Universitário Claretiano de Batatais (CEUCLAR), Pós Graduado em Gestão de Projetos pela Universidad Europea del Atlántico (ESP 2019) e Mestrado Profissional em Desenvolvimento de Tecnologia (LACTEC/IEP - 2022). Atualmente é Engenheiro de Frota Sênior na Neoenergia Elektro, coordenador do curso de Bacharelado em Engenharia Mecânica do Centro Universitário Claretiano de Rio Claro e docente na mesma instituição."
GDI_0685.pdf,preproc_blocks,9,10,text,,7,7,0.987,"(7) EDUARDO CASARIN Bacharel em Engenharia Mecânica pela Escola de Engenharia de Piracicaba (EEP/FUMEP - 2004), Pós Graduado em Administração Industrial (2007) e Logística Empresarial (2009) pelo Instituto Nacional de Pós Graduação (INPG), Pós Graduado em Metodologia de Educação a Distância (2012) pelo Centro Universitário Claretiano de Batatais (CEUCLAR), Pós Graduado em Gestão de Projetos pela Universidad Europea del Atlántico (ESP 2019) e Mestrado Profissional em Desenvolvimento de Tecnologia (LACTEC/IEP - 2022). Atualmente é Engenheiro de Frota Sênior na Neoenergia Elektro, coordenador do curso de Bacharelado em Engenharia Mecânica do Centro Universitário Claretiano de Rio Claro e docente na mesma instituição."
GDI_0685.pdf,para_blocks,9,11,text,,3,3,0.9738,"(8) AMANDA CORTEZ Engenheira eletricista com ênfase em sistemas elétricos de potência pela Universidade Federal de Itajubá (2014), possui MBA em Gestão Empresarial pela Fundação Getúlio Vargas (2021).Atua no setor elétrico desde 2014."
GDI_0685.pdf,preproc_blocks,9,11,text,,3,3,0.9738,"(8) AMANDA CORTEZ Engenheira eletricista com ênfase em sistemas elétricos de potência pela Universidade Federal de Itajubá (2014), possui MBA em Gestão Empresarial pela Fundação Getúlio Vargas (2021).Atua no setor elétrico desde 2014."
GGH9.pdf,discarded_blocks,1,1,header,,5,5,0.9636,XXIIISNPTEE Samirsáulo Nectonal de Produçião B Trananbsão de Enargla Bétrioa 16 a 21 de cukbro de Z016 | Foedo lguepa | PR
GGH9.pdf,discarded_blocks,1,2,header,,5,5,0.9728,XXIII SNPTEE SEMINÁRIO NACIONAL DE PRODUÇÃO E TRANSMISSÃO DE ENERGIA ELÉTRICA
GGH9.pdf,discarded_blocks,1,3,header,,3,3,0.9659,FI/GGH/09 18 a 21 de Outubro de 2015 Foz do Iguaçu - PR
GGH9.pdf,para_blocks,1,7,text,,2,2,0.9657,Cornelis J. V. D. Poel Filho (*) ALSTOM ENERGIAS RENOVÁVEIS LTDA
GGH9.pdf,preproc_blocks,1,7,text,,2,2,0.9657,Cornelis J. V. D. Poel Filho (*) ALSTOM ENERGIAS RENOVÁVEIS LTDA
GGH9.pdf,para_blocks,1,8,text,,2,2,0.958,Marco A. P. Santos ALSTOM ENERGIAS RENOVÁVEIS LTDA
GGH9.pdf,preproc_blocks,1,8,text,,2,2,0.958,Marco A. P. Santos ALSTOM ENERGIAS RENOVÁVEIS LTDA
GGH9.pdf,para_blocks,1,9,text,,2,2,0.9623,Marcos V. D. Silva ALSTOM ENERGIAS RENOVÁVEIS LTDA
GGH9.pdf,preproc_blocks,1,9,text,,2,2,0.9623,Marcos V. D. Silva ALSTOM ENERGIAS RENOVÁVEIS LTDA
GGH9.pdf,para_blocks,1,10,text,,2,2,0.9581,Wilian C. D. Oliveira ALSTOM ENERGIAS RENOVÁVEIS LTDA
GGH9.pdf,preproc_blocks,1,10,text,,2,2,0.9581,Wilian C. D. Oliveira ALSTOM ENERGIAS RENOVÁVEIS LTDA
GGH9.pdf,para_blocks,1,12,abstract,,7,7,0.9681,"A manutenção contínua é essencial à disponibilidade das usinas para geração, porém, mesmo se realizada diligentemente, não evitará o envelhecimento das plantas. Para assegurar o desempenho no longo prazo, há a necessidade de uma reforma ou modernização. Essas intervenções requerem paradas de operação, significando perdas de produção e receitas. Reduzir estas paradas significa melhorar a relação de custo-benefício do investimento. O presente artigo abordará o conceito de pit-stop aplicado às reformas e modernizações. Será apresentado um estudo de caso onde a estratégia de pit-stop possibilitou reduzir o tempo de parada em aproximadamente 45% quando comparado a métodos tradicionais."
GGH9.pdf,preproc_blocks,1,12,abstract,,7,7,0.9681,"A manutenção contínua é essencial à disponibilidade das usinas para geração, porém, mesmo se realizada diligentemente, não evitará o envelhecimento das plantas. Para assegurar o desempenho no longo prazo, há a necessidade de uma reforma ou modernização. Essas intervenções requerem paradas de operação, significando perdas de produção e receitas. Reduzir estas paradas significa melhorar a relação de custo-benefício do investimento. O presente artigo abordará o conceito de pit-stop aplicado às reformas e modernizações. Será apresentado um estudo de caso onde a estratégia de pit-stop possibilitou reduzir o tempo de parada em aproximadamente 45% quando comparado a métodos tradicionais."
GGH9.pdf,para_blocks,1,16,text,,17,17,0.9824,"Usinas hidrelétricas precisam de uma manutenção contínua para assegurar elevados níveis de disponibilidade e geração de energia. Entretanto, mesmo os mais cuidadosos e diligentes programas de manutenção não evitarão o envelhecimento da usina e de seus equipamentos. Após anos de operação, não haverá manutenções nem intervenções maiores de revisão capazes de manter o desempenho dos equipamentos igual ao original e nem em níveis lucrativos. Este é o momento em que uma reforma mais ampla ou modernização será necessária. Modernizações têm a vantagem de proporcionar um ganho de desempenho ao equipamento, enquanto que uma reforma tem o objetivo de recuperar o desempenho original. Modernizações são possíveis devido às evoluções tecnológicas que ocorrem com o passar do tempo e ao serem realizadas, utiliza-se o estado-da-arte do(s) equipamento(s) envolvido(s) – ver Figura 1. Assumindo que a operação e manutenção de uma usina seguem boas práticas, o momento em que será necessária uma reforma ou modernização dependerá do equipamento específico. Por exemplo, sistemas eletrônicos e reguladores ficam obsoletos rapidamente e podem necessitar de uma modernização em tempos tão breves como 5 (cinco) ou 10 (dez) anos. Quando se trata de turbinas ou geradores, este tempo pode ser entre 20 (vinte) e 30 (trinta) anos ou até mais. Em qualquer caso, há redução de desempenho operacional dos equipamentos, seja por sua vida útil, seja pela obsolescência tecnológica, o que em algum momento demandará uma ação de intervenção mais completa. Para o investidor, este é um momento crítico porque uma reforma ou modernização é um serviço que requer investimentos significativos e sua execução tipicamente requer paradas de operação, significando perda de produção de energia e de receitas."
GGH9.pdf,preproc_blocks,1,16,text,,17,17,0.9824,"Usinas hidrelétricas precisam de uma manutenção contínua para assegurar elevados níveis de disponibilidade e geração de energia. Entretanto, mesmo os mais cuidadosos e diligentes programas de manutenção não evitarão o envelhecimento da usina e de seus equipamentos. Após anos de operação, não haverá manutenções nem intervenções maiores de revisão capazes de manter o desempenho dos equipamentos igual ao original e nem em níveis lucrativos. Este é o momento em que uma reforma mais ampla ou modernização será necessária. Modernizações têm a vantagem de proporcionar um ganho de desempenho ao equipamento, enquanto que uma reforma tem o objetivo de recuperar o desempenho original. Modernizações são possíveis devido às evoluções tecnológicas que ocorrem com o passar do tempo e ao serem realizadas, utiliza-se o estado-da-arte do(s) equipamento(s) envolvido(s) – ver Figura 1. Assumindo que a operação e manutenção de uma usina seguem boas práticas, o momento em que será necessária uma reforma ou modernização dependerá do equipamento específico. Por exemplo, sistemas eletrônicos e reguladores ficam obsoletos rapidamente e podem necessitar de uma modernização em tempos tão breves como 5 (cinco) ou 10 (dez) anos. Quando se trata de turbinas ou geradores, este tempo pode ser entre 20 (vinte) e 30 (trinta) anos ou até mais. Em qualquer caso, há redução de desempenho operacional dos equipamentos, seja por sua vida útil, seja pela obsolescência tecnológica, o que em algum momento demandará uma ação de intervenção mais completa. Para o investidor, este é um momento crítico porque uma reforma ou modernização é um serviço que requer investimentos significativos e sua execução tipicamente requer paradas de operação, significando perda de produção de energia e de receitas."
GGH9.pdf,discarded_blocks,1,17,footer,,2,2,0.9565,"(*) Av. Charles Schneider, s/n˚ – CEP 12.040-001 Taubaté, SP, Brasil. Tel: (+55 12) 3608-3029 – Fax: (+55 12) 3608-3192 – Email: cornelis.poel@power.alstom.com"
GGH9.pdf,para_blocks,2,4,text,,7,7,0.9855,"Este artigo abordará estratégias de intervenção para reformas ou modernizações cujo foco é a redução do tempo de parada da unidade geradora, as quais, inspiradas na prática de Fórmula 1, são denominadas de “Pit Stop”. Na seção 2 será dada uma visão geral sobre os custos envolvidos na reforma de uma hidrelétrica. Os fundamentos da estratégia de “Pit Stop” serão apresentados na seção 3. Na seção 4, será detalhado um estudo de caso de “Pit Stop” aplicado à reforma de um gerador de 13MVA na usina de Río Piedras na Colômbia. Outros resultados positivos obtidos em reformas com uso do “Pit Stop” serão apresentados na seção 5. Por fim, na seção 6 haverá a conclusão deste artigo."
GGH9.pdf,preproc_blocks,2,4,text,,7,7,0.9855,"Este artigo abordará estratégias de intervenção para reformas ou modernizações cujo foco é a redução do tempo de parada da unidade geradora, as quais, inspiradas na prática de Fórmula 1, são denominadas de “Pit Stop”. Na seção 2 será dada uma visão geral sobre os custos envolvidos na reforma de uma hidrelétrica. Os fundamentos da estratégia de “Pit Stop” serão apresentados na seção 3. Na seção 4, será detalhado um estudo de caso de “Pit Stop” aplicado à reforma de um gerador de 13MVA na usina de Río Piedras na Colômbia. Outros resultados positivos obtidos em reformas com uso do “Pit Stop” serão apresentados na seção 5. Por fim, na seção 6 haverá a conclusão deste artigo."
GGH9.pdf,para_blocks,2,6,text,,6,6,0.9854,"Assim como um novo projeto, uma reforma ou modernização é um investimento que deverá se justificar pelo adequado retorno do investimento. Conforme dito anteriormente, uma reforma ou modernização não é um serviço de baixo investimento, pois não está relacionado apenas aos novos itens a serem adquiridos ou serviços de recuperação, mas também à necessidade da retirada temporária do equipamento da operação, gerando indisponibilidade de geração e perda de receita. Desse modo, conforme indicado na Figura 2, o custo total de uma reforma será a soma do preço do serviço mais a perda de receita."
GGH9.pdf,preproc_blocks,2,6,text,,6,6,0.9854,"Assim como um novo projeto, uma reforma ou modernização é um investimento que deverá se justificar pelo adequado retorno do investimento. Conforme dito anteriormente, uma reforma ou modernização não é um serviço de baixo investimento, pois não está relacionado apenas aos novos itens a serem adquiridos ou serviços de recuperação, mas também à necessidade da retirada temporária do equipamento da operação, gerando indisponibilidade de geração e perda de receita. Desse modo, conforme indicado na Figura 2, o custo total de uma reforma será a soma do preço do serviço mais a perda de receita."
GGH9.pdf,para_blocks,2,9,text,,13,13,0.9767,"A perda de receita, devido ao tempo de máquina parada, tem um peso significante, se não o maior, no custo total para o investidor. A complexidade de intervenção é um fator agravante nestes casos. Por exemplo, turbinas de pequeno e médio porte operando em águas com níveis extraordinários de sedimentos sofrem desgaste extremos em todas as suas partes. A recuperação nesses casos pode levar mais de 30 (trinta) dias de solda e ajuste mais o tempo de desmontagem/montagem e transporte para uma fábrica, se necessário. Nessa situação, se 10 (dez) a 15 (quinze) dias de perda de receitas equivalerem ao preço de uma nova roda de turbina, valerá mais a pena investir na compra da nova roda e realizar uma parada rápida somente para troca da roda do que realizar o serviço de menor preço de recuperação da turbina existente em campo. A situação pode ser bastante onerosa também no caso de turbinas de maior porte e/ou em localidades mais remotas, principalmente em unidades mais antigas, pois os processos de desmontagem/montagem e transporte de todas as partes para uma fábrica podem levar a meses de indisponibilidade de uma grande capacidade instalada de geração. Tudo se torna uma questão de análise completa do cenário de qualidade, custo e prazo. Desta forma, é importante buscar estratégias que minimizem as paradas, mesmo que o investimento no serviço em si possa ficar maior."
GGH9.pdf,preproc_blocks,2,9,text,,5,5,0.9767,"A perda de receita, devido ao tempo de máquina parada, tem um peso significante, se não o maior, no custo total para o investidor. A complexidade de intervenção é um fator agravante nestes casos. Por exemplo, turbinas de pequeno e médio porte operando em águas com níveis extraordinários de sedimentos sofrem desgaste extremos em todas as suas partes. A recuperação nesses casos pode levar mais de 30 (trinta) dias de solda e ajuste mais o tempo de desmontagem/montagem e transporte para uma fábrica, se necessário. Nessa situação, se 10 (dez) a 15"
GGH9.pdf,preproc_blocks,3,2,text,,8,8,0.988,"(quinze) dias de perda de receitas equivalerem ao preço de uma nova roda de turbina, valerá mais a pena investir na compra da nova roda e realizar uma parada rápida somente para troca da roda do que realizar o serviço de menor preço de recuperação da turbina existente em campo. A situação pode ser bastante onerosa também no caso de turbinas de maior porte e/ou em localidades mais remotas, principalmente em unidades mais antigas, pois os processos de desmontagem/montagem e transporte de todas as partes para uma fábrica podem levar a meses de indisponibilidade de uma grande capacidade instalada de geração. Tudo se torna uma questão de análise completa do cenário de qualidade, custo e prazo. Desta forma, é importante buscar estratégias que minimizem as paradas, mesmo que o investimento no serviço em si possa ficar maior."
GGH9.pdf,para_blocks,3,3,text,,7,7,0.9866,"Visando o melhor retorno do investimento, é imprescindível que se avalie todas as oportunidades relacionadas ao serviço a ser realizado, desde o escopo em si, ou seja, quais equipamentos precisam realmente ser reabilitados, até a melhor decisão entre reformar ou trocar por um novo, considerando toda uma preparação que gere o planejamento da execução com o menor tempo de máquina parada na usina. Esta estratégia é relacionada ao “Pit Stop”, cujo conceito está na execução de uma tarefa com um minucioso nível de preparação e planejamento, agilidade, assertividade e rapidez, assim como se realiza na Fórmula 1, onde a redução de tempo é o principal objetivo a ser perseguido por quem necessita chegar em primeiro lugar."
GGH9.pdf,preproc_blocks,3,3,text,,7,7,0.9866,"Visando o melhor retorno do investimento, é imprescindível que se avalie todas as oportunidades relacionadas ao serviço a ser realizado, desde o escopo em si, ou seja, quais equipamentos precisam realmente ser reabilitados, até a melhor decisão entre reformar ou trocar por um novo, considerando toda uma preparação que gere o planejamento da execução com o menor tempo de máquina parada na usina. Esta estratégia é relacionada ao “Pit Stop”, cujo conceito está na execução de uma tarefa com um minucioso nível de preparação e planejamento, agilidade, assertividade e rapidez, assim como se realiza na Fórmula 1, onde a redução de tempo é o principal objetivo a ser perseguido por quem necessita chegar em primeiro lugar."
GGH9.pdf,para_blocks,3,5,text,,4,4,0.9806,"A Figura 3 apresenta um “Pit Stop” realizado na Fórmula 1. A análise de todos os detalhes da atividade é feita antecipadamente de forma impecável e todos os passos são planejados minuciosamente, incluindo a disponibilidade dos instrumentos e cada movimento de cada membro da equipe. O resultado é a redução extrema do tempo de parada do carro."
GGH9.pdf,preproc_blocks,3,5,text,,4,4,0.9806,"A Figura 3 apresenta um “Pit Stop” realizado na Fórmula 1. A análise de todos os detalhes da atividade é feita antecipadamente de forma impecável e todos os passos são planejados minuciosamente, incluindo a disponibilidade dos instrumentos e cada movimento de cada membro da equipe. O resultado é a redução extrema do tempo de parada do carro."
GGH9.pdf,para_blocks,3,8,text,,8,8,0.9871,"Baseando-se na Fórmula 1, por “Pit Stop” designamos as estratégias que focam na minimização do tempo de parada das máquinas através de uma antecipação/planejamento detalhado das atividades de campo, juntamente com uma análise profunda do escopo do serviço, incluindo o projeto e fabricação de novos equipamentos e/ou partes desses, de modo a se ter uma intervenção de campo relativamente rápida, do tipo “plug-and-play”. “Pit Stop’s” têm a vantagem adicional de possibilitar a realização de uma modernização ao invés de simplesmente uma reforma, o que possibilita tornar a análise estratégica do investimento ainda mais ampla para elevar o patamar de desempenho tanto de um equipamento de geração de energia, como de toda a planta de geração. Nesta seção, serão abordados pilares principais para a metodologia de “Pit Stop”, que são:"
GGH9.pdf,preproc_blocks,3,8,text,,8,8,0.9871,"Baseando-se na Fórmula 1, por “Pit Stop” designamos as estratégias que focam na minimização do tempo de parada das máquinas através de uma antecipação/planejamento detalhado das atividades de campo, juntamente com uma análise profunda do escopo do serviço, incluindo o projeto e fabricação de novos equipamentos e/ou partes desses, de modo a se ter uma intervenção de campo relativamente rápida, do tipo “plug-and-play”. “Pit Stop’s” têm a vantagem adicional de possibilitar a realização de uma modernização ao invés de simplesmente uma reforma, o que possibilita tornar a análise estratégica do investimento ainda mais ampla para elevar o patamar de desempenho tanto de um equipamento de geração de energia, como de toda a planta de geração. Nesta seção, serão abordados pilares principais para a metodologia de “Pit Stop”, que são:"
GGH9.pdf,para_blocks,3,9,text,,2,2,0.9691,"a. Avaliação e diagnóstico da condição dos equipamentos da planta, para definição precisa do escopo da reforma, incluindo decisões entre reabilitações ou trocas por novos, e ações posteriores;"
GGH9.pdf,preproc_blocks,3,9,text,,2,2,0.9691,"a. Avaliação e diagnóstico da condição dos equipamentos da planta, para definição precisa do escopo da reforma, incluindo decisões entre reabilitações ou trocas por novos, e ações posteriores;"
GGH9.pdf,para_blocks,3,10,text,,2,2,0.9676,"b. Avaliações da planta in loco com equipes especializadas, para definição da execução das futuras atividades de campo buscando a minimização do tempo de parada;"
GGH9.pdf,preproc_blocks,3,10,text,,2,2,0.9676,"b. Avaliações da planta in loco com equipes especializadas, para definição da execução das futuras atividades de campo buscando a minimização do tempo de parada;"
GGH9.pdf,para_blocks,3,12,text,,2,2,0.9669,"d. Trabalho de equipe eficaz, com profissionais experientes e envolvimento do prestador do serviço e do pessoal de operação e manutenção da planta;"
GGH9.pdf,preproc_blocks,3,12,text,,2,2,0.9669,"d. Trabalho de equipe eficaz, com profissionais experientes e envolvimento do prestador do serviço e do pessoal de operação e manutenção da planta;"
GGH9.pdf,para_blocks,4,3,text,,6,6,0.985,"Dentre os passos de desenvolvimento da metodologia, o primeiro a ser dado para garantir o sucesso da sua execução está relacionado ao levantamento de informações iniciais sobre o escopo de atividades a serem realizadas. Neste caso, avaliar detalhadamente a condição de cada componente objeto da reforma é de suma importância no estabelecimento das estratégias adequadas. Também, através de uma análise adequada de riscos e oportunidades, pode-se optar até mesmo pela modernização completa do componente. Lembrando que a avaliação terá um diagnóstico adequado se executado por equipe treinada e experiente."
GGH9.pdf,preproc_blocks,4,3,text,,6,6,0.985,"Dentre os passos de desenvolvimento da metodologia, o primeiro a ser dado para garantir o sucesso da sua execução está relacionado ao levantamento de informações iniciais sobre o escopo de atividades a serem realizadas. Neste caso, avaliar detalhadamente a condição de cada componente objeto da reforma é de suma importância no estabelecimento das estratégias adequadas. Também, através de uma análise adequada de riscos e oportunidades, pode-se optar até mesmo pela modernização completa do componente. Lembrando que a avaliação terá um diagnóstico adequado se executado por equipe treinada e experiente."
GGH9.pdf,para_blocks,4,4,text,,6,6,0.984,"A escolha do método de avaliação da condição e diagnóstico adequado, dependendo do componente, poderá evitar inclusive paradas de máquinas. Por exemplo, níveis de vibração e temperatura de uma unidade geradora já podem indicar uma série de maus funcionamentos e modos de falha relacionados a certos componentes. Com os dados adequados e a informação processada corretamente, será possível determinar quais peças necessitam substituição e podem ser adquiridas sem mesmo efetuar a parada da unidade, possibilitando correto planejamento de parada e intervenção somente para substituição."
GGH9.pdf,preproc_blocks,4,4,text,,6,6,0.984,"A escolha do método de avaliação da condição e diagnóstico adequado, dependendo do componente, poderá evitar inclusive paradas de máquinas. Por exemplo, níveis de vibração e temperatura de uma unidade geradora já podem indicar uma série de maus funcionamentos e modos de falha relacionados a certos componentes. Com os dados adequados e a informação processada corretamente, será possível determinar quais peças necessitam substituição e podem ser adquiridas sem mesmo efetuar a parada da unidade, possibilitando correto planejamento de parada e intervenção somente para substituição."
GGH9.pdf,para_blocks,4,5,text,,3,3,0.9737,"Outro ponto que a avaliação da condição possibilita é a definição pela real necessidade de intervenção em determinado componente ou não. Em alguns casos, conclui-se pela não intervenção em componentes que, por uma prática preventiva, sempre se substituem. Isto já permite a otimização dos ciclos de intervenção e custos."
GGH9.pdf,preproc_blocks,4,5,text,,3,3,0.9737,"Outro ponto que a avaliação da condição possibilita é a definição pela real necessidade de intervenção em determinado componente ou não. Em alguns casos, conclui-se pela não intervenção em componentes que, por uma prática preventiva, sempre se substituem. Isto já permite a otimização dos ciclos de intervenção e custos."
GGH9.pdf,para_blocks,4,6,text,,7,7,0.9852,"Em outros tipos de reformas, onde técnicas preditivas não garantem um resultado adequado de avaliação da condição, realiza-se a inspeção direta do componente e a análise da sua condição. Com isto pode-se definir o que é necessário fazer para se garantir a recuperação do mesmo, ou sua modernização. Dentro desta análise, deve-se definir se cada componente: ou será substituído (conforme projeto original ou modernizado); ou enviado para uma fábrica para reparo, ou reparado em campo. Ou seja, a avaliação adequada da condição permitirá o desdobramento estratégico da aplicação da metodologia de um “Pit Stop” mais eficaz em uma reforma ou modernização."
GGH9.pdf,preproc_blocks,4,6,text,,7,7,0.9852,"Em outros tipos de reformas, onde técnicas preditivas não garantem um resultado adequado de avaliação da condição, realiza-se a inspeção direta do componente e a análise da sua condição. Com isto pode-se definir o que é necessário fazer para se garantir a recuperação do mesmo, ou sua modernização. Dentro desta análise, deve-se definir se cada componente: ou será substituído (conforme projeto original ou modernizado); ou enviado para uma fábrica para reparo, ou reparado em campo. Ou seja, a avaliação adequada da condição permitirá o desdobramento estratégico da aplicação da metodologia de um “Pit Stop” mais eficaz em uma reforma ou modernização."
GGH9.pdf,para_blocks,4,7,text,,7,7,0.9862,"Todas as avaliações da condição dos equipamentos são inicialmente realizadas in-loco. Entretanto, as avaliações não devem levar em conta apenas equipamentos objeto da reforma. Considerando que o “Pit Stop” compreende todo o ciclo de desmontagem e posterior montagem dos componentes, uma avaliação criteriosa das instalações e recursos disponíveis é necessária a fim de possibilitar a elaboração de um plano detalhado de atividades de campo. Este plano deve considerar dispositivos necessários, métodos de movimentação de peças de forma adequada, sincronizada e, sobretudo, segura. Isto evitará problemas durante estas atividades e permitirá otimizar o planejamento de execução, não só das atividades de campo, mas de todo o projeto."
GGH9.pdf,preproc_blocks,4,7,text,,7,7,0.9862,"Todas as avaliações da condição dos equipamentos são inicialmente realizadas in-loco. Entretanto, as avaliações não devem levar em conta apenas equipamentos objeto da reforma. Considerando que o “Pit Stop” compreende todo o ciclo de desmontagem e posterior montagem dos componentes, uma avaliação criteriosa das instalações e recursos disponíveis é necessária a fim de possibilitar a elaboração de um plano detalhado de atividades de campo. Este plano deve considerar dispositivos necessários, métodos de movimentação de peças de forma adequada, sincronizada e, sobretudo, segura. Isto evitará problemas durante estas atividades e permitirá otimizar o planejamento de execução, não só das atividades de campo, mas de todo o projeto."
GGH9.pdf,para_blocks,4,8,text,,6,6,0.9839,"Com a aplicação da estratégia de “Pit Stop” conforme conceitos e passos explicados nesta seção obtêm-se resultados de acordo com o gráfico na Figura 4. O investimento no serviço em si tipicamente aumenta, no entanto, devido à parada mais curta, o resultado final é uma reforma de custo menor, com maior retorno do investimento. Naturalmente, fatores como capacidade da unidade geradora, legislação reguladora do sistema energético do país onde a planta está instalada, entre outros, podem afetar as relações expostas na Figura 4 e devem ser consideradas no cálculo do retorno do investimento."
GGH9.pdf,preproc_blocks,4,8,text,,6,6,0.9839,"Com a aplicação da estratégia de “Pit Stop” conforme conceitos e passos explicados nesta seção obtêm-se resultados de acordo com o gráfico na Figura 4. O investimento no serviço em si tipicamente aumenta, no entanto, devido à parada mais curta, o resultado final é uma reforma de custo menor, com maior retorno do investimento. Naturalmente, fatores como capacidade da unidade geradora, legislação reguladora do sistema energético do país onde a planta está instalada, entre outros, podem afetar as relações expostas na Figura 4 e devem ser consideradas no cálculo do retorno do investimento."
GGH9.pdf,para_blocks,5,3,text,,10,10,0.9879,"Um estudo de caso real aplicado a um gerador na Colômbia será apresentado nesta seção. Neste, inicialmente, o escopo de fornecimento era tal que 41 dias de serviços de campo com máquina parada eram necessários. Depois de uma análise detalhada que incluiu uma avaliação da condição do gerador existente, concluiu-se que seria possível aperfeiçoar o escopo do serviço e sua execução de modo a reduzir as atividades de campo em aproximadamente 45%, de 41 para 23 dias. Foram definidas atividades de campo tipo “plug-and-play”, isto é, com transporte de partes prontas para montagem direta, sem gasto de tempo com recuperações de campo. Neste caso, a avaliação da condição permitiu ainda identificar peças que não precisavam ser substituídas ou recuperadas para se atender aos requisitos técnicos do serviço. Isso levou a uma modificação do escopo de fornecimento de equipamentos, alcançando o objetivo de reduzir o tempo de máquina parada e consequentes perdas de receitas, bem como, nesse caso, uma redução geral do custo do serviço."
GGH9.pdf,preproc_blocks,5,3,text,,10,10,0.9879,"Um estudo de caso real aplicado a um gerador na Colômbia será apresentado nesta seção. Neste, inicialmente, o escopo de fornecimento era tal que 41 dias de serviços de campo com máquina parada eram necessários. Depois de uma análise detalhada que incluiu uma avaliação da condição do gerador existente, concluiu-se que seria possível aperfeiçoar o escopo do serviço e sua execução de modo a reduzir as atividades de campo em aproximadamente 45%, de 41 para 23 dias. Foram definidas atividades de campo tipo “plug-and-play”, isto é, com transporte de partes prontas para montagem direta, sem gasto de tempo com recuperações de campo. Neste caso, a avaliação da condição permitiu ainda identificar peças que não precisavam ser substituídas ou recuperadas para se atender aos requisitos técnicos do serviço. Isso levou a uma modificação do escopo de fornecimento de equipamentos, alcançando o objetivo de reduzir o tempo de máquina parada e consequentes perdas de receitas, bem como, nesse caso, uma redução geral do custo do serviço."
GGH9.pdf,para_blocks,5,4,text,,4,4,0.9788,"A Central Río Piedras é uma usina hidrelétrica situada na Colômbia e compreende duas unidades geradoras de 13MVA, sendo que apenas uma das unidades geradoras foi objeto do escopo da reforma. A unidade geradora, objeto da reforma sofrera um sinistro de queima do enrolamento estatórico, o que demandaria sua substituição. Neste processo, foram avaliadas três alternativas principais:"
GGH9.pdf,preproc_blocks,5,4,text,,4,4,0.9788,"A Central Río Piedras é uma usina hidrelétrica situada na Colômbia e compreende duas unidades geradoras de 13MVA, sendo que apenas uma das unidades geradoras foi objeto do escopo da reforma. A unidade geradora, objeto da reforma sofrera um sinistro de queima do enrolamento estatórico, o que demandaria sua substituição. Neste processo, foram avaliadas três alternativas principais:"
GGH9.pdf,para_blocks,5,5,text,,3,3,0.9745,"a. Reforma do gerador original sinistrado em fábrica, considerando inicialmente o transporte do estator completo para a fábrica, reforma do núcleo e substituição do enrolamento e retorno dos mesmos à planta. Além disto, outros componentes também seriam substituídos, caso necessário;"
GGH9.pdf,preproc_blocks,5,5,text,,3,3,0.9745,"a. Reforma do gerador original sinistrado em fábrica, considerando inicialmente o transporte do estator completo para a fábrica, reforma do núcleo e substituição do enrolamento e retorno dos mesmos à planta. Além disto, outros componentes também seriam substituídos, caso necessário;"
GGH9.pdf,para_blocks,5,6,text,,3,3,0.9742,"b. Fornecimento de 1 (um) gerador completo novo, incluindo estator, rotor, mancais, trocadores de calor e demais itens auxiliares relacionados, para substituição completa da unidade geradora sinistrada existente na obra. Esta opção foi sugerida pelo proprietário da planta devido à logística e prazos de transporte da alternativa “a”;"
GGH9.pdf,preproc_blocks,5,6,text,,3,3,0.9742,"b. Fornecimento de 1 (um) gerador completo novo, incluindo estator, rotor, mancais, trocadores de calor e demais itens auxiliares relacionados, para substituição completa da unidade geradora sinistrada existente na obra. Esta opção foi sugerida pelo proprietário da planta devido à logística e prazos de transporte da alternativa “a”;"
GGH9.pdf,para_blocks,5,7,text,,2,2,0.9646,"c. Alternativa otimizada de fornecimento, a ser detalhada após a avaliação da condição dos equipamentos da planta, seguindo a estratégia de “Pit Stop”."
GGH9.pdf,preproc_blocks,5,7,text,,2,2,0.9646,"c. Alternativa otimizada de fornecimento, a ser detalhada após a avaliação da condição dos equipamentos da planta, seguindo a estratégia de “Pit Stop”."
GGH9.pdf,para_blocks,5,8,text,,3,3,0.9734,"A alternativa “a” foi descartada imediatamente após uma análise dos tempos de transporte e prazos totais, sendo que a somatória de prazos de desmontagem, transporte, reforma em fábrica e remontagem resultaram em uma indisponibilidade total elevada."
GGH9.pdf,preproc_blocks,5,8,text,,3,3,0.9734,"A alternativa “a” foi descartada imediatamente após uma análise dos tempos de transporte e prazos totais, sendo que a somatória de prazos de desmontagem, transporte, reforma em fábrica e remontagem resultaram em uma indisponibilidade total elevada."
GGH9.pdf,para_blocks,5,9,text,,5,5,0.982,"A alternativa “b” foi sugerida pelo proprietário da planta para reduzir o tempo total de indisponibilidade, entretanto, não levou em conta realizar uma avaliação detalhada da condição da máquina. Mesmo considerando uma troca ao estilo “Pit Stop”, esta alternativa não explorava todas as potencialidades de otimização relacionadas ao serviço, para obter-se a melhor relação de investimento e retorno possíveis. Entretanto, era uma alternativa mais factível se comparada à opção “a”."
GGH9.pdf,preproc_blocks,5,9,text,,5,5,0.982,"A alternativa “b” foi sugerida pelo proprietário da planta para reduzir o tempo total de indisponibilidade, entretanto, não levou em conta realizar uma avaliação detalhada da condição da máquina. Mesmo considerando uma troca ao estilo “Pit Stop”, esta alternativa não explorava todas as potencialidades de otimização relacionadas ao serviço, para obter-se a melhor relação de investimento e retorno possíveis. Entretanto, era uma alternativa mais factível se comparada à opção “a”."
GGH9.pdf,para_blocks,5,10,text,,3,3,0.9744,"No caso da alternativa “c”, aplicou-se o conceito de “Pit Stop”, com seus pilares principais, conforme visto na seção 3 do presente artigo. Ou seja, a partir desta alternativa iniciou-se um processo detalhado de avaliação da condição conduzido por especialistas, com o foco na redução dos prazos e do tempo de indisponibilidade de máquina."
GGH9.pdf,preproc_blocks,5,10,text,,3,3,0.9744,"No caso da alternativa “c”, aplicou-se o conceito de “Pit Stop”, com seus pilares principais, conforme visto na seção 3 do presente artigo. Ou seja, a partir desta alternativa iniciou-se um processo detalhado de avaliação da condição conduzido por especialistas, com o foco na redução dos prazos e do tempo de indisponibilidade de máquina."
GGH9.pdf,para_blocks,5,11,text,,12,12,0.9882,"Na avaliação da condição realizada, os especialistas determinaram que a troca completa do gerador não era necessária, visto que parte de seus componentes estava em boas condições. Em uma primeira análise, confirmou- se que apenas o núcleo e o enrolamento necessitariam ser reformados, o que já coincidia com a alternativa “a” informada anteriormente. Foi então que se realizou uma avaliação criteriosa da casa de força e das instalações para identificar oportunidades de otimização das atividades durante as intervenções nestes componentes. Questões como: o que reparar em campo, o que reparar em fábrica, o que fornecer pré-montado desde fábrica, como transportar, como desmontar e como montar de forma mais adequada foram avaliadas visando identificar as melhores práticas aplicáveis na execução deste fornecimento. A avaliação das instalações também buscou identificar os recursos disponíveis e facilidades da central, permitindo prever os recursos adicionais necessários às atividades. Também foi realizado o estudo das movimentações críticas em termos de espaço, tempo e sobretudo segurança, para determinar o plano mais adequado de desmontagens e montagens, o que permite o detalhamento adequado do cronograma e a otimização nos prazos definidos."
GGH9.pdf,preproc_blocks,5,11,text,,12,12,0.9882,"Na avaliação da condição realizada, os especialistas determinaram que a troca completa do gerador não era necessária, visto que parte de seus componentes estava em boas condições. Em uma primeira análise, confirmou- se que apenas o núcleo e o enrolamento necessitariam ser reformados, o que já coincidia com a alternativa “a” informada anteriormente. Foi então que se realizou uma avaliação criteriosa da casa de força e das instalações para identificar oportunidades de otimização das atividades durante as intervenções nestes componentes. Questões como: o que reparar em campo, o que reparar em fábrica, o que fornecer pré-montado desde fábrica, como transportar, como desmontar e como montar de forma mais adequada foram avaliadas visando identificar as melhores práticas aplicáveis na execução deste fornecimento. A avaliação das instalações também buscou identificar os recursos disponíveis e facilidades da central, permitindo prever os recursos adicionais necessários às atividades. Também foi realizado o estudo das movimentações críticas em termos de espaço, tempo e sobretudo segurança, para determinar o plano mais adequado de desmontagens e montagens, o que permite o detalhamento adequado do cronograma e a otimização nos prazos definidos."
GGH9.pdf,para_blocks,5,12,text,,15,15,0.9878,"Neste estudo constatou-se que, apesar de apenas o núcleo e o enrolamento necessitarem reforma, sua simples substituição na carcaça existente acarretaria intervenções maiores, e, consequentemente, mais alocação de recursos e mais atividades de campo. Logo, concluiu-se que a melhor opção era o fornecimento de um estator completamente novo (incluindo núcleo, enrolamento e carcaça), que resultaria na aplicação de um aspecto importante do método de “Pit Stop” que é a redução do tempo de parada através da utilização de componentes pré- montados em fábrica, possibilitando uma substituição ao estilo “plug-and-play”. O ganho significativo de tempo desta alternativa, se comparada à alternativa “b”, é que a substituição do estator completo - ao invés do gerador completo - eliminaria as atividades de ajustes de nivelamento dos mancais, realinhamento completo da unidade e novo balanceamento do rotor em campo, pois tais peças não sofreriam modificações devido às suas boas condições. Além disto, a previsão de escopo da alternativa “b” incluía também a substituição do sistema de excitação, que após avaliação e constatação de seu pleno funcionamento, não necessitou substituição, sendo que isto também resultou em ganhos nos tempos de montagem e comissionamento. Logo, obteve-se uma redução de 18 (dezoito) dias no processo de montagem e comissionamento, o que representou em uma redução de 45% nos tempos de indisponibilidade de máquina previstos durante os serviços da reforma. Tal representação pode ser vista na figura 5 abaixo:"
GGH9.pdf,preproc_blocks,5,12,text,,11,11,0.9878,"Neste estudo constatou-se que, apesar de apenas o núcleo e o enrolamento necessitarem reforma, sua simples substituição na carcaça existente acarretaria intervenções maiores, e, consequentemente, mais alocação de recursos e mais atividades de campo. Logo, concluiu-se que a melhor opção era o fornecimento de um estator completamente novo (incluindo núcleo, enrolamento e carcaça), que resultaria na aplicação de um aspecto importante do método de “Pit Stop” que é a redução do tempo de parada através da utilização de componentes pré- montados em fábrica, possibilitando uma substituição ao estilo “plug-and-play”. O ganho significativo de tempo desta alternativa, se comparada à alternativa “b”, é que a substituição do estator completo - ao invés do gerador completo - eliminaria as atividades de ajustes de nivelamento dos mancais, realinhamento completo da unidade e novo balanceamento do rotor em campo, pois tais peças não sofreriam modificações devido às suas boas condições. Além disto, a previsão de escopo da alternativa “b” incluía também a substituição do sistema de excitação, que após avaliação e constatação de seu pleno funcionamento, não necessitou substituição, sendo que"
GGH9.pdf,preproc_blocks,6,2,text,,4,4,0.9798,"isto também resultou em ganhos nos tempos de montagem e comissionamento. Logo, obteve-se uma redução de 18 (dezoito) dias no processo de montagem e comissionamento, o que representou em uma redução de 45% nos tempos de indisponibilidade de máquina previstos durante os serviços da reforma. Tal representação pode ser vista na figura 5 abaixo:"
GGH9.pdf,para_blocks,6,5,text,,14,14,0.9882,"Entretanto, no caso de Río Piedras, não somente a redução dos tempos de parada foi alcançada. Através da aplicação do conceito do “Pit Stop”, e, com isso, uma avaliação da condição minuciosa dos equipamentos, o real problema associado à falha do gerador sinistrado foi identificado. Nesta avaliação da condição realizada na planta, constatou-se que a unidade geradora que sofrera o sinistro de queima não possuía mais o seu enrolamento do estator original. O mesmo já havia sido substituído em outro fornecimento passado, em uma tentativa de correção de um problema de sobreaquecimento. Constatou-se também que a unidade em operação possuía uma restrição de potência, pois operava com 90% de sua capacidade devido a um sobreaquecimento do enrolamento do estator. Com base nestas informações, foram realizados ensaios na unidade geradora que estava em operação a fim de se verificar o comportamento térmico em diferentes cargas. Todas as variáveis relacionadas à carga e à ventilação foram analisadas onde se concluiu que o problema de sobreaquecimento dava-se por uma deficiência no sistema de ventilação do projeto original. Uma vez que as causas do problema foram identificadas, foram determinadas as necessidades para a correção do mesmo, o que resultou na modernização do sistema de ventilação existente, visto que as ferramentas mais avançadas de cálculo foram utilizadas na determinação da solução final, o que possibilitou o retorno das unidades geradoras à sua plena capacidade de geração em 100%."
GGH9.pdf,preproc_blocks,6,5,text,,14,14,0.9882,"Entretanto, no caso de Río Piedras, não somente a redução dos tempos de parada foi alcançada. Através da aplicação do conceito do “Pit Stop”, e, com isso, uma avaliação da condição minuciosa dos equipamentos, o real problema associado à falha do gerador sinistrado foi identificado. Nesta avaliação da condição realizada na planta, constatou-se que a unidade geradora que sofrera o sinistro de queima não possuía mais o seu enrolamento do estator original. O mesmo já havia sido substituído em outro fornecimento passado, em uma tentativa de correção de um problema de sobreaquecimento. Constatou-se também que a unidade em operação possuía uma restrição de potência, pois operava com 90% de sua capacidade devido a um sobreaquecimento do enrolamento do estator. Com base nestas informações, foram realizados ensaios na unidade geradora que estava em operação a fim de se verificar o comportamento térmico em diferentes cargas. Todas as variáveis relacionadas à carga e à ventilação foram analisadas onde se concluiu que o problema de sobreaquecimento dava-se por uma deficiência no sistema de ventilação do projeto original. Uma vez que as causas do problema foram identificadas, foram determinadas as necessidades para a correção do mesmo, o que resultou na modernização do sistema de ventilação existente, visto que as ferramentas mais avançadas de cálculo foram utilizadas na determinação da solução final, o que possibilitou o retorno das unidades geradoras à sua plena capacidade de geração em 100%."
GGH9.pdf,para_blocks,6,6,text,,2,2,0.9624,"Desta forma, comparando-se o escopo da alternativa “b” e o escopo da alternativa “c”, se obteve uma redução significativa no grau de intervenção na central:"
GGH9.pdf,preproc_blocks,6,6,text,,2,2,0.9624,"Desta forma, comparando-se o escopo da alternativa “b” e o escopo da alternativa “c”, se obteve uma redução significativa no grau de intervenção na central:"
GGH9.pdf,para_blocks,6,9,text,,3,3,0.9256,"O resultado obtido ao final da aplicação da estratégia de “Pit Stop” no caso de Río Piedras pode ser resumido no gráfico comparativo (2), representado pela Figura 6 da próxima página, permitindo uma visão clara dos ganhos e benefícios obtidos."
GGH9.pdf,preproc_blocks,6,9,text,,3,3,0.9256,"O resultado obtido ao final da aplicação da estratégia de “Pit Stop” no caso de Río Piedras pode ser resumido no gráfico comparativo (2), representado pela Figura 6 da próxima página, permitindo uma visão clara dos ganhos e benefícios obtidos."
GGH9.pdf,para_blocks,7,4,text,,10,10,0.9878,"Neste estudo de caso, confirmou-se a aplicação dos pilares principais do conceito de “Pit Stop”. É importante destacar o trabalho antecipado de avaliação da condição dos equipamentos e das instalações, que permitiram alcançar reduções tanto no tempo de parada como no escopo. Neste caso em especial, a redução em ambos os aspectos foi possível, tendo um resultado duplamente positivo, alcançando uma redução aproximada de 43% no impacto financeiro total da reforma. Normalmente, na maioria dos casos, o escopo de fornecimento é incrementado, mas os tempos de parada são reduzidos, resultando em uma redução geral no investimento. Se considerarmos a aplicação do conceito de “Pit Stop” em unidades geradores de maior potência, maior será o impacto positivo no resultado financeiro do projeto de reforma e/ou modernização, pois o nível de perda de produção de energia por dia parado é mais elevado. Na próxima seção serão apresentados sucintamente outros casos da aplicação da metodologia “Pit Stop” e os principais ganhos obtidos."
GGH9.pdf,preproc_blocks,7,4,text,,10,10,0.9878,"Neste estudo de caso, confirmou-se a aplicação dos pilares principais do conceito de “Pit Stop”. É importante destacar o trabalho antecipado de avaliação da condição dos equipamentos e das instalações, que permitiram alcançar reduções tanto no tempo de parada como no escopo. Neste caso em especial, a redução em ambos os aspectos foi possível, tendo um resultado duplamente positivo, alcançando uma redução aproximada de 43% no impacto financeiro total da reforma. Normalmente, na maioria dos casos, o escopo de fornecimento é incrementado, mas os tempos de parada são reduzidos, resultando em uma redução geral no investimento. Se considerarmos a aplicação do conceito de “Pit Stop” em unidades geradores de maior potência, maior será o impacto positivo no resultado financeiro do projeto de reforma e/ou modernização, pois o nível de perda de produção de energia por dia parado é mais elevado. Na próxima seção serão apresentados sucintamente outros casos da aplicação da metodologia “Pit Stop” e os principais ganhos obtidos."
GGH9.pdf,para_blocks,7,6,text,,5,5,0.9824,"Conforme visto nas seções anteriores, a aplicação do conceito de “Pit Stop” é baseada em pilares principais, sendo que a aplicabilidade e os resultados dependerão do tipo de reforma e equipamento. Entretanto, o foco nas oportunidades de redução dos tempos de parada é o principal fator, o que ainda poderá levar a outras oportunidades de melhora da relação de investimento e retorno. Abaixo, na Tabela 2, são listados dois outros casos de aplicação deste conceito em outras centrais hidrelétricas pelo mundo (1)."
GGH9.pdf,preproc_blocks,7,6,text,,5,5,0.9824,"Conforme visto nas seções anteriores, a aplicação do conceito de “Pit Stop” é baseada em pilares principais, sendo que a aplicabilidade e os resultados dependerão do tipo de reforma e equipamento. Entretanto, o foco nas oportunidades de redução dos tempos de parada é o principal fator, o que ainda poderá levar a outras oportunidades de melhora da relação de investimento e retorno. Abaixo, na Tabela 2, são listados dois outros casos de aplicação deste conceito em outras centrais hidrelétricas pelo mundo (1)."
GGH9.pdf,para_blocks,8,3,text,,11,11,0.9877,"O presente artigo abordou o conceito de “Pit Stop” e mostrou os principais pilares para aplicação do mesmo em reformas ou modernizações de plantas hidrelétricas. Foram destacadas as principais atividades inerentes à estratégia do “Pit Stop”, de forma a garantir o sucesso de sua aplicação. Dentre eles está a importância da avaliação da condição dos equipamentos objeto da reforma ou modernização, o que permite concluir sobre o escopo necessário para garantir uma solução efetiva. O presente artigo também reforçou a importância da avaliação das instalações da central, de forma a definir as melhores estratégias de reforma, fabricação, pré- montagens e montagens, a fim de se obter uma execução adequada e com prazos otimizados. Em resumo, reforçou a importância de um planejamento detalhado de projeto de execução que, através dos resultados positivos demonstrados, permite concluir sobre a importância da aplicação do conceito “Pit Stop” na otimização de reformas e modernizações, resultando em melhores práticas de atividades de fornecimento, transporte, montagem, EHS e no melhor retorno ao investimento."
GGH9.pdf,preproc_blocks,8,3,text,,11,11,0.9877,"O presente artigo abordou o conceito de “Pit Stop” e mostrou os principais pilares para aplicação do mesmo em reformas ou modernizações de plantas hidrelétricas. Foram destacadas as principais atividades inerentes à estratégia do “Pit Stop”, de forma a garantir o sucesso de sua aplicação. Dentre eles está a importância da avaliação da condição dos equipamentos objeto da reforma ou modernização, o que permite concluir sobre o escopo necessário para garantir uma solução efetiva. O presente artigo também reforçou a importância da avaliação das instalações da central, de forma a definir as melhores estratégias de reforma, fabricação, pré- montagens e montagens, a fim de se obter uma execução adequada e com prazos otimizados. Em resumo, reforçou a importância de um planejamento detalhado de projeto de execução que, através dos resultados positivos demonstrados, permite concluir sobre a importância da aplicação do conceito “Pit Stop” na otimização de reformas e modernizações, resultando em melhores práticas de atividades de fornecimento, transporte, montagem, EHS e no melhor retorno ao investimento."
GGH9.pdf,para_blocks,8,5,text,,2,2,0.9681,"(1) DELISLE, B., DUCHESNE, Y.M., ROY, S., CZERWINSKI, F. – Alstom Pit Stop Concept for Minimum Rehabilitation Outage, Hydro Vision International, Denver/CO, 2013."
GGH9.pdf,preproc_blocks,8,5,text,,2,2,0.9681,"(1) DELISLE, B., DUCHESNE, Y.M., ROY, S., CZERWINSKI, F. – Alstom Pit Stop Concept for Minimum Rehabilitation Outage, Hydro Vision International, Denver/CO, 2013."
GGH9.pdf,para_blocks,8,6,text,,2,2,0.9667,"(2) COMISIÓN DE INTEGRACIÓN ENERGÉTICA REGIONAL, Precios Medios Nacionales de Eletricidad a Nivel de Generacion y Transmisión de dezembro de 2012."
GGH9.pdf,preproc_blocks,8,6,text,,2,2,0.9667,"(2) COMISIÓN DE INTEGRACIÓN ENERGÉTICA REGIONAL, Precios Medios Nacionales de Eletricidad a Nivel de Generacion y Transmisión de dezembro de 2012."
GGH9.pdf,para_blocks,8,9,text,,9,9,0.9837,"Cornelis J. V. D. Poel Filho nasceu em Campina Grande/PB em 1975. Graduou-se e realizou Mestrado em Engenharia Mecânica pela UFPB em 1998 e 2000, respectivamente. Em 2005, obteve o título de Doutor pela UNICAMP/Politecnico di Torino (Itália). Possui MBA em Gestão Empresarial pela FGV (2013). Ingressou na indústria em 2005, na divisão de motores e geradores elétricos de média e alta tensão da GE (General Eletric). Na GE, passou por várias posições, desde Engenheiro Mecânico calculista até Gerente da Engenharia de Desenvolvimento de Novos Produtos. Desde 2012 está na Alstom Renewable Power. Atualmente, trabalha na divisão de serviços para usinas hidrelétricas, onde acumula as funções de Gerente de Engenharia e Desenvolvimento de Portfolio."
GGH9.pdf,preproc_blocks,8,9,text,,9,9,0.9837,"Cornelis J. V. D. Poel Filho nasceu em Campina Grande/PB em 1975. Graduou-se e realizou Mestrado em Engenharia Mecânica pela UFPB em 1998 e 2000, respectivamente. Em 2005, obteve o título de Doutor pela UNICAMP/Politecnico di Torino (Itália). Possui MBA em Gestão Empresarial pela FGV (2013). Ingressou na indústria em 2005, na divisão de motores e geradores elétricos de média e alta tensão da GE (General Eletric). Na GE, passou por várias posições, desde Engenheiro Mecânico calculista até Gerente da Engenharia de Desenvolvimento de Novos Produtos. Desde 2012 está na Alstom Renewable Power. Atualmente, trabalha na divisão de serviços para usinas hidrelétricas, onde acumula as funções de Gerente de Engenharia e Desenvolvimento de Portfolio."
GGH9.pdf,para_blocks,8,11,text,,9,9,0.9868,"Marcos V. D. Silva nasceu em Porto Alegre/RS em 1977. Graduou-se em Engenharia Elétrica pela UFRGS em 2001. Ingressou na indústria em 2001, na divisão de geradores elétricos de pequeno e médio porte da ALSTOM. Na ALSTOM, passou por várias posições, desde Engenheiro Eletricista calculista, Coordenador da Engenharia de projeto de geradores e Coordenador Técnico de Integração de Plantas. Também atuou na GE (General Electric) na divisão Bently Nevada, na área de monitoramento de máquinas. Em 2007 retornou para a Alstom Renewable Power. Atualmente, trabalha na divisão de serviços para usinas hidrelétricas, onde possui a função de Coordenador Técnico da Engenharia de Geradores."
GGH9.pdf,preproc_blocks,8,11,text,,9,9,0.9868,"Marcos V. D. Silva nasceu em Porto Alegre/RS em 1977. Graduou-se em Engenharia Elétrica pela UFRGS em 2001. Ingressou na indústria em 2001, na divisão de geradores elétricos de pequeno e médio porte da ALSTOM. Na ALSTOM, passou por várias posições, desde Engenheiro Eletricista calculista, Coordenador da Engenharia de projeto de geradores e Coordenador Técnico de Integração de Plantas. Também atuou na GE (General Electric) na divisão Bently Nevada, na área de monitoramento de máquinas. Em 2007 retornou para a Alstom Renewable Power. Atualmente, trabalha na divisão de serviços para usinas hidrelétricas, onde possui a função de Coordenador Técnico da Engenharia de Geradores."
GGH9.pdf,para_blocks,8,13,text,,9,9,0.987,"Wilian C. D. Oliveira nasceu em Indiaporã/SP em 1978. Graduou-se em Engenharia Elétrica pela UNESP de Ilha Solteira em 2002. Em 2003 ingressou na WEG como trainee, permanecendo por quatro anos como Analista de Projetos. Transferiu-se para ALSTOM em 2007, trabalhando como Engenheiro de Propostas, dedicando-se ao cálculo de hidro geradores; desde 2013 acumula a função de gestor de propostas técnicas para empreendimentos na América Latina, com gerenciamento do grupo de propostas dos diversos equipamentos, como hidromecânicos, turbinas, geradores, reguladores, dentre outros. Concluiu o Mestrado Profissional em Máquinas Elétricas Girantes pela UFSC – Florianópolis SC em 2008."
GGH9.pdf,preproc_blocks,8,13,text,,9,9,0.987,"Wilian C. D. Oliveira nasceu em Indiaporã/SP em 1978. Graduou-se em Engenharia Elétrica pela UNESP de Ilha Solteira em 2002. Em 2003 ingressou na WEG como trainee, permanecendo por quatro anos como Analista de Projetos. Transferiu-se para ALSTOM em 2007, trabalhando como Engenheiro de Propostas, dedicando-se ao cálculo de hidro geradores; desde 2013 acumula a função de gestor de propostas técnicas para empreendimentos na América Latina, com gerenciamento do grupo de propostas dos diversos equipamentos, como hidromecânicos, turbinas, geradores, reguladores, dentre outros. Concluiu o Mestrado Profissional em Máquinas Elétricas Girantes pela UFSC – Florianópolis SC em 2008."
GGH9.pdf,para_blocks,8,15,text,,6,6,0.9844,"Marco A. P. Santos nasceu em São José dos Campos/SP em 1982. Formado pelo SENAI em Usinagem, exerceu a função de mecânico de manutenção de Usinas, Subestações e sistemas auxiliares durante 14 anos na CESP CIA Energética de São Paulo. Graduou-se em Engenharia Mecânica pela UNITAU em 2010 e ingressou na Alstom Renewable em 2011 na função de Supervisor de Montagem externa. Atualmente, trabalha na divisão de serviços para usinas hidrelétricas na função de coordenador de montagem externa."
GGH9.pdf,preproc_blocks,8,15,text,,6,6,0.9844,"Marco A. P. Santos nasceu em São José dos Campos/SP em 1982. Formado pelo SENAI em Usinagem, exerceu a função de mecânico de manutenção de Usinas, Subestações e sistemas auxiliares durante 14 anos na CESP CIA Energética de São Paulo. Graduou-se em Engenharia Mecânica pela UNITAU em 2010 e ingressou na Alstom Renewable em 2011 na função de Supervisor de Montagem externa. Atualmente, trabalha na divisão de serviços para usinas hidrelétricas na função de coordenador de montagem externa."
GGT_1247.pdf,discarded_blocks,1,2,header,,2,2,0.915,Produção e Transmissão de Energia Elétrica
GGT_1247.pdf,discarded_blocks,1,3,header,,2,2,0.8252,1247 GGT/16
GGT_1247.pdf,para_blocks,1,6,text,,2,2,0.897,JOÃO HENRIQUE PAULINO DE AZEVEDO (1); RODRIGO FLORA CALILI (1); SERGIO LEAL BRAGA (1) PONTIFÍCIA UNIVERSIDADE CATÓLICA DO RIO DE JANEIRO (1)
GGT_1247.pdf,preproc_blocks,1,6,text,,2,2,0.897,JOÃO HENRIQUE PAULINO DE AZEVEDO (1); RODRIGO FLORA CALILI (1); SERGIO LEAL BRAGA (1) PONTIFÍCIA UNIVERSIDADE CATÓLICA DO RIO DE JANEIRO (1)
GGT_1247.pdf,para_blocks,1,8,abstract,,6,6,0.9798,"A utilização do hidrogênio se mostra como alternativa para que as metas de descarbonização sejam atingidas. Há um aumento da eficiência energética do gás natural ao se misturar o hidrogênio a este gás. Neste trabalho, é analisada a possibilidade de mistura de hidrogênio ao gás natural em redes de fornecimento já existentes. Uma revisão da literatura é realizada para entender as questões técnicas e definir as concentrações aceitáveis de hidrogênio no gás natural. Por fim, é feita a projeção de emissões e custos evitados para se avaliar a eficiência energética alcançável com a inserção do hidrogênio ao gás natural em redes no Brasil."
GGT_1247.pdf,preproc_blocks,1,8,abstract,,6,6,0.9798,"A utilização do hidrogênio se mostra como alternativa para que as metas de descarbonização sejam atingidas. Há um aumento da eficiência energética do gás natural ao se misturar o hidrogênio a este gás. Neste trabalho, é analisada a possibilidade de mistura de hidrogênio ao gás natural em redes de fornecimento já existentes. Uma revisão da literatura é realizada para entender as questões técnicas e definir as concentrações aceitáveis de hidrogênio no gás natural. Por fim, é feita a projeção de emissões e custos evitados para se avaliar a eficiência energética alcançável com a inserção do hidrogênio ao gás natural em redes no Brasil."
GGT_1247.pdf,para_blocks,1,12,text,,7,7,0.9874,"O hidrogênio oferece uma ótima oportunidade para descarbonizar os suprimentos de energia atuais. Mesmo sendo o elemento químico mais abundante na natureza, este deve ser produzido para ser considerado uma alternativa de uso final energético. Além disso, ele representa um verdadeiro transportador de energia livre de carbono. Todavia, as tecnologias para produzi-lo causam uma pegada de carbono diferente de zero. Acordos mundiais impulsionaram os países a adotarem tecnologias de baixo carbono: o protocolo de Kyoto assinado em 1997 e aplicado em 2005 ao impor a todos os membros a reduzirem suas emissões de gases de efeito estufa; e o acordo COP21 em Paris de 2015, que definiu responsabilidades nas emissões para todos os países do globo."
GGT_1247.pdf,preproc_blocks,1,12,text,,7,7,0.9874,"O hidrogênio oferece uma ótima oportunidade para descarbonizar os suprimentos de energia atuais. Mesmo sendo o elemento químico mais abundante na natureza, este deve ser produzido para ser considerado uma alternativa de uso final energético. Além disso, ele representa um verdadeiro transportador de energia livre de carbono. Todavia, as tecnologias para produzi-lo causam uma pegada de carbono diferente de zero. Acordos mundiais impulsionaram os países a adotarem tecnologias de baixo carbono: o protocolo de Kyoto assinado em 1997 e aplicado em 2005 ao impor a todos os membros a reduzirem suas emissões de gases de efeito estufa; e o acordo COP21 em Paris de 2015, que definiu responsabilidades nas emissões para todos os países do globo."
GGT_1247.pdf,para_blocks,1,13,text,,7,7,0.9881,"Em 2018 o fornecimento de eletricidade e energia térmica para edifícios, indústrias e transportes foi responsável por 56% das emissões globais, enquanto apenas o setor de geração respondia por 41% (IEA, 2020). Sabe-se que a produção de energia renovável é menos constante e previsível do que a fóssil, pois não são despacháveis. Uma matriz de energia elétrica limpa, implica desafios significativos na gestão da rede elétrica. Assim, há a necessidade de novas tecnologias que permitam o armazenamento de energia e o balanceamento da rede. Uma tecnologia promissora é o power-to-gas (P2G), que permite transformar eletricidade em hidrogênio (H2) ou em outros combustíveis."
GGT_1247.pdf,preproc_blocks,1,13,text,,7,7,0.9881,"Em 2018 o fornecimento de eletricidade e energia térmica para edifícios, indústrias e transportes foi responsável por 56% das emissões globais, enquanto apenas o setor de geração respondia por 41% (IEA, 2020). Sabe-se que a produção de energia renovável é menos constante e previsível do que a fóssil, pois não são despacháveis. Uma matriz de energia elétrica limpa, implica desafios significativos na gestão da rede elétrica. Assim, há a necessidade de novas tecnologias que permitam o armazenamento de energia e o balanceamento da rede. Uma tecnologia promissora é o power-to-gas (P2G), que permite transformar eletricidade em hidrogênio (H2) ou em outros combustíveis."
GGT_1247.pdf,para_blocks,1,14,text,,10,10,0.9887,"O hidrogênio produzido pode ser injetado diretamente na rede de gás natural, ou usado para produzir metano por meio do processo de metanação. Quando P2G utiliza eletrólise da água através da utilização de energia renovável (eólica, solar etc.), o combustível produzido é teoricamente zero de carbono e, neste caso, o hidrogênio é frequentemente referido como “hidrogênio verde” (DAWOOD, ANDA, et al., 2020). Outra via de descarbonização é a transformação do gás natural por reforma a vapor do metano (SMR – Steam Methane Reforming) juntamente com tecnologias de captura e sequestro de carbono (CCS – Carbon Capture and Storage). O hidrogênio produzido desta forma é geralmente referido como “hidrogênio azul” (DAWOOD, ANDA, et al., 2020). Qualquer que seja a via de descarbonização prevalecente, dependendo também da evolução dos aspectos tecnológicos e econômicos, o futuro do gás natural envolverá o uso de H2 e metano mistos, também relatado na literatura como Gás Natural Enriquecido com Hidrogênio (HENG – Hydrogen Enriched Natural Gas)."
GGT_1247.pdf,preproc_blocks,1,14,text,,10,10,0.9887,"O hidrogênio produzido pode ser injetado diretamente na rede de gás natural, ou usado para produzir metano por meio do processo de metanação. Quando P2G utiliza eletrólise da água através da utilização de energia renovável (eólica, solar etc.), o combustível produzido é teoricamente zero de carbono e, neste caso, o hidrogênio é frequentemente referido como “hidrogênio verde” (DAWOOD, ANDA, et al., 2020). Outra via de descarbonização é a transformação do gás natural por reforma a vapor do metano (SMR – Steam Methane Reforming) juntamente com tecnologias de captura e sequestro de carbono (CCS – Carbon Capture and Storage). O hidrogênio produzido desta forma é geralmente referido como “hidrogênio azul” (DAWOOD, ANDA, et al., 2020). Qualquer que seja a via de descarbonização prevalecente, dependendo também da evolução dos aspectos tecnológicos e econômicos, o futuro do gás natural envolverá o uso de H2 e metano mistos, também relatado na literatura como Gás Natural Enriquecido com Hidrogênio (HENG – Hydrogen Enriched Natural Gas)."
GGT_1247.pdf,para_blocks,1,15,text,,3,3,0.973,"O objetivo deste artigo é estimar as emissões de gases efeito estufa e os custos evitados com a inserção do hidrogênio no Brasil e, assim, avaliar a eficiência energética alcançável com a mistura do hidrogênio às redes de gás natural do país."
GGT_1247.pdf,preproc_blocks,1,15,text,,3,3,0.973,"O objetivo deste artigo é estimar as emissões de gases efeito estufa e os custos evitados com a inserção do hidrogênio no Brasil e, assim, avaliar a eficiência energética alcançável com a mistura do hidrogênio às redes de gás natural do país."
GGT_1247.pdf,para_blocks,1,17,text,,6,6,0.9803,"A distribuição de misturas de hidrogênio e metano por gasoduto tem uma longa história, que remonta às origens do sistema de gás natural de hoje, quando o gás manufaturado (gás de síntese) produzido a partir do carvão foi canalizado pela primeira vez durante a era Gaslight para postes de luz, edifícios comerciais, e famílias no início e meados de 1800 (TOMORY, 2009). Os produtos de gás manufaturados da época, também conhecidos como gás de cidade ou gás de água, normalmente continham 30% a 50% de hidrogênio, que podiam ser produzidos a partir de piche, óleo de baleia, carvão ou produtos petrolíferos (MELAINA, ANTONIA, et al., 2013)."
GGT_1247.pdf,preproc_blocks,1,17,text,,4,4,0.9803,"A distribuição de misturas de hidrogênio e metano por gasoduto tem uma longa história, que remonta às origens do sistema de gás natural de hoje, quando o gás manufaturado (gás de síntese) produzido a partir do carvão foi canalizado pela primeira vez durante a era Gaslight para postes de luz, edifícios comerciais, e famílias no início e meados de 1800 (TOMORY, 2009). Os produtos de gás manufaturados da época, também conhecidos como gás de"
GGT_1247.pdf,preproc_blocks,2,2,text,,2,2,0.9179,"cidade ou gás de água, normalmente continham 30% a 50% de hidrogênio, que podiam ser produzidos a partir de piche, óleo de baleia, carvão ou produtos petrolíferos (MELAINA, ANTONIA, et al., 2013)."
GGT_1247.pdf,para_blocks,2,3,text,,8,8,0.9826,"Em 1984, no estudo realizado por Kaske et al. (1985), foi analisada uma rede de distribuição de hidrogênio de alta pureza com mais de 550 km de extensão de duas grandes empresas, Chemische Hiils of F.R.G. and L’Air Liquide of France, que na época já operavam. Oney et al. (1994) realizaram uma avaliação técnica e econômica do transporte duto viário de hidrogênio, gás natural e suas misturas, concluindo que para uma dada distância de transmissão de 500 km e uma taxa de entrega de energia de 1,0 GW, o hidrogênio pode ser transportado a um custo aproximadamente igual ao de gás natural, se sua pressão de produção for aumentada da atmosférica para um nível de 0,65 MPa. Isso sugere que as preocupações até agora expressas sobre a viabilidade econômica da transmissão de longa distância de hidrogênio e misturas de gás natural de hidrogênio podem ter sido exageradas."
GGT_1247.pdf,preproc_blocks,2,3,text,,8,8,0.9826,"Em 1984, no estudo realizado por Kaske et al. (1985), foi analisada uma rede de distribuição de hidrogênio de alta pureza com mais de 550 km de extensão de duas grandes empresas, Chemische Hiils of F.R.G. and L’Air Liquide of France, que na época já operavam. Oney et al. (1994) realizaram uma avaliação técnica e econômica do transporte duto viário de hidrogênio, gás natural e suas misturas, concluindo que para uma dada distância de transmissão de 500 km e uma taxa de entrega de energia de 1,0 GW, o hidrogênio pode ser transportado a um custo aproximadamente igual ao de gás natural, se sua pressão de produção for aumentada da atmosférica para um nível de 0,65 MPa. Isso sugere que as preocupações até agora expressas sobre a viabilidade econômica da transmissão de longa distância de hidrogênio e misturas de gás natural de hidrogênio podem ter sido exageradas."
GGT_1247.pdf,para_blocks,2,4,text,,4,4,0.9521,"A possibilidade do hidrogênio ser transportado nas mesmas redes que o gás natural, também foi estudado por Pottier em 1995, pontuando que é uma alternativa real para o período de transição entre o gás natural e o hidrogênio (POTTIER, 1995). O autor sugere que em uma primeira etapa, o hidrogênio pode ser misturado em baixas concentrações (máximo de 10%) com o gás natural, sem qualquer perturbação perceptível nas utilizações usuais."
GGT_1247.pdf,preproc_blocks,2,4,text,,4,4,0.9521,"A possibilidade do hidrogênio ser transportado nas mesmas redes que o gás natural, também foi estudado por Pottier em 1995, pontuando que é uma alternativa real para o período de transição entre o gás natural e o hidrogênio (POTTIER, 1995). O autor sugere que em uma primeira etapa, o hidrogênio pode ser misturado em baixas concentrações (máximo de 10%) com o gás natural, sem qualquer perturbação perceptível nas utilizações usuais."
GGT_1247.pdf,para_blocks,2,5,text,,13,13,0.976,"Em 2003, a Agência Internacional de Energia (IEA, International Energy Agency em inglês) concluiu em seu relatório “A Redução de emissões de �� adicionando hidrogênio ao gás natural” que, pequenas quantidades de hidrogênio poderiam ser adicionadas à rede de gás natural quase sem custo, embora existissem, a época, várias barreiras técnicas e organizacionais que teriam que ser superadas. Isso poderia fornecer uma saída pequena, mas significativa para o hidrogênio gerado a partir de recursos renováveis excedentes (IEA, 2003). As implicações da mistura de hidrogênio e GN variam com a concentração de hidrogênio. Após estudo realizado pela NREL (National Energy Laboratories), é relatado que concentrações relativamente baixas de hidrogênio, 5% a 15% por volume, parecem ser viáveis com poucas modificações nos sistemas de dutos existentes ou aparelhos de uso final (MELAINA, ANTONIA, et al., 2013). No entanto, esta avaliação de viabilidade irá variar de local para local. Concentrações mais altas introduzem desafios adicionais e modificações necessárias. Ao investigar se o sistema de GN pode ajudar a permitir uma transição para o uso de hidrogênio no transporte por um longo prazo, Ogden et al. (2018) concluíram que o transporte de misturas de H2 / GN na rede de gasoduto de GN parece tecnicamente possível em frações de 5–15% de hidrogênio por volume."
GGT_1247.pdf,preproc_blocks,2,5,text,,13,13,0.976,"Em 2003, a Agência Internacional de Energia (IEA, International Energy Agency em inglês) concluiu em seu relatório “A Redução de emissões de �� adicionando hidrogênio ao gás natural” que, pequenas quantidades de hidrogênio poderiam ser adicionadas à rede de gás natural quase sem custo, embora existissem, a época, várias barreiras técnicas e organizacionais que teriam que ser superadas. Isso poderia fornecer uma saída pequena, mas significativa para o hidrogênio gerado a partir de recursos renováveis excedentes (IEA, 2003). As implicações da mistura de hidrogênio e GN variam com a concentração de hidrogênio. Após estudo realizado pela NREL (National Energy Laboratories), é relatado que concentrações relativamente baixas de hidrogênio, 5% a 15% por volume, parecem ser viáveis com poucas modificações nos sistemas de dutos existentes ou aparelhos de uso final (MELAINA, ANTONIA, et al., 2013). No entanto, esta avaliação de viabilidade irá variar de local para local. Concentrações mais altas introduzem desafios adicionais e modificações necessárias. Ao investigar se o sistema de GN pode ajudar a permitir uma transição para o uso de hidrogênio no transporte por um longo prazo, Ogden et al. (2018) concluíram que o transporte de misturas de H2 / GN na rede de gasoduto de GN parece tecnicamente possível em frações de 5–15% de hidrogênio por volume."
GGT_1247.pdf,para_blocks,2,6,text,,9,9,0.983,"As análises e modelagem conduzidas por Schiro et al. (2019), sugerem que um enriquecimento moderado de hidrogênio do gás natural, até cerca de 20%, pode ser sustentado pelas caldeiras e aquecedores atuais sem necessidade de um redesenho. Foi demonstrado por Jones et al. (2018) que, embora o enriquecimento com hidrogênio atue para diminuir o valor calorífico do gás natural, ele também aumenta a estabilidade de um queimador, suprimindo a possibilidade de a chama apagar por blow-off (apagar por velocidade muito alta) e evita a formação de chamas amarelas, reduzindo as necessidades de oxigênio. Argumenta-se ainda que para aberturas com menos de 3,5 mm de diâmetro, o HENG (acrônimo que é normalmente referido na literatura significando Hydrogen Enriched Natural Gas) contendo até 50% molar de hidrogênio pode ser inflamado com segurança sem risco de flashback (apagar por velocidade muito baixa). (JONES, AL-MASRY, et al., 2018)"
GGT_1247.pdf,preproc_blocks,2,6,text,,9,9,0.983,"As análises e modelagem conduzidas por Schiro et al. (2019), sugerem que um enriquecimento moderado de hidrogênio do gás natural, até cerca de 20%, pode ser sustentado pelas caldeiras e aquecedores atuais sem necessidade de um redesenho. Foi demonstrado por Jones et al. (2018) que, embora o enriquecimento com hidrogênio atue para diminuir o valor calorífico do gás natural, ele também aumenta a estabilidade de um queimador, suprimindo a possibilidade de a chama apagar por blow-off (apagar por velocidade muito alta) e evita a formação de chamas amarelas, reduzindo as necessidades de oxigênio. Argumenta-se ainda que para aberturas com menos de 3,5 mm de diâmetro, o HENG (acrônimo que é normalmente referido na literatura significando Hydrogen Enriched Natural Gas) contendo até 50% molar de hidrogênio pode ser inflamado com segurança sem risco de flashback (apagar por velocidade muito baixa). (JONES, AL-MASRY, et al., 2018)"
GGT_1247.pdf,para_blocks,2,7,text,,2,2,0.9238,"Nas últimas duas décadas, diversos estudos na Europa foram e estão sendo importantes para o conhecimento das tolerâncias da porcentagem de hidrogênio na rede de gás natural. A Quadro 1 resume estes estudos."
GGT_1247.pdf,preproc_blocks,2,7,text,,2,2,0.9238,"Nas últimas duas décadas, diversos estudos na Europa foram e estão sendo importantes para o conhecimento das tolerâncias da porcentagem de hidrogênio na rede de gás natural. A Quadro 1 resume estes estudos."
GGT_1247.pdf,para_blocks,3,4,text,,2,2,0.9698,"De acordo com o Balanço Energético Nacional 2020, o setor industrial é o maior consumidor de gás natural no Brasil, correspondendo a 47,5%, seguidos do setor energético com 37,8% e do setor de transportes com 11,5%."
GGT_1247.pdf,preproc_blocks,3,4,text,,2,2,0.9698,"De acordo com o Balanço Energético Nacional 2020, o setor industrial é o maior consumidor de gás natural no Brasil, correspondendo a 47,5%, seguidos do setor energético com 37,8% e do setor de transportes com 11,5%."
GGT_1247.pdf,para_blocks,3,5,text,,6,6,0.9868,"O setor residencial corresponde a apenas 2,3% da demanda de todo gás consumido no Brasil (EPE, 2020) e seu uso se dá basicamente para aquecimento de água e fogão e aquecimento de ambiente na região Sul. No entanto, grande parte do gás consumo é o GLP (Gás Liquefeito de Petróleo) ou gás de botijão, representando cerca de 96% em volume de todo gás consumido (EPE, 2020). Esta diferença se confere pelo fato da rede de distribuição de gás natural ainda não estar atendendo grande parte da população e também pelo GLP oferecer preços mais competitivos e atrativos para o consumo residencial."
GGT_1247.pdf,preproc_blocks,3,5,text,,6,6,0.9868,"O setor residencial corresponde a apenas 2,3% da demanda de todo gás consumido no Brasil (EPE, 2020) e seu uso se dá basicamente para aquecimento de água e fogão e aquecimento de ambiente na região Sul. No entanto, grande parte do gás consumo é o GLP (Gás Liquefeito de Petróleo) ou gás de botijão, representando cerca de 96% em volume de todo gás consumido (EPE, 2020). Esta diferença se confere pelo fato da rede de distribuição de gás natural ainda não estar atendendo grande parte da população e também pelo GLP oferecer preços mais competitivos e atrativos para o consumo residencial."
GGT_1247.pdf,para_blocks,3,6,text,,4,4,0.9845,"Além disso, o setor comercial representa apenas 0,68% do consumo de gás natural no Brasil. Este número é corroborado por uma pesquisa realizada com 10.216 empresas do setor comercial e de serviços no Brasil, conclui- se que gás natural é um insumo utilizado por parcela pouco significativa do setor de comércio e serviços, em que apenas 0,66% dos entrevistados informaram utilizar o energético (EPE, 2015)."
GGT_1247.pdf,preproc_blocks,3,6,text,,4,4,0.9845,"Além disso, o setor comercial representa apenas 0,68% do consumo de gás natural no Brasil. Este número é corroborado por uma pesquisa realizada com 10.216 empresas do setor comercial e de serviços no Brasil, conclui- se que gás natural é um insumo utilizado por parcela pouco significativa do setor de comércio e serviços, em que apenas 0,66% dos entrevistados informaram utilizar o energético (EPE, 2015)."
GGT_1247.pdf,para_blocks,3,7,text,,7,7,0.9879,"O setor energético é o segundo setor com o maior de consumo de gás natural no Brasil (EPE, 2020). A participação do gás natural na geração de energia elétrica vem crescendo e tende a crescer mais com a intenção do governo brasileiro de substituir as termelétricas a óleo por gás natural. No Plano Decenal de Energia 2029, o gás natural se apresenta como principal combustível para expansão de geração termelétrica (MME/EPE, 2020). Em 2020, foi inaugurada a maior termelétrica a gás natural da América Latina em Sergipe. Com potência de 1,5GW, a Termelétrica Porto de Sergipe poderá atender a 15% da demanda de energia elétrica da região Nordeste. (GOV.BR, 2020)"
GGT_1247.pdf,preproc_blocks,3,7,text,,7,7,0.9879,"O setor energético é o segundo setor com o maior de consumo de gás natural no Brasil (EPE, 2020). A participação do gás natural na geração de energia elétrica vem crescendo e tende a crescer mais com a intenção do governo brasileiro de substituir as termelétricas a óleo por gás natural. No Plano Decenal de Energia 2029, o gás natural se apresenta como principal combustível para expansão de geração termelétrica (MME/EPE, 2020). Em 2020, foi inaugurada a maior termelétrica a gás natural da América Latina em Sergipe. Com potência de 1,5GW, a Termelétrica Porto de Sergipe poderá atender a 15% da demanda de energia elétrica da região Nordeste. (GOV.BR, 2020)"
GGT_1247.pdf,para_blocks,3,8,text,,11,11,0.9884,"Esta decisão estratégica não é apenas uma questão ambiental pelo fato de o gás natural emitir menos GEE, mas também por uma questão econômica, por diminuir os custos com combustível. A utilização de turbinas a gás para geração de eletricidade é uma tendência global e utilização de hidrogênio na mistura não é novidade. O gás de síntese tem um alto teor de hidrogênio e já é utilizado há décadas para geração de energia. Além disso, grandes fabricantes como GE, Siemens e Mitsubishi já estão pensando no futuro e lançando no mercado tecnologias que trabalham com até 100% de hidrogênio (GOLDMEER, 2018). Taamallah et al. (2015) pontua que todas as turbinas a gás podem aceitar quantidades consideráveis de hidrogênio na mistura com gás natural, realizando pequenas modificações no sistema de combustão. Em uma publicação da fabricante de turbina a gás Mitsubishi Power, é relatado que as turbinas existentes hoje aceitam até 20% de hidrogênio sem problemas (MITSUBISHI POWER, 2020). De acordo com a GE, a nova geração da turbina 7HA, a mesma que foi instalada na Termelétrica Porto de Sergipe, tem capacidade para aceitar níveis de até 50% de hidrogênio em volume (GE, 2020)."
GGT_1247.pdf,preproc_blocks,3,8,text,,11,11,0.9884,"Esta decisão estratégica não é apenas uma questão ambiental pelo fato de o gás natural emitir menos GEE, mas também por uma questão econômica, por diminuir os custos com combustível. A utilização de turbinas a gás para geração de eletricidade é uma tendência global e utilização de hidrogênio na mistura não é novidade. O gás de síntese tem um alto teor de hidrogênio e já é utilizado há décadas para geração de energia. Além disso, grandes fabricantes como GE, Siemens e Mitsubishi já estão pensando no futuro e lançando no mercado tecnologias que trabalham com até 100% de hidrogênio (GOLDMEER, 2018). Taamallah et al. (2015) pontua que todas as turbinas a gás podem aceitar quantidades consideráveis de hidrogênio na mistura com gás natural, realizando pequenas modificações no sistema de combustão. Em uma publicação da fabricante de turbina a gás Mitsubishi Power, é relatado que as turbinas existentes hoje aceitam até 20% de hidrogênio sem problemas (MITSUBISHI POWER, 2020). De acordo com a GE, a nova geração da turbina 7HA, a mesma que foi instalada na Termelétrica Porto de Sergipe, tem capacidade para aceitar níveis de até 50% de hidrogênio em volume (GE, 2020)."
GGT_1247.pdf,para_blocks,3,9,text,,6,6,0.9877,"Em 2018, a EPE realizou uma pesquisa envolvendo 1.167 plantas industriais em 595 municípios brasileiros com o objetivo de realizar uma análise da eficiência energética no setor industrial do Brasil. No documento gerado é possível identificar em que etapa da produção, qual tipo de equipamento e processo o gás natural é utilizado para cada setor industrial (EPE, 2018b). Foi constatado, que o uso do gás natural no setor industrial como fonte de energia, é em sua maioria para calor de processo ou aquecimento direto, e em alguns casos isolados para força motriz e refrigeração. Abaixo a definição destes termos de acordo com a EPE (2018b):"
GGT_1247.pdf,preproc_blocks,3,9,text,,6,6,0.9877,"Em 2018, a EPE realizou uma pesquisa envolvendo 1.167 plantas industriais em 595 municípios brasileiros com o objetivo de realizar uma análise da eficiência energética no setor industrial do Brasil. No documento gerado é possível identificar em que etapa da produção, qual tipo de equipamento e processo o gás natural é utilizado para cada setor industrial (EPE, 2018b). Foi constatado, que o uso do gás natural no setor industrial como fonte de energia, é em sua maioria para calor de processo ou aquecimento direto, e em alguns casos isolados para força motriz e refrigeração. Abaixo a definição destes termos de acordo com a EPE (2018b):"
GGT_1247.pdf,para_blocks,3,10,text,,2,2,0.9686,"Força motriz (FM): energia usada em motores estacionários ou de veículos de transporte, individual ou coletivo, de carga, tratores etc.;"
GGT_1247.pdf,preproc_blocks,3,10,text,,2,2,0.9686,"Força motriz (FM): energia usada em motores estacionários ou de veículos de transporte, individual ou coletivo, de carga, tratores etc.;"
GGT_1247.pdf,para_blocks,3,12,text,,2,2,0.972,"Aquecimento Direto (AD): Energia usada em fornos, fornalhas, radiação, aquecimento por indução, condução e micro-ondas;"
GGT_1247.pdf,preproc_blocks,3,12,text,,2,2,0.972,"Aquecimento Direto (AD): Energia usada em fornos, fornalhas, radiação, aquecimento por indução, condução e micro-ondas;"
GGT_1247.pdf,para_blocks,3,13,text,,2,2,0.9717,"Refrigeração (REF): energia usada em geladeiras, freezers, equipamentos de refrigeração e ar- condicionado, tanto de ciclo de compressão como de absorção."
GGT_1247.pdf,preproc_blocks,3,13,text,,2,2,0.9717,"Refrigeração (REF): energia usada em geladeiras, freezers, equipamentos de refrigeração e ar- condicionado, tanto de ciclo de compressão como de absorção."
GGT_1247.pdf,para_blocks,3,14,text,,6,6,0.986,"O setor de transporte no Brasil se caracteriza pelo consumo de gás natural em carros com kit GNV (gás natural veicular). O GNV se tornou uma alternativa de combustível econômico para a população, principalmente para motoristas de taxi e aplicativos, que precisam cortar custos para oferecer preços competitivos no transporte. Hoje o kit GNV no Brasil já está na geração 5, em que se torna automático a alternância de combustível. Quando o carro precisa de mais força, o sistema aciona o combustível padrão do carro, quando está na estrada o GNV é acionado automaticamente."
GGT_1247.pdf,preproc_blocks,3,14,text,,6,6,0.986,"O setor de transporte no Brasil se caracteriza pelo consumo de gás natural em carros com kit GNV (gás natural veicular). O GNV se tornou uma alternativa de combustível econômico para a população, principalmente para motoristas de taxi e aplicativos, que precisam cortar custos para oferecer preços competitivos no transporte. Hoje o kit GNV no Brasil já está na geração 5, em que se torna automático a alternância de combustível. Quando o carro precisa de mais força, o sistema aciona o combustível padrão do carro, quando está na estrada o GNV é acionado automaticamente."
GGT_1247.pdf,para_blocks,3,15,text,,8,8,0.9863,"Diversos estudos tratam da utilização de HCNG (Hydrogen Enriched Compressed Natural Gas) em motores a combustão interna (ICE). Yan et al. (2018) realiza uma extensa revisão da literatura de diversos estudos na utilização HCNG em ICE. Chega-se à conclusão que o conteúdo de hidrogênio é o parâmetro mais importante que influencia a combustão de HCNG e o desempenho de emissão. O ICE alimentado com uma fração de hidrogênio maior pode causar combustão anormal, como pré-ignição, detonação e contraexplosão, enquanto com um conteúdo de hidrogênio relativamente menor, os benefícios do hidrogênio não podem ser aproveitados por completo. Em geral, concentrações de 18 a 30% de H2 em volume na mistura são os combustíveis mais amplamente adotados na literatura (YAN, XU, et al., 2018)."
GGT_1247.pdf,preproc_blocks,3,15,text,,8,8,0.9863,"Diversos estudos tratam da utilização de HCNG (Hydrogen Enriched Compressed Natural Gas) em motores a combustão interna (ICE). Yan et al. (2018) realiza uma extensa revisão da literatura de diversos estudos na utilização HCNG em ICE. Chega-se à conclusão que o conteúdo de hidrogênio é o parâmetro mais importante que influencia a combustão de HCNG e o desempenho de emissão. O ICE alimentado com uma fração de hidrogênio maior pode causar combustão anormal, como pré-ignição, detonação e contraexplosão, enquanto com um conteúdo de hidrogênio relativamente menor, os benefícios do hidrogênio não podem ser aproveitados por completo. Em geral, concentrações de 18 a 30% de H2 em volume na mistura são os combustíveis mais amplamente adotados na literatura (YAN, XU, et al., 2018)."
GGT_1247.pdf,para_blocks,4,3,text,,5,5,0.9842,"Este capítulo busca resumir a modelagem realizada para estimar as emissões de gases do efeito estufa e os custos evitados com a inserção do hidrogênio no Brasil e, assim, avaliar a eficiência energética alcançável com a mistura do hidrogênio às redes de gás natural do país. Para isso, foram realizadas projeções para demanda e custo do gás natural comparada a política de adoção da mistura de gás natural com 20% de hidrogênio produzida a partir da eletrólise PEM com fonte solar e eólica, e através da reforma a vapor do metano com captura de carbono."
GGT_1247.pdf,preproc_blocks,4,3,text,,5,5,0.9842,"Este capítulo busca resumir a modelagem realizada para estimar as emissões de gases do efeito estufa e os custos evitados com a inserção do hidrogênio no Brasil e, assim, avaliar a eficiência energética alcançável com a mistura do hidrogênio às redes de gás natural do país. Para isso, foram realizadas projeções para demanda e custo do gás natural comparada a política de adoção da mistura de gás natural com 20% de hidrogênio produzida a partir da eletrólise PEM com fonte solar e eólica, e através da reforma a vapor do metano com captura de carbono."
GGT_1247.pdf,para_blocks,4,5,text,,6,6,0.9864,"Apesar de o gás natural conter, além do metano, outros gases em sua mistura como butano, propano e etano, é suficiente considerar para fins de modelagem que o gás natural da mistura tem as mesmas propriedades do metano. De acordo com a Resolução 16/2008 da ANP, o gás natural precisa ter no mínimo 85% de metano para ser comercializado no Brasil, com exceção da região Norte que precisa de no mínimo 68% (ANP, 2008). Dessa forma, a reação de combustão de uma mistura de hidrogênio com gás natural pode ser expressa pela seguinte relação química, conforme a Equação 1 (LO BASSO et al., 2017):"
GGT_1247.pdf,preproc_blocks,4,5,text,,6,6,0.9864,"Apesar de o gás natural conter, além do metano, outros gases em sua mistura como butano, propano e etano, é suficiente considerar para fins de modelagem que o gás natural da mistura tem as mesmas propriedades do metano. De acordo com a Resolução 16/2008 da ANP, o gás natural precisa ter no mínimo 85% de metano para ser comercializado no Brasil, com exceção da região Norte que precisa de no mínimo 68% (ANP, 2008). Dessa forma, a reação de combustão de uma mistura de hidrogênio com gás natural pode ser expressa pela seguinte relação química, conforme a Equação 1 (LO BASSO et al., 2017):"
GGT_1247.pdf,para_blocks,4,8,text,,3,5,0.9767,"Onde f _ { H _ { 2 } } corresponde à fração em volume de hidrogênio na mistura e λ é o coeficiente de excesso de ar, definido como a razão entre a razão ar-combustível real e a razão ar-combustível estequiométrica (também referido na literatura como razão de equivalência ar-combustível)."
GGT_1247.pdf,preproc_blocks,4,8,text,,3,5,0.9767,"Onde f _ { H _ { 2 } } corresponde à fração em volume de hidrogênio na mistura e λ é o coeficiente de excesso de ar, definido como a razão entre a razão ar-combustível real e a razão ar-combustível estequiométrica (também referido na literatura como razão de equivalência ar-combustível)."
GGT_1247.pdf,para_blocks,4,9,text,,5,10,0.9802,"Os conteúdos de \mathsf { C O } _ { 2 } \mathsf { e O } _ { 2 } são geralmente medidos nos gases de combustão durante os testes experimentais para detectar a proporção real de ar-combustível (ou, em outros termos, o excesso de ar) para um valor conhecido de f _ { H _ { 2 } } O cálculo da composição volumétrica do escapamento é geralmente referido às condições secas, considerando assim a água completamente condensada. Nesta hipótese, o cálculo de \mathsf { C O } _ { 2 } é expresso pela Equação 2 (SCHIRO et al., 2020)."
GGT_1247.pdf,preproc_blocks,4,9,text,,5,10,0.9802,"Os conteúdos de \mathsf { C O } _ { 2 } \mathsf { e O } _ { 2 } são geralmente medidos nos gases de combustão durante os testes experimentais para detectar a proporção real de ar-combustível (ou, em outros termos, o excesso de ar) para um valor conhecido de f _ { H _ { 2 } } O cálculo da composição volumétrica do escapamento é geralmente referido às condições secas, considerando assim a água completamente condensada. Nesta hipótese, o cálculo de \mathsf { C O } _ { 2 } é expresso pela Equação 2 (SCHIRO et al., 2020)."
GGT_1247.pdf,para_blocks,4,12,text,,4,10,0.9757,"Sendo a descarbonização um dos principais impulsionadores da introdução do HENG, foi desenvolvida uma equação para o cálculo do volume de dióxido de carbono ( V _ { C O _ { 2 } } ) emitido por unidade de energia ( E _ { f } ) da mistura de HENG (Equações 3 \in 4 ) . O cálculo considera apenas a emissão de carbono relacionada à combustão do combustível (SCHIRO et al., 2020)."
GGT_1247.pdf,preproc_blocks,4,12,text,,4,10,0.9757,"Sendo a descarbonização um dos principais impulsionadores da introdução do HENG, foi desenvolvida uma equação para o cálculo do volume de dióxido de carbono ( V _ { C O _ { 2 } } ) emitido por unidade de energia ( E _ { f } ) da mistura de HENG (Equações 3 \in 4 ) . O cálculo considera apenas a emissão de carbono relacionada à combustão do combustível (SCHIRO et al., 2020)."
GGT_1247.pdf,para_blocks,4,17,text,,6,6,0.9864,"Propriedades dos gases como LHV (Low Heating Value, também referido com Net Calorific Value ou Poder Calorífico Inferior em português) e HHV (High Heating Value, também referido como Gross Calorific Value ou Poder Calorifico Superior em português), são primordiais para se avaliar a quantidade de energia térmica contida no gás. Dessa forma, a equação para LHV e HHV para a mistura de gases é descrita em SCHIRO et al. (2019). Observa-se na Figura 1 que os poderes caloríficos por unidade de volume diminuem com a porcentagem de hidrogênio, porém aumentam quando são calculados por unidade de massa."
GGT_1247.pdf,preproc_blocks,4,17,text,,6,6,0.9864,"Propriedades dos gases como LHV (Low Heating Value, também referido com Net Calorific Value ou Poder Calorífico Inferior em português) e HHV (High Heating Value, também referido como Gross Calorific Value ou Poder Calorifico Superior em português), são primordiais para se avaliar a quantidade de energia térmica contida no gás. Dessa forma, a equação para LHV e HHV para a mistura de gases é descrita em SCHIRO et al. (2019). Observa-se na Figura 1 que os poderes caloríficos por unidade de volume diminuem com a porcentagem de hidrogênio, porém aumentam quando são calculados por unidade de massa."
GGT_1247.pdf,para_blocks,5,2,text,,2,2,0.4853,Figura 1 - Comparação do comportamento dos poderes caloríficos por unidade de massa e volume de acordo com a porcentagem de hidrogênio na mistura.
GGT_1247.pdf,preproc_blocks,5,2,text,,2,2,0.4853,Figura 1 - Comparação do comportamento dos poderes caloríficos por unidade de massa e volume de acordo com a porcentagem de hidrogênio na mistura.
GGT_1247.pdf,para_blocks,5,4,text,,4,4,0.9811,"A ampliação das tecnologias de hidrogênio existentes fornecerá soluções competitivas de baixo carbono em uma ampla gama de aplicações até 2030 e pode até oferecer alternativas competitivas de baixo carbono aos combustíveis convencionais em alguns segmentos. No entanto, para atingir essa escala, é necessário investimento, alinhamento de políticas e criação de demanda (HYDROGEN COUNCIL, 2020)."
GGT_1247.pdf,preproc_blocks,5,4,text,,4,4,0.9811,"A ampliação das tecnologias de hidrogênio existentes fornecerá soluções competitivas de baixo carbono em uma ampla gama de aplicações até 2030 e pode até oferecer alternativas competitivas de baixo carbono aos combustíveis convencionais em alguns segmentos. No entanto, para atingir essa escala, é necessário investimento, alinhamento de políticas e criação de demanda (HYDROGEN COUNCIL, 2020)."
GGT_1247.pdf,para_blocks,5,5,text,,4,4,0.9772,"As fontes de energia determinam as emissões de GEE, bem como a demanda cumulativa de energia (CED) de todo o ciclo de vida (BAREISS et al., 2019). Parkinson et al. (2019) examinam os custos relativos e mitigação de carbono no ciclo de vida de 12 tecnologias diferentes de produção de hidrogênio. A Tabela 1 resume os resultados para as três tecnologias analisadas neste trabalho."
GGT_1247.pdf,preproc_blocks,5,5,text,,4,4,0.9772,"As fontes de energia determinam as emissões de GEE, bem como a demanda cumulativa de energia (CED) de todo o ciclo de vida (BAREISS et al., 2019). Parkinson et al. (2019) examinam os custos relativos e mitigação de carbono no ciclo de vida de 12 tecnologias diferentes de produção de hidrogênio. A Tabela 1 resume os resultados para as três tecnologias analisadas neste trabalho."
GGT_1247.pdf,para_blocks,5,9,text,,4,4,0.9457,"Para o cálculo das emissões do gás natural é preciso considerar todas as emissões relacionas ao ciclo de vida e combustão. As emissões relacionadas a combustão do gás natural correspondem a 56,2 gCO2eq/MJ (EDWARD et al., 2019). Para o ciclo de vida do gás natural foi utilizada os dados obtidos por SKONE et al. (2019) e estão resumidos na Figura 2."
GGT_1247.pdf,preproc_blocks,5,9,text,,4,4,0.9457,"Para o cálculo das emissões do gás natural é preciso considerar todas as emissões relacionas ao ciclo de vida e combustão. As emissões relacionadas a combustão do gás natural correspondem a 56,2 gCO2eq/MJ (EDWARD et al., 2019). Para o ciclo de vida do gás natural foi utilizada os dados obtidos por SKONE et al. (2019) e estão resumidos na Figura 2."
GGT_1247.pdf,para_blocks,5,12,text,,3,3,0.97,"Para o ciclo de vida do hidrogênio, são utilizados os dados da divulgados por PARKINSON et al. (2019), que relaciona as emissões de CO2/kg de hidrogênio produzido para diversas tecnologias. As informações das três alternativas analisadas neste trabalho são resumidas na Tabela 2."
GGT_1247.pdf,preproc_blocks,5,12,text,,3,3,0.97,"Para o ciclo de vida do hidrogênio, são utilizados os dados da divulgados por PARKINSON et al. (2019), que relaciona as emissões de CO2/kg de hidrogênio produzido para diversas tecnologias. As informações das três alternativas analisadas neste trabalho são resumidas na Tabela 2."
GGT_1247.pdf,para_blocks,5,16,text,,5,5,0.9832,"Anualmente a EPE publica o Plano Decenal de Expansão de Energia, onde são divulgados dados de estimativas para expansão do setor energético para os próximos 10 anos. Neste documento são divulgados os planos do Brasil para demanda de gás natural, o custo marginal de energia (CME) e o custo marginal de operação (CMO) esperado para os próximos anos. Estes dados são utilizados para que sejam estimados os custos envolvidos para expansão da energia elétrica necessária para produção do H2 anual e são resumidos na (EPE, 2017, 2018a, MME/EPE, 2020)."
GGT_1247.pdf,preproc_blocks,5,16,text,,5,5,0.9832,"Anualmente a EPE publica o Plano Decenal de Expansão de Energia, onde são divulgados dados de estimativas para expansão do setor energético para os próximos 10 anos. Neste documento são divulgados os planos do Brasil para demanda de gás natural, o custo marginal de energia (CME) e o custo marginal de operação (CMO) esperado para os próximos anos. Estes dados são utilizados para que sejam estimados os custos envolvidos para expansão da energia elétrica necessária para produção do H2 anual e são resumidos na (EPE, 2017, 2018a, MME/EPE, 2020)."
GGT_1247.pdf,para_blocks,5,17,text,,4,4,0.9797,"Para as projeções da demanda por gás natural, foram utilizadas as estimativas divulgadas no Plano Decenal de Energia (PDE) 2030 (EPE, 2021). O Ministério de Ciência, Tecnologia e Inovação (MCTI) divulga mensalmente o fator médio de emissão de CO2 do Sistema Interligado Nacional (SIN) de energia elétrica (MCTIC, 2020). O valor médio dos últimos dez anos, foi utilizado para as projeções."
GGT_1247.pdf,preproc_blocks,5,17,text,,4,4,0.9797,"Para as projeções da demanda por gás natural, foram utilizadas as estimativas divulgadas no Plano Decenal de Energia (PDE) 2030 (EPE, 2021). O Ministério de Ciência, Tecnologia e Inovação (MCTI) divulga mensalmente o fator médio de emissão de CO2 do Sistema Interligado Nacional (SIN) de energia elétrica (MCTIC, 2020). O valor médio dos últimos dez anos, foi utilizado para as projeções."
GGT_1247.pdf,para_blocks,6,2,text,,7,7,0.9876,"Como analisado nos capítulos anteriores, buscaram-se as frações de hidrogênio que fossem adequadas para cada tipo de equipamento utilizado de acordo com o setor de consumo no Brasil. Para construir um cenário viável para os próximos 10 anos, adotou-se a concentração de 20% para os setores de transporte, comercial, residencial, público, energético e industrial. As emissões de CO2 corresponde a emissões da combustão e transporte do metano somada as emissões da fabricação de hidrogênio e as do fator médio de emissão do SIN dos últimos 10 anos. Já o custo corresponde ao custo de produção do hidrogênio somado ao CME relacionado ao consumo de eletricidade para produção de hidrogênio e ao custo do GN a ser fornecido."
GGT_1247.pdf,preproc_blocks,6,2,text,,7,7,0.9876,"Como analisado nos capítulos anteriores, buscaram-se as frações de hidrogênio que fossem adequadas para cada tipo de equipamento utilizado de acordo com o setor de consumo no Brasil. Para construir um cenário viável para os próximos 10 anos, adotou-se a concentração de 20% para os setores de transporte, comercial, residencial, público, energético e industrial. As emissões de CO2 corresponde a emissões da combustão e transporte do metano somada as emissões da fabricação de hidrogênio e as do fator médio de emissão do SIN dos últimos 10 anos. Já o custo corresponde ao custo de produção do hidrogênio somado ao CME relacionado ao consumo de eletricidade para produção de hidrogênio e ao custo do GN a ser fornecido."
GGT_1247.pdf,para_blocks,6,3,text,,3,3,0.9738,"Na Tabela 3 - Resultados emissões evitadas 2020 por setor variando H2 [% vol]. Os setores que não estão presentes na tabela, são os que não realizam consumo de gás natural. Percebe-se nas duas primeiras linhas a porcentagem de CO2 evitado em função da porcentagem de H2 no gás natural."
GGT_1247.pdf,preproc_blocks,6,3,text,,3,3,0.9738,"Na Tabela 3 - Resultados emissões evitadas 2020 por setor variando H2 [% vol]. Os setores que não estão presentes na tabela, são os que não realizam consumo de gás natural. Percebe-se nas duas primeiras linhas a porcentagem de CO2 evitado em função da porcentagem de H2 no gás natural."
GGT_1247.pdf,para_blocks,6,6,text,,2,2,0.9251,"Na Figura 3 compara-se a projeção de tCO2 evitados pelo não fornecimento de 20% de GN para o setor energético e a soma dos setores industrial, comercial, residencial e transporte."
GGT_1247.pdf,preproc_blocks,6,6,text,,2,2,0.9251,"Na Figura 3 compara-se a projeção de tCO2 evitados pelo não fornecimento de 20% de GN para o setor energético e a soma dos setores industrial, comercial, residencial e transporte."
GGT_1247.pdf,para_blocks,6,9,text,,2,2,0.8959,"Da mesma forma, na Figura 4, compara-se a projeção de tCO2 evitados pela não combustão de 20% de GN para as mesmas duas categorias estabelecidas."
GGT_1247.pdf,preproc_blocks,6,9,text,,2,2,0.8959,"Da mesma forma, na Figura 4, compara-se a projeção de tCO2 evitados pela não combustão de 20% de GN para as mesmas duas categorias estabelecidas."
GGT_1247.pdf,para_blocks,6,12,text,,6,6,0.9856,"As Figura 5 e Figura 6 buscam comparar o custo total anual do fornecimento de 100% gás natural e de três tecnologias diferentes de produção de 20% de H2: eletrólise com energia solar, eletrólise com energia eólia e reforma a vapor do metano (SMR) com captura de carbono (CCS). Importante salientar que os gráficos apresentam as estimativas com o preço do GN na trajetória de referência para 2030. Como é possível observar, o custo de produção de hidrogênio por eletrólise representa a trajetória menos econômica, seguida da SMR-CCS e 100% gás natural. A produção de hidrogênio ainda é cara e por isso a viabilidade ainda se mantém abaixo das tecnologias tradicionais."
GGT_1247.pdf,preproc_blocks,6,12,text,,6,6,0.9856,"As Figura 5 e Figura 6 buscam comparar o custo total anual do fornecimento de 100% gás natural e de três tecnologias diferentes de produção de 20% de H2: eletrólise com energia solar, eletrólise com energia eólia e reforma a vapor do metano (SMR) com captura de carbono (CCS). Importante salientar que os gráficos apresentam as estimativas com o preço do GN na trajetória de referência para 2030. Como é possível observar, o custo de produção de hidrogênio por eletrólise representa a trajetória menos econômica, seguida da SMR-CCS e 100% gás natural. A produção de hidrogênio ainda é cara e por isso a viabilidade ainda se mantém abaixo das tecnologias tradicionais."
GGT_1247.pdf,para_blocks,7,2,text,,2,2,0.9157,"Importante frisar que foi utilizado um valor de uma trajetória central para o custo de produção dessas tecnologias, então há variações de acordo com o projeto de produção."
GGT_1247.pdf,preproc_blocks,7,2,text,,2,2,0.9157,"Importante frisar que foi utilizado um valor de uma trajetória central para o custo de produção dessas tecnologias, então há variações de acordo com o projeto de produção."
GGT_1247.pdf,para_blocks,7,7,text,,3,3,0.8924,"As Figura 7 e Figura 8 representam a comparação com as mesmas tecnologias, porém com relação as tCO2 emitidas. Observa-se que, como esperado a trajetória de 100 % GN é a que mais emite CO2 na atmosfera e as tecnologias de eletrólise com energia renovável oferecem uma vantagem com relação a descarbonização."
GGT_1247.pdf,preproc_blocks,7,7,text,,3,3,0.8924,"As Figura 7 e Figura 8 representam a comparação com as mesmas tecnologias, porém com relação as tCO2 emitidas. Observa-se que, como esperado a trajetória de 100 % GN é a que mais emite CO2 na atmosfera e as tecnologias de eletrólise com energia renovável oferecem uma vantagem com relação a descarbonização."
GGT_1247.pdf,para_blocks,8,2,text,,5,5,0.9851,"Neste trabalho, foram estimadas as emissões de gases efeito estufa e os custos evitados com a inserção do hidrogênio nas redes de gás natural no Brasil e, assim, atingindo o objetivo principal. Também foi possível comparar diversas tecnologias de produção de hidrogênio, com suas respectivas emissões de GHG e custos anuais. Dessa forma, foi possível quantificar os benefícios ambientais e econômicos na projeção decenal de demanda por gás natural, substituído por HENG."
GGT_1247.pdf,preproc_blocks,8,2,text,,5,5,0.9851,"Neste trabalho, foram estimadas as emissões de gases efeito estufa e os custos evitados com a inserção do hidrogênio nas redes de gás natural no Brasil e, assim, atingindo o objetivo principal. Também foi possível comparar diversas tecnologias de produção de hidrogênio, com suas respectivas emissões de GHG e custos anuais. Dessa forma, foi possível quantificar os benefícios ambientais e econômicos na projeção decenal de demanda por gás natural, substituído por HENG."
GGT_1247.pdf,para_blocks,8,3,text,,5,5,0.9853,"Observou-se que, a política de adoção da mistura de gás natural com 20% de volume de hidrogênio a matriz de fornecimento tem grande capacidade de descarbonização, porém os custos envolvidos para produção aumentam consideravelmente para produção de hidrogênio através da eletrólise PEM, tanto com fonte solar como eólica. As estimativas indicam que a alternativa com produção do hidrogênio através da reforma do gás natural com captura de carbono seria mais econômica do que os custo projetado para 100% de gás natural."
GGT_1247.pdf,preproc_blocks,8,3,text,,5,5,0.9853,"Observou-se que, a política de adoção da mistura de gás natural com 20% de volume de hidrogênio a matriz de fornecimento tem grande capacidade de descarbonização, porém os custos envolvidos para produção aumentam consideravelmente para produção de hidrogênio através da eletrólise PEM, tanto com fonte solar como eólica. As estimativas indicam que a alternativa com produção do hidrogênio através da reforma do gás natural com captura de carbono seria mais econômica do que os custo projetado para 100% de gás natural."
GGT_1247.pdf,para_blocks,8,4,text,,3,3,0.9763,"No entanto, para a produção de hidrogênio como fonte energética em qualquer uma das rotas de produção analisada, seria preciso um alto investimento em infraestrutura, que não foi contabilizado neste trabalho. Assim, é recomendado que esta contabilização seja realizada para próximos trabalhos."
GGT_1247.pdf,preproc_blocks,8,4,text,,3,3,0.9763,"No entanto, para a produção de hidrogênio como fonte energética em qualquer uma das rotas de produção analisada, seria preciso um alto investimento em infraestrutura, que não foi contabilizado neste trabalho. Assim, é recomendado que esta contabilização seja realizada para próximos trabalhos."
GGT_1247.pdf,para_blocks,8,6,ref_text,,2,2,0.7939,"(1) ABNT. Gás Natural – NBR 15213 – Cálculo de propriedades físico-químicas a partir da composição, 2008 (2) ANP. RESOLUÇÃO ANP No 16, DE 17.6.2008 - DOU 18.6.2008), 2008"
GGT_1247.pdf,preproc_blocks,8,6,ref_text,,2,2,0.7939,"(1) ABNT. Gás Natural – NBR 15213 – Cálculo de propriedades físico-químicas a partir da composição, 2008 (2) ANP. RESOLUÇÃO ANP No 16, DE 17.6.2008 - DOU 18.6.2008), 2008"
GGT_1247.pdf,para_blocks,8,7,ref_text,,2,2,0.9628,"(3) BAREISS, K., DE LA RUA, C., MÖCKL, M., et al. ""Life cycle assessment of hydrogen from proton exchange membrane water electrolysis in future energy systems"", Applied Energy, 2019."
GGT_1247.pdf,preproc_blocks,8,7,ref_text,,2,2,0.9628,"(3) BAREISS, K., DE LA RUA, C., MÖCKL, M., et al. ""Life cycle assessment of hydrogen from proton exchange membrane water electrolysis in future energy systems"", Applied Energy, 2019."
GGT_1247.pdf,para_blocks,8,8,ref_text,,2,2,0.9642,"(4) DAWOOD, F., ANDA, M., SHAFIULLAH, G. M. Hydrogen production for energy: An overview. International Journal of Hydrogen Energy, 2020"
GGT_1247.pdf,preproc_blocks,8,8,ref_text,,2,2,0.9642,"(4) DAWOOD, F., ANDA, M., SHAFIULLAH, G. M. Hydrogen production for energy: An overview. International Journal of Hydrogen Energy, 2020"
GGT_1247.pdf,para_blocks,8,20,ref_text,,3,3,0.9743,"(16) J. Littlefield, S. Roman-White, D. Augustine, “A. Pegallapati, G. G. Zaimes, S. Rai, G. Cooney, T. J. Skone. Life Cycle Analysis of Natural Gas Extraction and Power Generation,"" National Energy Technology Laboratory, Pittsburgh, April 5, 2019."
GGT_1247.pdf,preproc_blocks,8,20,ref_text,,3,3,0.9743,"(16) J. Littlefield, S. Roman-White, D. Augustine, “A. Pegallapati, G. G. Zaimes, S. Rai, G. Cooney, T. J. Skone. Life Cycle Analysis of Natural Gas Extraction and Power Generation,"" National Energy Technology Laboratory, Pittsburgh, April 5, 2019."
GGT_1247.pdf,para_blocks,8,21,ref_text,,3,3,0.9766,"(17) JONES, D. R., AL-MASRY, W. A., DUNNILL, C. W. Hydrogen-enriched natural gas as a domestic fuel: An analysis based on flash-back and blow-off limits for domestic natural gas appliances within the UK. Sustainable Energy and Fuels, 2018"
GGT_1247.pdf,preproc_blocks,8,21,ref_text,,3,3,0.9766,"(17) JONES, D. R., AL-MASRY, W. A., DUNNILL, C. W. Hydrogen-enriched natural gas as a domestic fuel: An analysis based on flash-back and blow-off limits for domestic natural gas appliances within the UK. Sustainable Energy and Fuels, 2018"
GGT_1247.pdf,para_blocks,8,22,ref_text,,2,2,0.9734,"(18) KASKE, G., PLENARD, F. J. ""High-purity hydrogen distribution network for industrial use in Western Europe"", International Journal of Hydrogen Energy, v. 10, n. 7–8, 1985."
GGT_1247.pdf,preproc_blocks,8,22,ref_text,,2,2,0.9734,"(18) KASKE, G., PLENARD, F. J. ""High-purity hydrogen distribution network for industrial use in Western Europe"", International Journal of Hydrogen Energy, v. 10, n. 7–8, 1985."
GGT_1247.pdf,para_blocks,8,23,ref_text,,2,2,0.9727,"(19) KOUCHACHVILI, L., ENTCHEV, E. ""Power to gas and H2/NG blend in SMART energy networks concept"", Renewable Energy, 2018."
GGT_1247.pdf,preproc_blocks,8,23,ref_text,,2,2,0.9727,"(19) KOUCHACHVILI, L., ENTCHEV, E. ""Power to gas and H2/NG blend in SMART energy networks concept"", Renewable Energy, 2018."
GGT_1247.pdf,para_blocks,8,24,ref_text,,3,3,0.9768,"(20) LO BASSO, G., NASTASI, B., ASTIASO GARCIA, D., et al. ""How to handle the Hydrogen enriched Natural Gas blends in combustion efficiency measurement procedure of conventional and condensing boilers"", Energy, 2017."
GGT_1247.pdf,preproc_blocks,8,24,ref_text,,3,3,0.9768,"(20) LO BASSO, G., NASTASI, B., ASTIASO GARCIA, D., et al. ""How to handle the Hydrogen enriched Natural Gas blends in combustion efficiency measurement procedure of conventional and condensing boilers"", Energy, 2017."
GGT_1247.pdf,para_blocks,8,25,ref_text,,2,2,0.9707,"(21) MCTIC. Fator médio - Inventários corporativos. 2020. Ministério da Ciência, Tecnologia e Inovações do Brasil."
GGT_1247.pdf,preproc_blocks,8,25,ref_text,,2,2,0.9707,"(21) MCTIC. Fator médio - Inventários corporativos. 2020. Ministério da Ciência, Tecnologia e Inovações do Brasil."
GGT_1247.pdf,para_blocks,8,26,ref_text,,2,2,0.9712,"(22) MELAINA, M., ANTONIA, O., PENEV, M. ""Blending Hydrogen into Natural Gas Pipeline Networks: A Review of Key Issues"", Contract, 2013. DOI: 10.2172/1068610."
GGT_1247.pdf,preproc_blocks,8,26,ref_text,,2,2,0.9712,"(22) MELAINA, M., ANTONIA, O., PENEV, M. ""Blending Hydrogen into Natural Gas Pipeline Networks: A Review of Key Issues"", Contract, 2013. DOI: 10.2172/1068610."
GGT_1247.pdf,para_blocks,8,29,ref_text,,2,2,0.9671,"(25) OGDEN, J., JAFFE, A. M., SCHEITRUM, D., et al. ""Natural gas as a bridge to hydrogen transportation fuel: Insights from the literature"", Energy Policy, v. 115, 2018. DOI: 10.1016/j.enpol.2017.12.049."
GGT_1247.pdf,preproc_blocks,8,29,ref_text,,2,2,0.9671,"(25) OGDEN, J., JAFFE, A. M., SCHEITRUM, D., et al. ""Natural gas as a bridge to hydrogen transportation fuel: Insights from the literature"", Energy Policy, v. 115, 2018. DOI: 10.1016/j.enpol.2017.12.049."
GGT_1247.pdf,para_blocks,8,30,ref_text,,3,3,0.9766,"(26) ÖNEY, F., VEZIROLU, T. N., DÜLGER, Z. ""Evaluation of pipeline transportation of hydrogen and natural gas mixtures"", International Journal of Hydrogen Energy, v. 19, n. 10, 1994. DOI: 10.1016/0360-3199(94)90198- 8."
GGT_1247.pdf,preproc_blocks,8,30,ref_text,,3,3,0.9766,"(26) ÖNEY, F., VEZIROLU, T. N., DÜLGER, Z. ""Evaluation of pipeline transportation of hydrogen and natural gas mixtures"", International Journal of Hydrogen Energy, v. 19, n. 10, 1994. DOI: 10.1016/0360-3199(94)90198- 8."
GGT_1247.pdf,para_blocks,8,31,ref_text,,2,2,0.9684,"(27) PELLEGRINO, S., LANZINI, A., LEONE, P. Greening the gas network – The need for modelling the distributed injection of alternative fuels. Renewable and Sustainable Energy Reviews]. , 2017"
GGT_1247.pdf,preproc_blocks,8,31,ref_text,,2,2,0.9684,"(27) PELLEGRINO, S., LANZINI, A., LEONE, P. Greening the gas network – The need for modelling the distributed injection of alternative fuels. Renewable and Sustainable Energy Reviews]. , 2017"
GGT_1247.pdf,para_blocks,8,33,ref_text,,2,2,0.9654,"(29) SCHIRO, F., STOPPATO, A., BENATO, A. ""Modelling and analyzing the impact of hydrogen enriched natural gas on domestic gas boilers in a decarbonization perspective"", 2020."
GGT_1247.pdf,preproc_blocks,8,33,ref_text,,2,2,0.9654,"(29) SCHIRO, F., STOPPATO, A., BENATO, A. ""Modelling and analyzing the impact of hydrogen enriched natural gas on domestic gas boilers in a decarbonization perspective"", 2020."
GGT_1247.pdf,para_blocks,8,34,ref_text,,2,2,0.9698,"(30) SCHIRO, F., STOPPATO, A., BENATO, A. ""Potentialities of hydrogen enriched natural gas for residential heating decarbonization and impact analysis on premixed boilers"". 2019. Anais [...] [S.l: s.n.], 2019."
GGT_1247.pdf,preproc_blocks,8,34,ref_text,,2,2,0.9698,"(30) SCHIRO, F., STOPPATO, A., BENATO, A. ""Potentialities of hydrogen enriched natural gas for residential heating decarbonization and impact analysis on premixed boilers"". 2019. Anais [...] [S.l: s.n.], 2019."
GGT_1247.pdf,para_blocks,9,2,ref_text,,2,2,0.9603,"(31) TENHUMBERG, N., BÜKER, K. ""Ecological and Economic Evaluation of Hydrogen Production by Different Water Electrolysis Technologies"", Chemie-Ingenieur-Technik, v. 92, n. 10, 2020."
GGT_1247.pdf,preproc_blocks,9,2,ref_text,,2,2,0.9603,"(31) TENHUMBERG, N., BÜKER, K. ""Ecological and Economic Evaluation of Hydrogen Production by Different Water Electrolysis Technologies"", Chemie-Ingenieur-Technik, v. 92, n. 10, 2020."
GGT_1247.pdf,para_blocks,9,5,ref_text,,2,2,0.9591,"(34) YAN, F., XU, L., WANG, Y. Application of hydrogen enriched natural gas in spark ignition IC engines: from fundamental fuel properties to engine performances and emissions,2018"
GGT_1247.pdf,preproc_blocks,9,5,ref_text,,2,2,0.9591,"(34) YAN, F., XU, L., WANG, Y. Application of hydrogen enriched natural gas in spark ignition IC engines: from fundamental fuel properties to engine performances and emissions,2018"
GGT_1247.pdf,para_blocks,10,5,text,,7,7,0.9854,"Experiência de 7 anos em gerenciamento e execução de projetos voltados a geração de energia, sustentabilidade e educação. Responsável pela captação de recursos, elaboração de projetos, gerenciamento de equipes e prestação financeira de projetos financiados por grandes empresas como Alcoa e Tetra Tech. Formado em Engenharia Mecânica pela PUC-Rio e Australian National University. Mestrado em Petróleo e Energia pela PUC-Rio, fazendo parte do projeto Atlas Rio Solar. Atualmente pesquisador de Doutorado em sistemas energéticos, fazendo parte do Projeto H2 da PUC-Rio/GESEL e pesquisador associado na FGV Energia."
GGT_1247.pdf,preproc_blocks,10,5,text,,7,7,0.9854,"Experiência de 7 anos em gerenciamento e execução de projetos voltados a geração de energia, sustentabilidade e educação. Responsável pela captação de recursos, elaboração de projetos, gerenciamento de equipes e prestação financeira de projetos financiados por grandes empresas como Alcoa e Tetra Tech. Formado em Engenharia Mecânica pela PUC-Rio e Australian National University. Mestrado em Petróleo e Energia pela PUC-Rio, fazendo parte do projeto Atlas Rio Solar. Atualmente pesquisador de Doutorado em sistemas energéticos, fazendo parte do Projeto H2 da PUC-Rio/GESEL e pesquisador associado na FGV Energia."
GGT_1247.pdf,para_blocks,10,7,text,,6,6,0.9859,"Rodrigo Flora Calili atualmente é professor adjunto do Programa de Pós-Graduação em Metrologia e do Mestrado Profissional de Engenharia Urbana e Ambiental da PUC-Rio. Tem Pós-doutorado em Metrologia pela PUC-Rio (2016) e é Doutor em Engenharia Elétrica pela PUC-Rio (2013) com ênfase em Sistemas de Energia, tendo feito um ano de doutorado sanduíche na França na École de Mines de Paris (2012), mestre em Engenharia Elétrica pela PUC-Rio (2006) com ênfase Métodos e Apoio à Decisão e graduado em Engenharia Elétrica pela UFJF (2003). Trabalhou e trabalha como consultor e pesquisador em diversos projetos de empresas setor elétrico."
GGT_1247.pdf,preproc_blocks,10,7,text,,6,6,0.9859,"Rodrigo Flora Calili atualmente é professor adjunto do Programa de Pós-Graduação em Metrologia e do Mestrado Profissional de Engenharia Urbana e Ambiental da PUC-Rio. Tem Pós-doutorado em Metrologia pela PUC-Rio (2016) e é Doutor em Engenharia Elétrica pela PUC-Rio (2013) com ênfase em Sistemas de Energia, tendo feito um ano de doutorado sanduíche na França na École de Mines de Paris (2012), mestre em Engenharia Elétrica pela PUC-Rio (2006) com ênfase Métodos e Apoio à Decisão e graduado em Engenharia Elétrica pela UFJF (2003). Trabalhou e trabalha como consultor e pesquisador em diversos projetos de empresas setor elétrico."
GGT_1247.pdf,para_blocks,10,9,text,,7,7,0.9866,"Professor da PUC-Rio, trabalhou na Purdue University. Atua na área de energia, orientou mais de 110 Teses de Mestrado, Doutorado, Pós-doutorado e trabalhos de graduação. Autor de mais de 200 artigos científicos. Convênios de cooperação científica com entidades na Alemanha, Argentina, França, Itália e Peru. Diretor do Instituto Tecnológico e Laboratório de Engenharia Veicular. Membro do Comitê Executivo do Instituto de Energia da PUC- Rio. Construiu o CDEV - Centro de Desenvolvimento em Energia e Veículos onde são desenvolvidas pesquisas em energias renováveis: biocombustíveis, hidrogênio, solar e outras. Cientista do Nosso Estado pela FAPERJ e Membro da Academia Nacional de Engenharia."
GGT_1247.pdf,preproc_blocks,10,9,text,,7,7,0.9866,"Professor da PUC-Rio, trabalhou na Purdue University. Atua na área de energia, orientou mais de 110 Teses de Mestrado, Doutorado, Pós-doutorado e trabalhos de graduação. Autor de mais de 200 artigos científicos. Convênios de cooperação científica com entidades na Alemanha, Argentina, França, Itália e Peru. Diretor do Instituto Tecnológico e Laboratório de Engenharia Veicular. Membro do Comitê Executivo do Instituto de Energia da PUC- Rio. Construiu o CDEV - Centro de Desenvolvimento em Energia e Veículos onde são desenvolvidas pesquisas em energias renováveis: biocombustíveis, hidrogênio, solar e outras. Cientista do Nosso Estado pela FAPERJ e Membro da Academia Nacional de Engenharia."
GTL_0081.pdf,discarded_blocks,1,1,header,,4,4,0.8037,XXVII Seminário Nacional de Produção e Transmissão de Energia Elétrica XXVIISNPTEE
GTL_0081.pdf,discarded_blocks,1,2,header,,2,2,0.733,0081 GTL/4
GTL_0081.pdf,para_blocks,1,3,title,1.0,2,2,0.9605,GRUPO DE ESTUDO DE SISTEMAS DE INFORMAÇÃO E TELECOMUNICAÇÃO PARA SISTEMAS ELÉTRICOS - GTL
GTL_0081.pdf,preproc_blocks,1,3,title,1.0,2,2,0.9605,GRUPO DE ESTUDO DE SISTEMAS DE INFORMAÇÃO E TELECOMUNICAÇÃO PARA SISTEMAS ELÉTRICOS - GTL
GTL_0081.pdf,para_blocks,1,5,title,1.0,3,3,0.9671,CLAUDIO VINICIUS DUARTE CABRAL(1);WILLAMS VIDAL SAMPAIO(2);SIDNEY FERREIRA PINTO(3);CLEITON SILVA CASTRO(4);ANDRE LUIS DE FREITAS FARIAS(5) CENTRAIS ELETRICAS DO NORTE DO BRASIL S/A(1)
GTL_0081.pdf,preproc_blocks,1,5,title,1.0,3,3,0.9671,CLAUDIO VINICIUS DUARTE CABRAL(1);WILLAMS VIDAL SAMPAIO(2);SIDNEY FERREIRA PINTO(3);CLEITON SILVA CASTRO(4);ANDRE LUIS DE FREITAS FARIAS(5) CENTRAIS ELETRICAS DO NORTE DO BRASIL S/A(1)
GTL_0081.pdf,para_blocks,1,7,text,,5,5,0.982,"O Centro Virtual de Operação foi desenvolvido com tecnologias de realidade virtual e computação em nuvem (cloud computing), integradas com sistemas especialistas SCADA (SAGE). O Centro de Operação Virtual é uma réplica digital (digital twin) da sala e controle do Centro de Operação Integrada de Geração e Transmissão - COI GT. Este ambiente, acessado com o uso de óculos de realidade virtual – VR, apresenta um layout digital dos elementos reais presentes em uma sala controle de operação em tempo real."
GTL_0081.pdf,preproc_blocks,1,7,text,,5,5,0.982,"O Centro Virtual de Operação foi desenvolvido com tecnologias de realidade virtual e computação em nuvem (cloud computing), integradas com sistemas especialistas SCADA (SAGE). O Centro de Operação Virtual é uma réplica digital (digital twin) da sala e controle do Centro de Operação Integrada de Geração e Transmissão - COI GT. Este ambiente, acessado com o uso de óculos de realidade virtual – VR, apresenta um layout digital dos elementos reais presentes em uma sala controle de operação em tempo real."
GTL_0081.pdf,para_blocks,1,11,text,,4,4,0.9799,"A Indústria 4.0 é a quarta revolução industrial que está sendo caracterizada pelo uso da tecnologia da informação para automatizar processos industriais, a partir dos avanços em áreas como inteligência artificial, internet das coisas, robótica e análise de dados. Com o objetivo de aumentar a eficiência, reduzir os custos e melhorar a qualidade dos produtos, a Indústria 4.0 está mudando a maneira como a produção é realizada e os produtos são desenvolvidos."
GTL_0081.pdf,preproc_blocks,1,11,text,,4,4,0.9799,"A Indústria 4.0 é a quarta revolução industrial que está sendo caracterizada pelo uso da tecnologia da informação para automatizar processos industriais, a partir dos avanços em áreas como inteligência artificial, internet das coisas, robótica e análise de dados. Com o objetivo de aumentar a eficiência, reduzir os custos e melhorar a qualidade dos produtos, a Indústria 4.0 está mudando a maneira como a produção é realizada e os produtos são desenvolvidos."
GTL_0081.pdf,para_blocks,1,12,text,,6,6,0.985,"O metaverso é a visão de um universo virtual coletivo, que pode ser acessado através da tecnologia da realidade virtual. Ele é criado a partir de uma combinação de realidade virtual e inteligência artificial, com o objetivo de criar uma experiência imersiva para o usuário. Esta tecnologia permite que os usuários explorem, criem e colaborem em um ambiente virtual, onde eles podem interagir com outras pessoas e objetos virtuais de maneira realista. Além disso, o metaverso pode ser usado para aplicações comerciais, como a venda de produtos virtuais, a realização de eventos virtuais e a criação de novas formas de entretenimento."
GTL_0081.pdf,preproc_blocks,1,12,text,,6,6,0.985,"O metaverso é a visão de um universo virtual coletivo, que pode ser acessado através da tecnologia da realidade virtual. Ele é criado a partir de uma combinação de realidade virtual e inteligência artificial, com o objetivo de criar uma experiência imersiva para o usuário. Esta tecnologia permite que os usuários explorem, criem e colaborem em um ambiente virtual, onde eles podem interagir com outras pessoas e objetos virtuais de maneira realista. Além disso, o metaverso pode ser usado para aplicações comerciais, como a venda de produtos virtuais, a realização de eventos virtuais e a criação de novas formas de entretenimento."
GTL_0081.pdf,para_blocks,1,13,text,,4,4,0.9799,"A Indústria 4.0 e o metaverso estão se complementando em muitos aspectos. A Indústria 4.0 está fornecendo a tecnologia necessária para criar o metaverso, e o metaverso está fornecendo novas formas de usar essa tecnologia para melhorar a produção e a venda de produtos. Além disso, a Indústria 4.0 está usando o metaverso para criar novas formas de treinar e capacitar funcionários, além de fornecer novas formas de entretenimento e socialização."
GTL_0081.pdf,preproc_blocks,1,13,text,,4,4,0.9799,"A Indústria 4.0 e o metaverso estão se complementando em muitos aspectos. A Indústria 4.0 está fornecendo a tecnologia necessária para criar o metaverso, e o metaverso está fornecendo novas formas de usar essa tecnologia para melhorar a produção e a venda de produtos. Além disso, a Indústria 4.0 está usando o metaverso para criar novas formas de treinar e capacitar funcionários, além de fornecer novas formas de entretenimento e socialização."
GTL_0081.pdf,para_blocks,1,15,text,,4,4,0.9818,"No ano de 2022, a Eletrobras Eletronorte desenvolveu um projeto estratégico com tema principal a inovação do macroprocesso “Operar”, consolidando o uso de metodologias ágeis na gestão dos PECs, busca de novas tecnológicas de indústria 4.0 e a aplicação destas tecnologias disruptivas. As inovações desenvolvidas no decorrer do projeto estão pavimentando a jornada da transformação digital no processo “Operar”."
GTL_0081.pdf,preproc_blocks,1,15,text,,4,4,0.9818,"No ano de 2022, a Eletrobras Eletronorte desenvolveu um projeto estratégico com tema principal a inovação do macroprocesso “Operar”, consolidando o uso de metodologias ágeis na gestão dos PECs, busca de novas tecnológicas de indústria 4.0 e a aplicação destas tecnologias disruptivas. As inovações desenvolvidas no decorrer do projeto estão pavimentando a jornada da transformação digital no processo “Operar”."
GTL_0081.pdf,para_blocks,1,16,text,,7,7,0.9861,"Uma das inovações desenvolvidas foi o Minimum Viable Product - MVP do Centro Virtual de Operação, desenvolvido com tecnologias de realidade virtual e computação em nuvem (cloud computing), integradas com sistemas especialistas. O Centro de Operação Virtual é uma réplica digital (digital twin) da sala e controle do Centro de Operação Integrada de Geração e Transmissão - COI G&T. Os técnicos de operação acessaram o ambiente virtual com o uso de óculos de realidade virtual – VR. Estes óculos proporcionam uma experiência sintética e imersiva, sem nenhum senso do mundo real externo. A seguir são apresentadas imagens do Centro de Operação Virtual e as fotografias do Centro Real de Operação do COI G&T:"
GTL_0081.pdf,preproc_blocks,1,16,text,,7,7,0.9861,"Uma das inovações desenvolvidas foi o Minimum Viable Product - MVP do Centro Virtual de Operação, desenvolvido com tecnologias de realidade virtual e computação em nuvem (cloud computing), integradas com sistemas especialistas. O Centro de Operação Virtual é uma réplica digital (digital twin) da sala e controle do Centro de Operação Integrada de Geração e Transmissão - COI G&T. Os técnicos de operação acessaram o ambiente virtual com o uso de óculos de realidade virtual – VR. Estes óculos proporcionam uma experiência sintética e imersiva, sem nenhum senso do mundo real externo. A seguir são apresentadas imagens do Centro de Operação Virtual e as fotografias do Centro Real de Operação do COI G&T:"
GTL_0081.pdf,para_blocks,3,4,text,,4,4,0.9836,"O Centro de Operação Virtual do COI G&T apresenta um layout digital dos elementos reais presentes em uma sala controle de operação em tempo real. Nas figuras 03 e 04 identificamos o videowall do Centro Virtual e Centro Real do COI G&T, respectivamente, com telas do Sistema Aberto de Gerenciamento de Energia - SAGE apresentando informações em tempo real do Sistema Elétrico da Eletronorte."
GTL_0081.pdf,preproc_blocks,3,4,text,,4,4,0.9836,"O Centro de Operação Virtual do COI G&T apresenta um layout digital dos elementos reais presentes em uma sala controle de operação em tempo real. Nas figuras 03 e 04 identificamos o videowall do Centro Virtual e Centro Real do COI G&T, respectivamente, com telas do Sistema Aberto de Gerenciamento de Energia - SAGE apresentando informações em tempo real do Sistema Elétrico da Eletronorte."
GTL_0081.pdf,para_blocks,3,5,text,,4,4,0.982,"Adicionalmente, observamos os postos de operação virtual (figuras 05 e 07) e real (figura 6) onde os operadores desempenham as suas atividades cotidianas, bem como diversos itens que apresentam a identidade visual da Eletronorte, como a usina hidrelétrica de Tucuruí, a nova sede da Eletronorte e a Enia – Assistente Inteligente da Eletronorte (figuras 08 e 09)."
GTL_0081.pdf,preproc_blocks,3,5,text,,4,4,0.982,"Adicionalmente, observamos os postos de operação virtual (figuras 05 e 07) e real (figura 6) onde os operadores desempenham as suas atividades cotidianas, bem como diversos itens que apresentam a identidade visual da Eletronorte, como a usina hidrelétrica de Tucuruí, a nova sede da Eletronorte e a Enia – Assistente Inteligente da Eletronorte (figuras 08 e 09)."
GTL_0081.pdf,para_blocks,3,7,text,,6,6,0.9867,"No momento a empresa está desenvolvendo uma versão mais completa do Centro Virtual, o qual será aplicado para agilizar o suporte operacional especializado em situações emergenciais, especialmente durante grandes blecautes no sistema. Neste contexto, o ambiente virtual será utilizado como um espaço para interação entre especialistas em operação (ex: supervisores experientes, gerentes, etc), fisicamente distantes do Centro de Operação, e um operador presente no centro físico. Antes da solução, as interações eram realizadas por telefone, limitando o suporte aos operadores presentes na sala de controle."
GTL_0081.pdf,preproc_blocks,3,7,text,,6,6,0.9867,"No momento a empresa está desenvolvendo uma versão mais completa do Centro Virtual, o qual será aplicado para agilizar o suporte operacional especializado em situações emergenciais, especialmente durante grandes blecautes no sistema. Neste contexto, o ambiente virtual será utilizado como um espaço para interação entre especialistas em operação (ex: supervisores experientes, gerentes, etc), fisicamente distantes do Centro de Operação, e um operador presente no centro físico. Antes da solução, as interações eram realizadas por telefone, limitando o suporte aos operadores presentes na sala de controle."
GTL_0081.pdf,para_blocks,3,8,text,,2,2,0.9674,"Adicionalmente, está sendo previsto alguns desenvolvimentos futuros para utilização em simulações e treinamentos aumentando a experiencia dos treinandos em um ambiente virtual mais aproximado do cenário real."
GTL_0081.pdf,preproc_blocks,3,8,text,,2,2,0.9674,"Adicionalmente, está sendo previsto alguns desenvolvimentos futuros para utilização em simulações e treinamentos aumentando a experiencia dos treinandos em um ambiente virtual mais aproximado do cenário real."
GTL_0081.pdf,para_blocks,3,10,text,,6,6,0.9856,"Os resultados alcançados fortalecem o caráter inovador do MVP para a Eletronorte e no Setor Elétrico, e estabelece a primeira experiência da Eletronorte no “metaverso”, a partir de um ambiente dedicado, customizável, acessível de forma remota, com controle e segurança necessários. Adicionalmente, a inovação está alinhada ao movimento de transformação digital em seus processos operacionais, seguindo uma tendência já consolidada em outros setores industriais. A inovação pode ser adaptada, customizada e aplicada em outras empresas do setor elétrico nacional e internacional."
GTL_0081.pdf,preproc_blocks,3,10,text,,6,6,0.9856,"Os resultados alcançados fortalecem o caráter inovador do MVP para a Eletronorte e no Setor Elétrico, e estabelece a primeira experiência da Eletronorte no “metaverso”, a partir de um ambiente dedicado, customizável, acessível de forma remota, com controle e segurança necessários. Adicionalmente, a inovação está alinhada ao movimento de transformação digital em seus processos operacionais, seguindo uma tendência já consolidada em outros setores industriais. A inovação pode ser adaptada, customizada e aplicada em outras empresas do setor elétrico nacional e internacional."
GTL_0081.pdf,para_blocks,5,4,text,,9,20,0.8515,"(1) CLAUDIO VINICIUS DUARTE CABRAL Graduado em engenharia elétrica/eletrotécnica pela Universidade Federal de Pernambuco em 2005, com atuações como Engenheiro de Operação nas empresas CHESF (2005), Eletrobras Distribuição Alagoas (2005-2007) e na Eletronorte (2007-2010). Na Eletronorte atuou com gestor em diversos departamentos: Ger. de Programação, Dep. de Normatização, Dep. de Supervisão e Gestão da Operação em Tempo Real (2010-2021). Atualmente trabalha no Dep. de Gestão da Operação e integra o time de representantes da Eletronorte na ABRATE. Concluiu o MBA em Ciência de Dados pela USP (2022) e atualmente cursa o MBA de IA e Big Data na USP. Possui três inovações registradas INPI."
GTL_0081.pdf,preproc_blocks,5,4,text,,9,20,0.8515,"(1) CLAUDIO VINICIUS DUARTE CABRAL Graduado em engenharia elétrica/eletrotécnica pela Universidade Federal de Pernambuco em 2005, com atuações como Engenheiro de Operação nas empresas CHESF (2005), Eletrobras Distribuição Alagoas (2005-2007) e na Eletronorte (2007-2010). Na Eletronorte atuou com gestor em diversos departamentos: Ger. de Programação, Dep. de Normatização, Dep. de Supervisão e Gestão da Operação em Tempo Real (2010-2021). Atualmente trabalha no Dep. de Gestão da Operação e integra o time de representantes da Eletronorte na ABRATE. Concluiu o MBA em Ciência de Dados pela USP (2022) e atualmente cursa o MBA de IA e Big Data na USP. Possui três inovações registradas INPI."
GTL_0081.pdf,para_blocks,5,5,text,,6,7,0.9349,"Graduado em Engenharia Elétrica pela Universidade de Fortaleza - UNIFOR (1986) e pós-graduado em Sistemas Elétricos de Potência pela Universidade de Brasília - UnB (1988). Atuação nas áreas de proteção, supervisão de sistemas elétricos e desenvolvimentos de sistema informatizados. Atuação também na instrutoria de operadores e capacitação de técnicos na área de supervisão de sistemas elétricos com ênfase no uso e configuração do Sistema Aberto de Gerenciamento de Energia - SAGE"
GTL_0081.pdf,preproc_blocks,5,5,text,,5,6,0.9349,"Graduado em Engenharia Elétrica pela Universidade de Fortaleza - UNIFOR (1986) e pós-graduado em Sistemas Elétricos de Potência pela Universidade de Brasília - UnB (1988). Atuação nas áreas de proteção, supervisão de sistemas elétricos e desenvolvimentos de sistema informatizados. Atuação também na instrutoria de operadores e capacitação de técnicos na área de supervisão de sistemas elétricos com ênfase"
GTL_0081.pdf,para_blocks,5,8,text,,4,13,0.9195,"Com formação em Redes de Computadores e especialização em Engenharia de Dados, trabalho na Eletronorte a 16 anos passando pela as areas de TI, tanto de infraestrutura, Basis(SAP) e agora com novo desafio a 4 anos na area de Transfomação Digital. Tentando levar a Eletronorte a vanguarde de utilização de dados para apoio ao negocio. Todos os dias novos desafios e novos projetos de inovação."
GTL_0081.pdf,preproc_blocks,5,8,text,,4,13,0.9195,"Com formação em Redes de Computadores e especialização em Engenharia de Dados, trabalho na Eletronorte a 16 anos passando pela as areas de TI, tanto de infraestrutura, Basis(SAP) e agora com novo desafio a 4 anos na area de Transfomação Digital. Tentando levar a Eletronorte a vanguarde de utilização de dados para apoio ao negocio. Todos os dias novos desafios e novos projetos de inovação."
GTL_0081.pdf,para_blocks,5,10,text,,5,8,0.9706,"Formado em Bacharelado em Ciência da Computação, Especialização em Governança em TI Pela Fundação Universa, MBA em Gestão Empresarial pela FGV e Cursando MBA em Ciência de Dados na PUC-Rio, 23 anos de experiência em Tecnologia da Informação, com desenvolvimento de sistemas, administração de banco de dados, coordenação de equipes e projetos, Gestor de Infraestrutura de TI e mais recentemente às ações de Transformação Digital na Eletrobras Eletronorte."
GTL_0081.pdf,preproc_blocks,5,10,text,,5,8,0.9706,"Formado em Bacharelado em Ciência da Computação, Especialização em Governança em TI Pela Fundação Universa, MBA em Gestão Empresarial pela FGV e Cursando MBA em Ciência de Dados na PUC-Rio, 23 anos de experiência em Tecnologia da Informação, com desenvolvimento de sistemas, administração de banco de dados, coordenação de equipes e projetos, Gestor de Infraestrutura de TI e mais recentemente às ações de Transformação Digital na Eletrobras Eletronorte."
GTL_0081.pdf,para_blocks,5,12,text,,3,3,0.9758,"Pós graduado em diversos MBAs Liderança e Coaching, Direito Civil Constitucionalizado, Direito da Energia pela ESA – Escola Superior de Advocacia, Engenharia de Produção e MBA Executivo em Administração: Negócios no Setor Elétrico."
GTL_0081.pdf,preproc_blocks,5,12,text,,3,3,0.9758,"Pós graduado em diversos MBAs Liderança e Coaching, Direito Civil Constitucionalizado, Direito da Energia pela ESA – Escola Superior de Advocacia, Engenharia de Produção e MBA Executivo em Administração: Negócios no Setor Elétrico."
GTL_0081.pdf,para_blocks,5,13,text,,6,6,0.9817,"Trabalhou como Operador de Subestação, Operador de Sistemas em Tempo Real, Analista de Pré Operação, coordenador da Gestão da Qualidade ISO 9001 no Centro de Operação de Mato Grosso. Auditor Lider certificado e consultor interno da Norma NBR ISO 9000.2001. Trabalhou como ponto focal da Eletronorte no desenvolvimento e especificação do SAP-IU, módulos WCM em conjunto com as empresas do grupo Eletrobras. Gerente do Centro de Operação de Mato Grosso – COR no ano 2020. Atualmente é Gerente de Departamento de Operação em Tempo Real."
GTL_0081.pdf,preproc_blocks,5,13,text,,6,6,0.9817,"Trabalhou como Operador de Subestação, Operador de Sistemas em Tempo Real, Analista de Pré Operação, coordenador da Gestão da Qualidade ISO 9001 no Centro de Operação de Mato Grosso. Auditor Lider certificado e consultor interno da Norma NBR ISO 9000.2001. Trabalhou como ponto focal da Eletronorte no desenvolvimento e especificação do SAP-IU, módulos WCM em conjunto com as empresas do grupo Eletrobras. Gerente do Centro de Operação de Mato Grosso – COR no ano 2020. Atualmente é Gerente de Departamento de Operação em Tempo Real."
GTM10.pdf,discarded_blocks,1,2,header,,3,3,0.8977,XXIV SNPTEE SEMINÁRIO NACIONAL DE RODUÇÃO TRANSMISSÃO DE ENERGIA ELÉTRICA
GTM10.pdf,para_blocks,1,7,title,1.0,2,2,0.7989,"GRUPO DE ESTUDO DE TRANSFORMADORES, REATORES, MATERIAIS E TECNOLOGIAS EMERGENTES - GTM"
GTM10.pdf,preproc_blocks,1,7,title,1.0,2,2,0.7989,"GRUPO DE ESTUDO DE TRANSFORMADORES, REATORES, MATERIAIS E TECNOLOGIAS EMERGENTES - GTM"
GTM10.pdf,para_blocks,1,8,title,1.0,2,2,0.7294,CONDIÇÕES DE SOBRECARGA E IMPLICAÇÕES DA NBR 5356-7 DURANTE O DESIGN REVIEW DE TRANSFORMADORES
GTM10.pdf,preproc_blocks,1,8,title,1.0,2,2,0.7294,CONDIÇÕES DE SOBRECARGA E IMPLICAÇÕES DA NBR 5356-7 DURANTE O DESIGN REVIEW DE TRANSFORMADORES
GTM10.pdf,para_blocks,1,14,text,,6,6,0.97,"Na iminência da publicação da NBR 5356-7, baseada na IEC 60076-7, é fundamental o domínio da metodologia de cálculo térmico utilizado pela norma, na qual pequenas variações na aplicação podem levar a resultados bastante diferentes. A norma introduzirá ainda o “Anexo H” com caráter normativo estabelecendo o ensaio de elevação de temperatura em sobrecarga com o objetivo de assegurar a verificação das características dos transformadores frente a sobrecargas de curta duração, onde as medições das temperaturas são realizadas sem a estabilização em regime permanente. Este trabalho visa propiciar um entendimento melhor destas implicações, para comprador e fabricante."
GTM10.pdf,preproc_blocks,1,14,text,,6,6,0.97,"Na iminência da publicação da NBR 5356-7, baseada na IEC 60076-7, é fundamental o domínio da metodologia de cálculo térmico utilizado pela norma, na qual pequenas variações na aplicação podem levar a resultados bastante diferentes. A norma introduzirá ainda o “Anexo H” com caráter normativo estabelecendo o ensaio de elevação de temperatura em sobrecarga com o objetivo de assegurar a verificação das características dos transformadores frente a sobrecargas de curta duração, onde as medições das temperaturas são realizadas sem a estabilização em regime permanente. Este trabalho visa propiciar um entendimento melhor destas implicações, para comprador e fabricante."
GTM10.pdf,para_blocks,1,18,text,,7,7,0.9859,"Historicamente, os valores das características gque descrevem o desempenho de transformadores são garantidos com base nos dados de medicões em regime permanente (é assim com perdas. temperatura. etc.). Os valores de temperatura exigem ensaios de longa duração devido aos valores das constantes térmicas serem relativamente elevados, consequentemente, o transformador leva horas para atingir as temperaturas de regime. O Anexo H da NBR 5356-7 deve introduzir o ensaio de elevação de temperatura em sobrecarga e, como é de se esperar, o tempo dessas sobrecargas são inferiores ao tempo necessário para estabilização das temperaturas, sobretudo do fluido isolante."
GTM10.pdf,preproc_blocks,1,18,text,,7,7,0.9859,"Historicamente, os valores das características gque descrevem o desempenho de transformadores são garantidos com base nos dados de medicões em regime permanente (é assim com perdas. temperatura. etc.). Os valores de temperatura exigem ensaios de longa duração devido aos valores das constantes térmicas serem relativamente elevados, consequentemente, o transformador leva horas para atingir as temperaturas de regime. O Anexo H da NBR 5356-7 deve introduzir o ensaio de elevação de temperatura em sobrecarga e, como é de se esperar, o tempo dessas sobrecargas são inferiores ao tempo necessário para estabilização das temperaturas, sobretudo do fluido isolante."
GTM10.pdf,para_blocks,1,19,text,,2,2,0.9701,"Tendo em vista a necessidade da análise transitória das temperaturas e as informações geralmente solicitadas durante o Design Review, este trabalho abordará os seguintes tópicos:"
GTM10.pdf,preproc_blocks,1,19,text,,2,2,0.9701,"Tendo em vista a necessidade da análise transitória das temperaturas e as informações geralmente solicitadas durante o Design Review, este trabalho abordará os seguintes tópicos:"
GTM10.pdf,para_blocks,1,24,text,,2,2,0.9693,"Em muitas análises ao longo deste trabalho será utilizado o ciclo denominado como “Ciclo de sobrecarga” da nota técnica elaborada pelo ONS [2], exibido na Figura 1."
GTM10.pdf,preproc_blocks,1,24,text,,2,2,0.9693,"Em muitas análises ao longo deste trabalho será utilizado o ciclo denominado como “Ciclo de sobrecarga” da nota técnica elaborada pelo ONS [2], exibido na Figura 1."
GTM10.pdf,discarded_blocks,1,25,footer,,2,2,0.9384,"Rua Dr. Pedro Zimmermann, n˚ 6751 – CEP 89068-001 Blumenau, SC – Brasil Tel: (+55 47) 3337-1000 – Fax: (+55 47) 3337-1090 – email: luizo@weg.net"
GTM10.pdf,para_blocks,2,5,text,,2,2,0.967,"O draft da norma NBR 5356-7 (assim como [1]), apresenta dois métodos para calcular a evolução de temperatura do Hot-Spot de transformadores em função das variações de carga:"
GTM10.pdf,preproc_blocks,2,5,text,,2,2,0.967,"O draft da norma NBR 5356-7 (assim como [1]), apresenta dois métodos para calcular a evolução de temperatura do Hot-Spot de transformadores em função das variações de carga:"
GTM10.pdf,para_blocks,2,6,text,,4,4,0.9822,"Solução de equações exponenciais: adequadas para variações de carga típicas da função degrau com temperatura ambiente constante, principalmente quando são intercalados degraus de acréscimo com degraus de decréscimo de carga. Caso esta condição não se cumpra, o gradiente de temperatura do ponto mais quente sobre a temperatura do topo do óleo precisa alcançar o regime permanente."
GTM10.pdf,preproc_blocks,2,6,text,,4,4,0.9822,"Solução de equações exponenciais: adequadas para variações de carga típicas da função degrau com temperatura ambiente constante, principalmente quando são intercalados degraus de acréscimo com degraus de decréscimo de carga. Caso esta condição não se cumpra, o gradiente de temperatura do ponto mais quente sobre a temperatura do topo do óleo precisa alcançar o regime permanente."
GTM10.pdf,para_blocks,2,7,text,,3,3,0.9764,"Solução de equações diferenciais: especialmente aplicáveis quando ambos, fator de carga e temperatura ambiente, variam simultânea e/ou independentemente. Por não haver restrições quanto ao perfil de carga, é particularmente aplicável para monitoramento on-line"
GTM10.pdf,preproc_blocks,2,7,text,,3,3,0.9764,"Solução de equações diferenciais: especialmente aplicáveis quando ambos, fator de carga e temperatura ambiente, variam simultânea e/ou independentemente. Por não haver restrições quanto ao perfil de carga, é particularmente aplicável para monitoramento on-line"
GTM10.pdf,para_blocks,2,8,text,,5,7,0.9849,"Embora as aplicações pareçam distintas, ambas modelam os mesmos fenômenos adequadamente e levam a resultados muito similares quando respeitadas as recomendações da norma. As maiores discrepâncias ocorrem durante um decréscimo de carga, o que se deve principalmente da aplicação do fator k _ { 1 1 } , descrita em [3]. Na Figura 2 é exibido um comparativo entre os dois métodos de modelagem e vale ressaltar que o passo de tempo (��) utilizado para calcular a evolução das temperaturas ao longo de cada período influencia ambos os métodos."
GTM10.pdf,preproc_blocks,2,8,text,,5,7,0.9849,"Embora as aplicações pareçam distintas, ambas modelam os mesmos fenômenos adequadamente e levam a resultados muito similares quando respeitadas as recomendações da norma. As maiores discrepâncias ocorrem durante um decréscimo de carga, o que se deve principalmente da aplicação do fator k _ { 1 1 } , descrita em [3]. Na Figura 2 é exibido um comparativo entre os dois métodos de modelagem e vale ressaltar que o passo de tempo (��) utilizado para calcular a evolução das temperaturas ao longo de cada período influencia ambos os métodos."
GTM10.pdf,para_blocks,2,11,text,,7,11,0.9859,"Em relação ao método das equações diferenciais, a Figura 3 exibe o resultado da utilização de diferentes passos de tempo na modelagem de um transformador cuja constante de tempo do enrolamento ( \tau _ { w } ) é de 8,25���. Embora a IEC 60076-7 [1] recomende um passo de tempo inferior à metade da constante térmica do enrolamento, foram modelados os seguintes intervalos de tempo: �� = 8���, 4���, 2��� e 1���. Os resultados em termos de vida útil (�/����� �� �����) foram 0 , 7 3 , \ 0 , 7 4 , \ 0 , 7 5 \ \in \ 0 , 7 5 , respectivamente. Constata-se portanto que o passo utilizado influencia, embora não de forma acentuada, na evolução das temperaturas ao longo dos transitórios de carga, mas a influência no valor final das temperaturas em regime permanente pode-se dizer insignificante."
GTM10.pdf,preproc_blocks,2,11,text,,7,11,0.9859,"Em relação ao método das equações diferenciais, a Figura 3 exibe o resultado da utilização de diferentes passos de tempo na modelagem de um transformador cuja constante de tempo do enrolamento ( \tau _ { w } ) é de 8,25���. Embora a IEC 60076-7 [1] recomende um passo de tempo inferior à metade da constante térmica do enrolamento, foram modelados os seguintes intervalos de tempo: �� = 8���, 4���, 2��� e 1���. Os resultados em termos de vida útil (�/����� �� �����) foram 0 , 7 3 , \ 0 , 7 4 , \ 0 , 7 5 \ \in \ 0 , 7 5 , respectivamente. Constata-se portanto que o passo utilizado influencia, embora não de forma acentuada, na evolução das temperaturas ao longo dos transitórios de carga, mas a influência no valor final das temperaturas em regime permanente pode-se dizer insignificante."
GTM10.pdf,para_blocks,3,5,text,,2,2,0.9666,"Durante análises de ciclos de carga, a IEC 60076-7 [1] recomenda a utilização dos seguintes valores de temperatura ambiente:"
GTM10.pdf,preproc_blocks,3,5,text,,2,2,0.9666,"Durante análises de ciclos de carga, a IEC 60076-7 [1] recomenda a utilização dos seguintes valores de temperatura ambiente:"
GTM10.pdf,para_blocks,3,6,text,,2,2,0.9678,"Para quesitos de envelhecimento térmico e vida útil: utilizar a temperatura ambiente média anual, em geral, aquelas indicadas pela Tabela 2 da IEC 60076-2 [4];"
GTM10.pdf,preproc_blocks,3,6,text,,2,2,0.9678,"Para quesitos de envelhecimento térmico e vida útil: utilizar a temperatura ambiente média anual, em geral, aquelas indicadas pela Tabela 2 da IEC 60076-2 [4];"
GTM10.pdf,para_blocks,3,7,text,,2,2,0.9675,Para quesitos de temperatura do ponto mais quente: utilizar a temperatura ambiente média mensal do mês mais quente.
GTM10.pdf,preproc_blocks,3,7,text,,2,2,0.9675,Para quesitos de temperatura do ponto mais quente: utilizar a temperatura ambiente média mensal do mês mais quente.
GTM10.pdf,para_blocks,3,8,text,,4,4,0.9827,"Extraindo de [5] as temperaturas médias mensais ao longo do ano de 2016, a Figura 4 é construída. Observa- se, para as cinco cidades analisadas com posição geográfica bastante distintas, que as médias máximas são muito similares, variando entre 26 e 28°�. Contudo, a média anual é de 20°� para Porto Alegre (RS) enquanto que para João Pessoa (PB) é de 27,3°�."
GTM10.pdf,preproc_blocks,3,8,text,,4,4,0.9827,"Extraindo de [5] as temperaturas médias mensais ao longo do ano de 2016, a Figura 4 é construída. Observa- se, para as cinco cidades analisadas com posição geográfica bastante distintas, que as médias máximas são muito similares, variando entre 26 e 28°�. Contudo, a média anual é de 20°� para Porto Alegre (RS) enquanto que para João Pessoa (PB) é de 27,3°�."
GTM10.pdf,para_blocks,3,11,text,,4,6,0.9847,"Tomando como referência estas duas temperaturas, 2 0 \thinspace \mathsf { e } \ : 2 7 , 3 ^ { \circ } C e utilizando o método das equações diferenciais (optou-se pela utilização deste método para obter maior precisão no decréscimo de carga) para modelar um transformador convencional com margens de segurança razoáveis, pode-se construir os gráficos apresentados na Figura 5 aplicando o ciclo de sobrecarga definido na Figura 1."
GTM10.pdf,preproc_blocks,3,11,text,,4,6,0.9847,"Tomando como referência estas duas temperaturas, 2 0 \thinspace \mathsf { e } \ : 2 7 , 3 ^ { \circ } C e utilizando o método das equações diferenciais (optou-se pela utilização deste método para obter maior precisão no decréscimo de carga) para modelar um transformador convencional com margens de segurança razoáveis, pode-se construir os gráficos apresentados na Figura 5 aplicando o ciclo de sobrecarga definido na Figura 1."
GTM10.pdf,para_blocks,3,12,text,,6,8,0.9865,"Analisando a Figura 5 (a), observa-se que a diferença de temperatura do ponto mais quente nas duas séries é de aprox. 7 ^ { \circ } C , como era de se esperar. Na Figura 5 (b), percebe-se que essa diferença faz com que o transformador que está submetido à 27,3°� de temperatura ambiente, quando em sobrecarga de 40%, envelheça duas vezes mais rápido do que o transformador submetido à 20°� ambiente. Com a taxa de envelhecimento acelerada o consumo de vida útil dispara em uma ascendência bastante íngreme, como apresentado na Figura 5 (c). As observações convergem com a seção “Ambient Temperature” da IEC 60076-7."
GTM10.pdf,preproc_blocks,3,12,text,,6,8,0.9865,"Analisando a Figura 5 (a), observa-se que a diferença de temperatura do ponto mais quente nas duas séries é de aprox. 7 ^ { \circ } C , como era de se esperar. Na Figura 5 (b), percebe-se que essa diferença faz com que o transformador que está submetido à 27,3°� de temperatura ambiente, quando em sobrecarga de 40%, envelheça duas vezes mais rápido do que o transformador submetido à 20°� ambiente. Com a taxa de envelhecimento acelerada o consumo de vida útil dispara em uma ascendência bastante íngreme, como apresentado na Figura 5 (c). As observações convergem com a seção “Ambient Temperature” da IEC 60076-7."
GTM10.pdf,para_blocks,4,5,text,,3,5,0.9743,"Embora a constante térmica do óleo ( \tau _ { o } ) seja da ordem de horas para grandes transformadores de potência, a elevação de temperatura ocasionada pelas perdas em anteparos metálicos (como o tangue e ferragens) oriundas do campo magnético disperso é mais rápida, similar à constante dos enrolamentos."
GTM10.pdf,preproc_blocks,4,5,text,,3,5,0.9743,"Embora a constante térmica do óleo ( \tau _ { o } ) seja da ordem de horas para grandes transformadores de potência, a elevação de temperatura ocasionada pelas perdas em anteparos metálicos (como o tangue e ferragens) oriundas do campo magnético disperso é mais rápida, similar à constante dos enrolamentos."
GTM10.pdf,para_blocks,4,6,text,,6,6,0.9849,"Ao longo do ensaio de elevação de temperatura tradicional sempre foi fácil verificar deficiências de projeto relativas à campo disperso incidindo com amplitude elevada no tanque, bastando a utilização de verificação com, por exemplo, câmeras de imagem térmica por infravermelho. A constatação de aquecimento nas ferragens e suportes do núcleo (internos ao tanque) não é tão direta, de forma que só é possível inferir a existência de pontos quentes com a análise dos gases dissolvidos no óleo (DGA) que ocorrem quando a temperatura de algum ponto em contato com o óleo mineral supera 150°�, como descrito em [6]."
GTM10.pdf,preproc_blocks,4,6,text,,6,6,0.9849,"Ao longo do ensaio de elevação de temperatura tradicional sempre foi fácil verificar deficiências de projeto relativas à campo disperso incidindo com amplitude elevada no tanque, bastando a utilização de verificação com, por exemplo, câmeras de imagem térmica por infravermelho. A constatação de aquecimento nas ferragens e suportes do núcleo (internos ao tanque) não é tão direta, de forma que só é possível inferir a existência de pontos quentes com a análise dos gases dissolvidos no óleo (DGA) que ocorrem quando a temperatura de algum ponto em contato com o óleo mineral supera 150°�, como descrito em [6]."
GTM10.pdf,para_blocks,4,7,text,,4,4,0.979,"Com a inclusão do ensaio de temperatura em sobrecarga tornou-se absolutamente viável a verificação da temperatura na superfície externa do tanque com 40% de fluxo excedente. O fluxo excedente pode saturar blindagens magnéticas e o campo magnético pode então permear as laterais metálicas do tanque, causando perdas por correntes parasitas."
GTM10.pdf,preproc_blocks,4,7,text,,4,4,0.979,"Com a inclusão do ensaio de temperatura em sobrecarga tornou-se absolutamente viável a verificação da temperatura na superfície externa do tanque com 40% de fluxo excedente. O fluxo excedente pode saturar blindagens magnéticas e o campo magnético pode então permear as laterais metálicas do tanque, causando perdas por correntes parasitas."
GTM10.pdf,para_blocks,4,8,text,,7,7,0.9857,"Um autotransformador regulador monofásico 250��� ���� 550/460�� � = 12,9% foi modelado para ilustrar o fenômeno, utilizando o aplicativo FEMM 4.2 ( [7]). Obviamente há limitações na modelagem já que o aplicativo considera apenas geometrias em duas dimensões. O caso específico foi elaborado em coordenadas cilíndricas (axissimétrica) no domínio da frequência utilizando a técnica “frequency-dependent permeability” para aproximadamente modelar os efeitos da histerese e saturação das blindagens magnéticas. Um circuito térmico foi utilizado para então calcular a temperatura estimada da lateral do tanque. Três distintas configurações foram modeladas e os detalhes são apresentados na Tabela 1."
GTM10.pdf,preproc_blocks,4,8,text,,7,7,0.9857,"Um autotransformador regulador monofásico 250��� ���� 550/460�� � = 12,9% foi modelado para ilustrar o fenômeno, utilizando o aplicativo FEMM 4.2 ( [7]). Obviamente há limitações na modelagem já que o aplicativo considera apenas geometrias em duas dimensões. O caso específico foi elaborado em coordenadas cilíndricas (axissimétrica) no domínio da frequência utilizando a técnica “frequency-dependent permeability” para aproximadamente modelar os efeitos da histerese e saturação das blindagens magnéticas. Um circuito térmico foi utilizado para então calcular a temperatura estimada da lateral do tanque. Três distintas configurações foram modeladas e os detalhes são apresentados na Tabela 1."
GTM10.pdf,para_blocks,5,4,text,,7,13,0.9622,"Utilizando uma blindagem magnética com espessura de 17��, a indução máxima foi de 2,03�, como pode ser observado na Figura 6, de forma que na parte central do tanque as perdas tornaram-se elevadas (Figura 7) causando uma elevação de temperatura de 2 1 ^ { \circ } C nesta parte do tanque e 3 5 { , } 8 ^ { \circ } C nas extremidades. Com a blindagem de 26�� a indução limitou-se a 1,52�, eliminando as perdas na parte central do tanque, mas causando uma elevação de temperatura de 4 3 , 5 ^ { \circ } C , agravando o problema já que o campo total conduzido pela blindagem aumentou. Finalmente, alterando também o comprimento da blindagem em 500��, o problema do ponto quente no tanque próximo às extremidades da blindagem foi mitigado (9,3°� de elevação)."
GTM10.pdf,preproc_blocks,5,4,text,,7,13,0.9622,"Utilizando uma blindagem magnética com espessura de 17��, a indução máxima foi de 2,03�, como pode ser observado na Figura 6, de forma que na parte central do tanque as perdas tornaram-se elevadas (Figura 7) causando uma elevação de temperatura de 2 1 ^ { \circ } C nesta parte do tanque e 3 5 { , } 8 ^ { \circ } C nas extremidades. Com a blindagem de 26�� a indução limitou-se a 1,52�, eliminando as perdas na parte central do tanque, mas causando uma elevação de temperatura de 4 3 , 5 ^ { \circ } C , agravando o problema já que o campo total conduzido pela blindagem aumentou. Finalmente, alterando também o comprimento da blindagem em 500��, o problema do ponto quente no tanque próximo às extremidades da blindagem foi mitigado (9,3°� de elevação)."
GTM10.pdf,para_blocks,5,7,text,,6,8,0.9854,"Há ainda a questão de que o valor de elevação de temperatura máximo permitido é passível de discussão. A tabela 4 da IEC 60076-7 limita a temperatura das partes metálicas em contato com o óleo em 180°�. Para o transformador modelado cuja elevação do topo do óleo garantida é de 65°�, sob temperatura ambiente de 40°�, a temperatura final da lateral do tanque seria de 6 5 + 4 0 + 4 3 , 5 = 1 4 8 , 5 ^ { \circ } C . Embora esse valor esteja abaixo do valor admissível de acordo com a norma, há limitações para as gaxetas de vedação e em alguns casos para a própria tinta que reveste o tanque."
GTM10.pdf,preproc_blocks,5,7,text,,6,8,0.9854,"Há ainda a questão de que o valor de elevação de temperatura máximo permitido é passível de discussão. A tabela 4 da IEC 60076-7 limita a temperatura das partes metálicas em contato com o óleo em 180°�. Para o transformador modelado cuja elevação do topo do óleo garantida é de 65°�, sob temperatura ambiente de 40°�, a temperatura final da lateral do tanque seria de 6 5 + 4 0 + 4 3 , 5 = 1 4 8 , 5 ^ { \circ } C . Embora esse valor esteja abaixo do valor admissível de acordo com a norma, há limitações para as gaxetas de vedação e em alguns casos para a própria tinta que reveste o tanque."
GTM10.pdf,para_blocks,5,8,text,,4,4,0.9815,"Outra consideração que mereçe atenção é o tempo de duração de tais pontos quentes, a nota técnica do ONS [2] especifica que para apenas 10% do tempo de operação do transformador deve ser considerado o “ciclo de sobrecarga”, no restante do tempo a carga deve ser considerada constante e de valor nominal. Isso implica em uma exposição bem menor ao intenso fluxo disperso derivados da corrente à sobrecarga de 40%."
GTM10.pdf,preproc_blocks,5,8,text,,4,4,0.9815,"Outra consideração que mereçe atenção é o tempo de duração de tais pontos quentes, a nota técnica do ONS [2] especifica que para apenas 10% do tempo de operação do transformador deve ser considerado o “ciclo de sobrecarga”, no restante do tempo a carga deve ser considerada constante e de valor nominal. Isso implica em uma exposição bem menor ao intenso fluxo disperso derivados da corrente à sobrecarga de 40%."
GTM10.pdf,para_blocks,6,7,text,,6,6,0.9864,"Um dos dados de entrada fundamentais para o cálculo apresentado na IEC 60076-7 é o fator de Hot-Spot (�), que relaciona a elevação de temperatura máxima de um determinado enrolamento com a elevação média obtida no ensaio de aquecimento tradicional por meio da variação da resistência do próprio enrolamento. Em geral, a norma não faz nenhuma recomendação para uso de um fator de Hot-Spot variável, contudo, é fato que o fator de Hot-Spot pode variar com a carga, tal fenômeno pode ser observado nos dados de [8] e é discutido em [9] onde detalhes dos fatores � e � (� = � ∙ �) são apresentados sob a análise da aplicação de circuitos termo-hidráulicos (THNM) [10]."
GTM10.pdf,preproc_blocks,6,7,text,,6,6,0.9864,"Um dos dados de entrada fundamentais para o cálculo apresentado na IEC 60076-7 é o fator de Hot-Spot (�), que relaciona a elevação de temperatura máxima de um determinado enrolamento com a elevação média obtida no ensaio de aquecimento tradicional por meio da variação da resistência do próprio enrolamento. Em geral, a norma não faz nenhuma recomendação para uso de um fator de Hot-Spot variável, contudo, é fato que o fator de Hot-Spot pode variar com a carga, tal fenômeno pode ser observado nos dados de [8] e é discutido em [9] onde detalhes dos fatores � e � (� = � ∙ �) são apresentados sob a análise da aplicação de circuitos termo-hidráulicos (THNM) [10]."
GTM10.pdf,para_blocks,6,8,text,,7,7,0.9878,"Para explicitar o efeito e deixar a questão mais palpável, foi desenvolvida uma análise utilizando a metodologia de equações diferenciais na tentativa de modelar o fenômeno e verificar qual pode ser o impacto do fator de Hot- Spot variável. Duas séries foram desenvolvidas, na primeira série foi utilizado fator de Hot-Spot fixo enquanto que na segunda série o fator de Hot-Spot foi introduzido como um dado de entrada com os valores de: 1,25 para 100% de carga, 1,3 para 120% de carga e 1,35 para 140% de carga. A Figura 8 exibe o resultado da análise e compara as duas séries desenvolvidas. Foram utilizados os dados de um transformador 180��� ���� 230/69�� com margens de segurança típicas para transformadores deste porte."
GTM10.pdf,preproc_blocks,6,8,text,,7,7,0.9878,"Para explicitar o efeito e deixar a questão mais palpável, foi desenvolvida uma análise utilizando a metodologia de equações diferenciais na tentativa de modelar o fenômeno e verificar qual pode ser o impacto do fator de Hot- Spot variável. Duas séries foram desenvolvidas, na primeira série foi utilizado fator de Hot-Spot fixo enquanto que na segunda série o fator de Hot-Spot foi introduzido como um dado de entrada com os valores de: 1,25 para 100% de carga, 1,3 para 120% de carga e 1,35 para 140% de carga. A Figura 8 exibe o resultado da análise e compara as duas séries desenvolvidas. Foram utilizados os dados de um transformador 180��� ���� 230/69�� com margens de segurança típicas para transformadores deste porte."
GTM10.pdf,para_blocks,6,9,text,,6,6,0.9857,"Para a primeira série, que utiliza o fator fixo, a temperatura máxima de Hot-Spot foi de 131,5°� enquanto que para a segunda série, utilizando fator variável, a temperatura máxima foi 134,7°�, uma diferença de 3,2°�. Esse acréscimo de temperatura resulta em uma taxa de consumo de vida útil 35% maior (10,8 em relação a 8) enquanto o transformador estiver submetido à sobrecarga de 40%. Por fim, considerando que o “ciclo de sobrecarga” é exigido em apenas 10% do tempo de operação (conforme [2]) e que a sobrecarga de 40% ocorre durante apenas 2,1% do ciclo. a vida útil final do transformador será reduzida em um total de 2.5%."
GTM10.pdf,preproc_blocks,6,9,text,,6,6,0.9857,"Para a primeira série, que utiliza o fator fixo, a temperatura máxima de Hot-Spot foi de 131,5°� enquanto que para a segunda série, utilizando fator variável, a temperatura máxima foi 134,7°�, uma diferença de 3,2°�. Esse acréscimo de temperatura resulta em uma taxa de consumo de vida útil 35% maior (10,8 em relação a 8) enquanto o transformador estiver submetido à sobrecarga de 40%. Por fim, considerando que o “ciclo de sobrecarga” é exigido em apenas 10% do tempo de operação (conforme [2]) e que a sobrecarga de 40% ocorre durante apenas 2,1% do ciclo. a vida útil final do transformador será reduzida em um total de 2.5%."
GTM10.pdf,para_blocks,7,5,text,,5,5,0.9846,"O objetivo deste trabalho consistiu em elencar e propor discussões sobre pontos específicos da NBR 5356-7 dando “alternativas para modelagem”. As abordagens foram expostas de forma breve embora tenham sido elaboradas de maneira mais aprofundada, sendo decorrentes da experiência adquirida com a aplicação da IEC 60076-7 cada vez mais frequente em transformadores destinados a rede básica. Com base nessas análises, uma série de conclusões podem ser evidenciadas:"
GTM10.pdf,preproc_blocks,7,5,text,,5,5,0.9846,"O objetivo deste trabalho consistiu em elencar e propor discussões sobre pontos específicos da NBR 5356-7 dando “alternativas para modelagem”. As abordagens foram expostas de forma breve embora tenham sido elaboradas de maneira mais aprofundada, sendo decorrentes da experiência adquirida com a aplicação da IEC 60076-7 cada vez mais frequente em transformadores destinados a rede básica. Com base nessas análises, uma série de conclusões podem ser evidenciadas:"
GTM10.pdf,para_blocks,7,6,text,,4,4,0.9816,"Quanto ao comparativo entre os métodos exponencial e diferencial, as recomendações da norma são válidas e precisam ser observadas para a obtenção de resultados adequados. Do ponto de vista da aplicação em sistemas computacionais a solução por equações diferenciais permite maior flexibilidade já que considera variação da temperatura ambiente de forma independente do perfil de carga;"
GTM10.pdf,preproc_blocks,7,6,text,,4,4,0.9816,"Quanto ao comparativo entre os métodos exponencial e diferencial, as recomendações da norma são válidas e precisam ser observadas para a obtenção de resultados adequados. Do ponto de vista da aplicação em sistemas computacionais a solução por equações diferenciais permite maior flexibilidade já que considera variação da temperatura ambiente de forma independente do perfil de carga;"
GTM10.pdf,para_blocks,7,7,text,,7,7,0.9878,"Em relação à influência da temperatura ambiente, a própria IEC 60076-7 afirma que uma diferença de 6°� na temperatura ambiente leva à uma taxa de consumo de vida útil duas vezes maior e essa afirmação foi verificada neste trabalho afirmativamente. A nota técnica da ONS [2] considera para temperatura ambiente a ser utilizada em análises de vida útil o valor apresentado pela NBR 5356, que por sua vez indica o valor de 30°�. Este valor mostrou- se adequado e, em geral, está acima da média anual até para as cidades mais quentes do Brasil [5]. Contudo, principalmente para localidades da região sul, as análises de vida útil resultarão em valores sempre mais otimistas que a média nacional se forem utilizados os valores de temperatura média reais da região;"
GTM10.pdf,preproc_blocks,7,7,text,,7,7,0.9878,"Em relação à influência da temperatura ambiente, a própria IEC 60076-7 afirma que uma diferença de 6°� na temperatura ambiente leva à uma taxa de consumo de vida útil duas vezes maior e essa afirmação foi verificada neste trabalho afirmativamente. A nota técnica da ONS [2] considera para temperatura ambiente a ser utilizada em análises de vida útil o valor apresentado pela NBR 5356, que por sua vez indica o valor de 30°�. Este valor mostrou- se adequado e, em geral, está acima da média anual até para as cidades mais quentes do Brasil [5]. Contudo, principalmente para localidades da região sul, as análises de vida útil resultarão em valores sempre mais otimistas que a média nacional se forem utilizados os valores de temperatura média reais da região;"
GTM10.pdf,para_blocks,7,8,text,,6,6,0.9872,"Sobre o efeito do fluxo adicional em shunts magnéticos, as análises, assim como a experiência prática durante os ensaios, mostram que pode ocorrer saturação das blindagens (shunts) magnéticas que protegem o tanque do fluxo disperso dos enrolamentos. Com a saturação das blindagens (gue por si só já pode ser um problema ocasionando vibrações excessivas), o fluxo excedente incide sobre as laterais do tanque com potencial para geração de pontos quentes que devem sempre ser evitados. A recomendação, tal qual já é citada nas normas principais, é de que as blindagens sejam dimensionadas considerando a condição de sobrecarga;"
GTM10.pdf,preproc_blocks,7,8,text,,6,6,0.9872,"Sobre o efeito do fluxo adicional em shunts magnéticos, as análises, assim como a experiência prática durante os ensaios, mostram que pode ocorrer saturação das blindagens (shunts) magnéticas que protegem o tanque do fluxo disperso dos enrolamentos. Com a saturação das blindagens (gue por si só já pode ser um problema ocasionando vibrações excessivas), o fluxo excedente incide sobre as laterais do tanque com potencial para geração de pontos quentes que devem sempre ser evitados. A recomendação, tal qual já é citada nas normas principais, é de que as blindagens sejam dimensionadas considerando a condição de sobrecarga;"
GTM10.pdf,para_blocks,7,9,text,,7,7,0.9875,"Quanto à influência do fator de Hot-Spot variável, constatou-se com a análise efetuada que admitindo a variação de 1,25 à 1,35 (valor acima do sugerido em [9], mas razoável conforme [8]), a temperatura de Hot-Spot sofrerá um acréscimo de 3.2°C. Embora o impacto na vida útil não seia demasiado (2.5%), essa discrepância pode ser relevante para a avaliação da temperatura máxima admissível durante a sobrecarga já que algumas especificações têm solicitado valores garantidos abaixo dagueles indicados pelas normas. Neste caso, a aplicação de circuitos termo- hidráulicos torna-se uma das poucas opções viáveis para o cálculo do fator � que indica o aumento da temperatura de Hot-Spot devido às restrições de fluxo de óleo."
GTM10.pdf,preproc_blocks,7,9,text,,7,7,0.9875,"Quanto à influência do fator de Hot-Spot variável, constatou-se com a análise efetuada que admitindo a variação de 1,25 à 1,35 (valor acima do sugerido em [9], mas razoável conforme [8]), a temperatura de Hot-Spot sofrerá um acréscimo de 3.2°C. Embora o impacto na vida útil não seia demasiado (2.5%), essa discrepância pode ser relevante para a avaliação da temperatura máxima admissível durante a sobrecarga já que algumas especificações têm solicitado valores garantidos abaixo dagueles indicados pelas normas. Neste caso, a aplicação de circuitos termo- hidráulicos torna-se uma das poucas opções viáveis para o cálculo do fator � que indica o aumento da temperatura de Hot-Spot devido às restrições de fluxo de óleo."
GTM10.pdf,para_blocks,7,10,text,,11,11,0.9883,"Há ainda que se mencionar sobre a precisão do cálculo de elevação de temperatura. Todo cálculo térmico aplicado em grandes transformadores possuirá uma margem de erro devido às aproximações que são feitas em algum ponto, até mesmo as mais modernas técnicas de modelagem, como indicado em [10], fazem aproximações de maior ou menor grau e possuem uma margem de erro de alguns graus Celsius (geralmente entre 2 e 5°�) para mais ou para menos nas temperaturas de regime permanente. O assunto tratado na IEC 60076-7 excede a condição de regime permanente e trata essencialmente dos transitórios de temperatura entre um e outro valor de regime frente as oscilações de carga. Nesse caso, é de se esperar que o erro seja ainda maior já que as temperaturas partirão de um valor que já fora aproximado e utilizar-se-á uma técnica também aproximada e baseada em fatores (fatos evidenciados em [3]). Tendo em vista tal contexto, ressalta-se o cuidado com as garantias de valores de Hot-Spot durante o processo de Design Review e quando do ensaio de elevação de temperatura em sobrecarga, seja por medições com imagem térmica ou fibra ótica."
GTM10.pdf,preproc_blocks,7,10,text,,9,9,0.9883,"Há ainda que se mencionar sobre a precisão do cálculo de elevação de temperatura. Todo cálculo térmico aplicado em grandes transformadores possuirá uma margem de erro devido às aproximações que são feitas em algum ponto, até mesmo as mais modernas técnicas de modelagem, como indicado em [10], fazem aproximações de maior ou menor grau e possuem uma margem de erro de alguns graus Celsius (geralmente entre 2 e 5°�) para mais ou para menos nas temperaturas de regime permanente. O assunto tratado na IEC 60076-7 excede a condição de regime permanente e trata essencialmente dos transitórios de temperatura entre um e outro valor de regime frente as oscilações de carga. Nesse caso, é de se esperar que o erro seja ainda maior já que as temperaturas partirão de um valor que já fora aproximado e utilizar-se-á uma técnica também aproximada e baseada em fatores (fatos evidenciados em [3]). Tendo em vista tal contexto, ressalta-se o cuidado com as garantias de valores de Hot-Spot"
GTM10.pdf,preproc_blocks,8,2,text,,2,2,0.966,"durante o processo de Design Review e quando do ensaio de elevação de temperatura em sobrecarga, seja por medições com imagem térmica ou fibra ótica."
GTM10.pdf,para_blocks,8,4,ref_text,,2,3,0.9558,"[1] IEC - International Electrotechnical Commission, IEC 60076-7: Loading guide for oil-immersed power transformers, Geneva, 2005."
GTM10.pdf,preproc_blocks,8,4,ref_text,,2,3,0.9558,"[1] IEC - International Electrotechnical Commission, IEC 60076-7: Loading guide for oil-immersed power transformers, Geneva, 2005."
GTM10.pdf,para_blocks,8,5,ref_text,,4,11,0.9727,"[2] ONS - Operador Nacional do Sistema Elétrico, “Ensaio de elevação de temperatura de transformadroes em sobrecarga,” 25 Fevereiro 2014. [Online]. Available: http://www.ons.org.br/download/administracao_transmissao/padroes_desempenho/NT-ONS-038- 2014_ElevacaoTemperatura_transformadoresemsobrecarga.pdf. [Acesso em Março 2017]."
GTM10.pdf,preproc_blocks,8,5,ref_text,,4,11,0.9727,"[2] ONS - Operador Nacional do Sistema Elétrico, “Ensaio de elevação de temperatura de transformadroes em sobrecarga,” 25 Fevereiro 2014. [Online]. Available: http://www.ons.org.br/download/administracao_transmissao/padroes_desempenho/NT-ONS-038- 2014_ElevacaoTemperatura_transformadoresemsobrecarga.pdf. [Acesso em Março 2017]."
GTM10.pdf,para_blocks,8,6,ref_text,,2,3,0.9621,"[3] H. Nordman, N. Rafsback e D. Susa, “Temperature Responses to Step Changes in the Load Current of Power Transformers,” IEEE Transactions on power delivery, Vol. 18, pp. 1110-1117, Outubro 2003."
GTM10.pdf,preproc_blocks,8,6,ref_text,,2,3,0.9621,"[3] H. Nordman, N. Rafsback e D. Susa, “Temperature Responses to Step Changes in the Load Current of Power Transformers,” IEEE Transactions on power delivery, Vol. 18, pp. 1110-1117, Outubro 2003."
GTM10.pdf,para_blocks,8,7,ref_text,,2,3,0.9639,"[4] IEC - International Electrotechnical Commission, IEC 60076-2: Temperature rise for liquid-immersed transformers, IEC, 2011."
GTM10.pdf,preproc_blocks,8,7,ref_text,,2,3,0.9639,"[4] IEC - International Electrotechnical Commission, IEC 60076-2: Temperature rise for liquid-immersed transformers, IEC, 2011."
GTM10.pdf,para_blocks,8,8,ref_text,,2,3,0.9636,"[5] INMET - Instituto Nacional de Meteorologia, “Gráficos,” INMET, [Online]. Available: http://www.inmet.gov.br/. [Acesso em 21 Março 2017]."
GTM10.pdf,preproc_blocks,8,8,ref_text,,2,3,0.9636,"[5] INMET - Instituto Nacional de Meteorologia, “Gráficos,” INMET, [Online]. Available: http://www.inmet.gov.br/. [Acesso em 21 Março 2017]."
GTM10.pdf,para_blocks,8,9,ref_text,,2,3,0.963,"[6] IEEE - Institute of Electrical and Electronics Engineers, IEEE Std C57.104-2008: Guide for the Interpretation of Gases Generated in Oil-Immersed Transformers, New York: IEEE, 2008."
GTM10.pdf,preproc_blocks,8,9,ref_text,,2,3,0.963,"[6] IEEE - Institute of Electrical and Electronics Engineers, IEEE Std C57.104-2008: Guide for the Interpretation of Gases Generated in Oil-Immersed Transformers, New York: IEEE, 2008."
GTM10.pdf,para_blocks,8,10,ref_text,,2,3,0.9633,"[7] D. Meeker, “Finite Element Method magnetics: HomePage,” 6 Abril 2014. [Online]. Available: www.femm.info. [Acesso em 21 Março 2017]."
GTM10.pdf,preproc_blocks,8,10,ref_text,,2,3,0.9633,"[7] D. Meeker, “Finite Element Method magnetics: HomePage,” 6 Abril 2014. [Online]. Available: www.femm.info. [Acesso em 21 Março 2017]."
GTM10.pdf,para_blocks,8,11,ref_text,,3,4,0.9703,"[8] S. G. Montenegro, P. Dionne, R. P. Bersi, C. S. S. Xavier, J. N. Berubé e C. Deligi, “Ensaio de aquecimento em sobrecarga usando medição direta de temperatura - estudo de caso do 3° transformador SE João Câmara II,” VIII Workspot Cigré, 20-23 Novembro 2016."
GTM10.pdf,preproc_blocks,8,11,ref_text,,3,4,0.9703,"[8] S. G. Montenegro, P. Dionne, R. P. Bersi, C. S. S. Xavier, J. N. Berubé e C. Deligi, “Ensaio de aquecimento em sobrecarga usando medição direta de temperatura - estudo de caso do 3° transformador SE João Câmara II,” VIII Workspot Cigré, 20-23 Novembro 2016."
GTM10.pdf,para_blocks,8,12,ref_text,,2,3,0.9604,"[9] Z. Radakonic, U. Radoman e P. Kostic, “Decomposition of the Hot-Spot Factor,” IEEE Transactions on Power Delivery, Vol. 30, pp. 403-411, Fevereiro 2015."
GTM10.pdf,preproc_blocks,8,12,ref_text,,2,3,0.9604,"[9] Z. Radakonic, U. Radoman e P. Kostic, “Decomposition of the Hot-Spot Factor,” IEEE Transactions on Power Delivery, Vol. 30, pp. 403-411, Fevereiro 2015."
GTM10.pdf,para_blocks,8,13,ref_text,,2,2,0.9643,"[10] Z. R. Radakovic e M. S. Sorgic, “Basics of Detailed Thermal-Hydraulic Model for Thermal Design of Oil Power Transformers,” IEEE Transactions on Power Delivery, Vol. 25, No. 2, pp. 790-802, Abril 2010."
GTM10.pdf,preproc_blocks,8,13,ref_text,,2,2,0.9643,"[10] Z. R. Radakovic e M. S. Sorgic, “Basics of Detailed Thermal-Hydraulic Model for Thermal Design of Oil Power Transformers,” IEEE Transactions on Power Delivery, Vol. 25, No. 2, pp. 790-802, Abril 2010."
GTM10.pdf,para_blocks,9,4,text,,7,7,0.9851,"Luiz Fernando de Oliveira nasceu em Blumenau-SC, Brasil em 1988. Graduou-se em Engenharia Elétrica na Universidade Regional de Blumenau (FURB) em 2013 e atualmente cursa mestrado também em Engenharia Elétrica na UFSC (GRUCAD). Trabalha na WEG T&D desde 2007, onde passou pelas áreas de produção e técnica, entre 2009 e 2013 trabalhou diretamente com cálculo e dimensionamento de transformadores e desde 2013 exerce atividades no departamento de pesquisa e desenvolvimento com foco em pesquisa, simulações numéricas e desenvolvimento de softwares para engenharia. É membro do Cigré-Brasil."
GTM10.pdf,preproc_blocks,9,4,text,,7,7,0.9851,"Luiz Fernando de Oliveira nasceu em Blumenau-SC, Brasil em 1988. Graduou-se em Engenharia Elétrica na Universidade Regional de Blumenau (FURB) em 2013 e atualmente cursa mestrado também em Engenharia Elétrica na UFSC (GRUCAD). Trabalha na WEG T&D desde 2007, onde passou pelas áreas de produção e técnica, entre 2009 e 2013 trabalhou diretamente com cálculo e dimensionamento de transformadores e desde 2013 exerce atividades no departamento de pesquisa e desenvolvimento com foco em pesquisa, simulações numéricas e desenvolvimento de softwares para engenharia. É membro do Cigré-Brasil."
GTM10.pdf,para_blocks,9,6,text,,8,8,0.9852,"Álvaro Portillo nasceu no Uruguai em 1954. Graduou-se em Engenharia Elétrica na Universidad de la República del Uruguay em 1979. Trabalhou na companhia elétrica uruguaia (UTE) até 1985 em atividades relacionadas a aprovação, instalação e manutenção de transformadores. De 1985 a 1999 trabalhou na MAK AS (fabricante uruguaio de transformadores, até 20MVA, 72,5kV), de 2000 a 2007 como consultor na TRAFO (fabricante brasileiro de transformadores, até 20MVA, 72,5kV) e desde então atua como consultor e desenvolvedor de ferramentas para projeto de transformadores na WEG (fabricante brasileiro de transformadores, até 500MVA, 500kV). É professor na Universidad de la República del Uruguay desde 1977, sendo"
GTM10.pdf,preproc_blocks,9,6,text,,8,8,0.9852,"Álvaro Portillo nasceu no Uruguai em 1954. Graduou-se em Engenharia Elétrica na Universidad de la República del Uruguay em 1979. Trabalhou na companhia elétrica uruguaia (UTE) até 1985 em atividades relacionadas a aprovação, instalação e manutenção de transformadores. De 1985 a 1999 trabalhou na MAK AS (fabricante uruguaio de transformadores, até 20MVA, 72,5kV), de 2000 a 2007 como consultor na TRAFO (fabricante brasileiro de transformadores, até 20MVA, 72,5kV) e desde então atua como consultor e desenvolvedor de ferramentas para projeto de transformadores na WEG (fabricante brasileiro de transformadores, até 500MVA, 500kV). É professor na Universidad de la República del Uruguay desde 1977, sendo"
GTM10.pdf,para_blocks,9,7,text,,3,3,0.9315,"atualmente responsável pelos cursos de pós-graduação em transformadores (especificação, projeto, operação, manutenção, etc.), é também membro sênior da IEEE e membro do Cigré, tem participação ativa em vários grupos de trabalho dessas entidades."
GTM10.pdf,preproc_blocks,9,7,text,,3,3,0.9315,"atualmente responsável pelos cursos de pós-graduação em transformadores (especificação, projeto, operação, manutenção, etc.), é também membro sênior da IEEE e membro do Cigré, tem participação ativa em vários grupos de trabalho dessas entidades."
GTM10.pdf,para_blocks,9,9,text,,6,6,0.9846,"Gilson Semiano nasceu em Taió-SC, Brasil em 1980. Graduou-se em Engenharia Elétrica na Universidade Regional de Blumenau (FURB) em 2005 e concluiu o curso de Mestrado em Engenharia Elétrica pela mesma instituição em 2015. Trabalha na WEG T&D desde 2001, onde passou pela área de laboratório de ensaios e atualmente trabalha diretamente com cálculo e dimensionamento de transformadores. Seus interesses de pesquisa incluem técnicas de medição e modelagem de transientes eletromagnéticos, VFTOs e projeto de transformadores móveis."
GTM10.pdf,preproc_blocks,9,9,text,,6,6,0.9846,"Gilson Semiano nasceu em Taió-SC, Brasil em 1980. Graduou-se em Engenharia Elétrica na Universidade Regional de Blumenau (FURB) em 2005 e concluiu o curso de Mestrado em Engenharia Elétrica pela mesma instituição em 2015. Trabalha na WEG T&D desde 2001, onde passou pela área de laboratório de ensaios e atualmente trabalha diretamente com cálculo e dimensionamento de transformadores. Seus interesses de pesquisa incluem técnicas de medição e modelagem de transientes eletromagnéticos, VFTOs e projeto de transformadores móveis."
GTM10.pdf,para_blocks,9,11,text,,8,8,0.985,"Odirlan Iaronka nasceu em Casca-RS, Brasil em 1990. Graduou-se em Engenharia Elétrica pela Universidade Federal de Santa Maria (UFSM) em 2014. Atualmente cursa Mestrado pela Universidade Federal de Santa Catarina (UFSC) na área de Eletromagnetismo aplicado em Engenharia Elétrica no GRUCAD - Grupo de Concepção e Análise de Dispositivos Eletromagnéticos. Exerce a função de Engenheiro de Aplicação e Pesquisador no setor de Pesquisa, Desenvolvimento e Inovação da empresa WEG - Equipamentos Elétricos S.A. na Unidade de Transmissão e Distribuição de Energia. Atua na área de Simulações Numéricas Computacionais de campos eletromagnéticos e no desenvolvimento de ferramentas de análise"
GTM10.pdf,preproc_blocks,9,11,text,,8,8,0.985,"Odirlan Iaronka nasceu em Casca-RS, Brasil em 1990. Graduou-se em Engenharia Elétrica pela Universidade Federal de Santa Maria (UFSM) em 2014. Atualmente cursa Mestrado pela Universidade Federal de Santa Catarina (UFSC) na área de Eletromagnetismo aplicado em Engenharia Elétrica no GRUCAD - Grupo de Concepção e Análise de Dispositivos Eletromagnéticos. Exerce a função de Engenheiro de Aplicação e Pesquisador no setor de Pesquisa, Desenvolvimento e Inovação da empresa WEG - Equipamentos Elétricos S.A. na Unidade de Transmissão e Distribuição de Energia. Atua na área de Simulações Numéricas Computacionais de campos eletromagnéticos e no desenvolvimento de ferramentas de análise"
GTM10.pdf,para_blocks,9,12,text,,2,2,0.8061,"e otimização do projeto eletromagnético e térmico de transformadores e reatores de potência, transformadores seco e chaves secionadoras."
GTM10.pdf,preproc_blocks,9,12,text,,2,2,0.8061,"e otimização do projeto eletromagnético e térmico de transformadores e reatores de potência, transformadores seco e chaves secionadoras."
