timestamp_utc,cpu_util_pct,cpu_count_logical,load_1m,load_5m,load_15m,ram_used_mb,ram_available_mb,ram_total_mb,ram_util_pct,gpu_name,gpu_util_pct,gpu_mem_util_pct,vram_used_mb,vram_total_mb,gpu_power_w,gpu_temp_c
2026-07-31T07:27:20.690768+00:00,0.0,384,13.14501953125,13.3408203125,18.826171875,259495.83203125,1288141.04296875,1547636.875,16.8,NVIDIA RTX PRO 6000 Blackwell Server Edition,0.0,0.0,0.0,97887.0,28.51,26.0
2026-07-31T07:27:21.690922+00:00,3.2,384,13.14501953125,13.3408203125,18.826171875,259494.4140625,1288142.4609375,1547636.875,16.8,NVIDIA RTX PRO 6000 Blackwell Server Edition,0.0,0.0,0.0,97887.0,29.04,26.0
2026-07-31T07:27:22.691035+00:00,3.6,384,13.14501953125,13.3408203125,18.826171875,259478.33984375,1288158.53515625,1547636.875,16.8,NVIDIA RTX PRO 6000 Blackwell Server Edition,0.0,0.0,0.0,97887.0,28.74,26.0
2026-07-31T07:27:23.691211+00:00,2.6,384,13.14501953125,13.3408203125,18.826171875,259486.4453125,1288150.4296875,1547636.875,16.8,NVIDIA RTX PRO 6000 Blackwell Server Edition,0.0,0.0,0.0,97887.0,28.93,26.0
2026-07-31T07:27:24.691424+00:00,2.8,384,13.05322265625,13.318359375,18.7890625,259492.515625,1288144.359375,1547636.875,16.8,NVIDIA RTX PRO 6000 Blackwell Server Edition,0.0,0.0,0.0,97887.0,28.93,26.0
2026-07-31T07:27:25.691546+00:00,2.9,384,13.05322265625,13.318359375,18.7890625,259458.55078125,1288178.32421875,1547636.875,16.8,NVIDIA RTX PRO 6000 Blackwell Server Edition,0.0,0.0,0.0,97887.0,29.03,26.0
2026-07-31T07:27:26.691698+00:00,2.8,384,13.05322265625,13.318359375,18.7890625,259483.86328125,1288153.01171875,1547636.875,16.8,NVIDIA RTX PRO 6000 Blackwell Server Edition,0.0,0.0,0.0,97887.0,29.51,26.0
2026-07-31T07:27:27.691828+00:00,3.0,384,13.05322265625,13.318359375,18.7890625,259704.90625,1287931.96875,1547636.875,16.8,NVIDIA RTX PRO 6000 Blackwell Server Edition,0.0,0.0,0.0,97887.0,29.04,26.0
2026-07-31T07:27:28.800897+00:00,7.2,384,13.05322265625,13.318359375,18.7890625,259783.30078125,1287853.57421875,1547636.875,16.8,NVIDIA RTX PRO 6000 Blackwell Server Edition,0.0,0.0,0.0,97887.0,28.75,26.0
2026-07-31T07:27:29.801023+00:00,13.6,384,12.80859375,13.26318359375,18.74169921875,259714.04296875,1287922.83203125,1547636.875,16.8,NVIDIA RTX PRO 6000 Blackwell Server Edition,0.0,0.0,0.0,97887.0,28.46,26.0
2026-07-31T07:27:30.801147+00:00,14.1,384,12.80859375,13.26318359375,18.74169921875,259541.23828125,1288095.63671875,1547636.875,16.8,NVIDIA RTX PRO 6000 Blackwell Server Edition,0.0,0.0,0.0,97887.0,29.06,26.0
2026-07-31T07:27:31.801257+00:00,4.9,384,12.80859375,13.26318359375,18.74169921875,260059.43359375,1287577.44140625,1547636.875,16.8,NVIDIA RTX PRO 6000 Blackwell Server Edition,0.0,0.0,0.0,97887.0,28.48,26.0
2026-07-31T07:27:32.801371+00:00,12.7,384,12.80859375,13.26318359375,18.74169921875,260070.75390625,1287566.12109375,1547636.875,16.8,NVIDIA RTX PRO 6000 Blackwell Server Edition,0.0,0.0,0.0,97887.0,29.06,26.0
2026-07-31T07:27:33.801499+00:00,12.6,384,12.80859375,13.26318359375,18.74169921875,261510.3203125,1286126.5546875,1547636.875,16.9,NVIDIA RTX PRO 6000 Blackwell Server Edition,0.0,0.0,0.0,97887.0,28.82,26.0
2026-07-31T07:27:34.801566+00:00,13.0,384,27.798828125,16.36376953125,19.71533203125,262503.515625,1285133.359375,1547636.875,17.0,NVIDIA RTX PRO 6000 Blackwell Server Edition,0.0,0.0,0.0,97887.0,28.57,26.0
2026-07-31T07:27:35.801684+00:00,13.3,384,27.798828125,16.36376953125,19.71533203125,262540.0546875,1285096.8203125,1547636.875,17.0,NVIDIA RTX PRO 6000 Blackwell Server Edition,0.0,0.0,0.0,97887.0,28.51,26.0
2026-07-31T07:27:36.801810+00:00,13.4,384,27.798828125,16.36376953125,19.71533203125,262543.39453125,1285093.48046875,1547636.875,17.0,NVIDIA RTX PRO 6000 Blackwell Server Edition,0.0,0.0,0.0,97887.0,28.93,26.0
2026-07-31T07:27:37.801913+00:00,13.5,384,27.798828125,16.36376953125,19.71533203125,262536.43359375,1285100.44140625,1547636.875,17.0,NVIDIA RTX PRO 6000 Blackwell Server Edition,0.0,0.0,0.0,97887.0,28.93,26.0
2026-07-31T07:27:38.802041+00:00,13.9,384,27.798828125,16.36376953125,19.71533203125,262548.7421875,1285088.1328125,1547636.875,17.0,NVIDIA RTX PRO 6000 Blackwell Server Edition,0.0,0.0,0.0,97887.0,28.94,26.0
2026-07-31T07:27:39.802171+00:00,13.3,384,57.76416015625,22.76611328125,21.76904296875,262577.69921875,1285059.17578125,1547636.875,17.0,NVIDIA RTX PRO 6000 Blackwell Server Edition,0.0,0.0,0.0,97887.0,28.99,26.0
2026-07-31T07:27:40.802313+00:00,13.4,384,57.76416015625,22.76611328125,21.76904296875,262648.765625,1284988.109375,1547636.875,17.0,NVIDIA RTX PRO 6000 Blackwell Server Edition,0.0,0.0,0.0,97887.0,29.04,26.0
2026-07-31T07:27:41.802381+00:00,13.4,384,57.76416015625,22.76611328125,21.76904296875,262667.39453125,1284969.48046875,1547636.875,17.0,NVIDIA RTX PRO 6000 Blackwell Server Edition,0.0,0.0,0.0,97887.0,28.75,26.0
2026-07-31T07:27:42.802464+00:00,14.6,384,57.76416015625,22.76611328125,21.76904296875,262733.046875,1284903.828125,1547636.875,17.0,NVIDIA RTX PRO 6000 Blackwell Server Edition,0.0,0.0,0.0,97887.0,28.94,26.0
2026-07-31T07:27:43.802551+00:00,9.2,384,57.76416015625,22.76611328125,21.76904296875,262808.5625,1284828.3125,1547636.875,17.0,NVIDIA RTX PRO 6000 Blackwell Server Edition,0.0,0.0,0.0,97887.0,28.47,26.0
2026-07-31T07:27:44.802621+00:00,3.0,384,54.17919921875,22.603515625,21.7216796875,262843.03125,1284793.84375,1547636.875,17.0,NVIDIA RTX PRO 6000 Blackwell Server Edition,0.0,0.0,0.0,97887.0,29.06,26.0
2026-07-31T07:27:45.802700+00:00,3.8,384,54.17919921875,22.603515625,21.7216796875,262896.04296875,1284740.83203125,1547636.875,17.0,NVIDIA RTX PRO 6000 Blackwell Server Edition,0.0,0.0,0.0,97887.0,29.04,26.0
2026-07-31T07:27:46.802794+00:00,9.2,384,54.17919921875,22.603515625,21.7216796875,263069.03515625,1284567.83984375,1547636.875,17.0,NVIDIA RTX PRO 6000 Blackwell Server Edition,0.0,0.0,0.0,97887.0,28.96,26.0
2026-07-31T07:27:47.803407+00:00,13.9,384,54.17919921875,22.603515625,21.7216796875,263142.32421875,1284494.55078125,1547636.875,17.0,NVIDIA RTX PRO 6000 Blackwell Server Edition,0.0,0.0,0.0,97887.0,29.42,26.0
2026-07-31T07:27:48.803473+00:00,13.3,384,54.17919921875,22.603515625,21.7216796875,263075.7265625,1284561.1484375,1547636.875,17.0,NVIDIA RTX PRO 6000 Blackwell Server Edition,0.0,0.0,0.0,97887.0,29.22,26.0
2026-07-31T07:27:49.803556+00:00,17.0,384,81.9521484375,28.8857421875,23.75927734375,263137.79296875,1284499.08203125,1547636.875,17.0,NVIDIA RTX PRO 6000 Blackwell Server Edition,0.0,0.0,0.0,97887.0,29.51,26.0
2026-07-31T07:27:50.803637+00:00,28.3,384,81.9521484375,28.8857421875,23.75927734375,263285.265625,1284351.609375,1547636.875,17.0,NVIDIA RTX PRO 6000 Blackwell Server Edition,0.0,0.0,0.0,97887.0,29.27,26.0
2026-07-31T07:27:51.804377+00:00,26.6,384,81.9521484375,28.8857421875,23.75927734375,263359.5703125,1284277.3046875,1547636.875,17.0,NVIDIA RTX PRO 6000 Blackwell Server Edition,0.0,0.0,0.0,97887.0,29.03,26.0
2026-07-31T07:27:52.804476+00:00,26.8,384,81.9521484375,28.8857421875,23.75927734375,263404.44921875,1284232.42578125,1547636.875,17.0,NVIDIA RTX PRO 6000 Blackwell Server Edition,0.0,0.0,0.0,97887.0,29.04,26.0
2026-07-31T07:27:53.804602+00:00,13.6,384,81.9521484375,28.8857421875,23.75927734375,263359.796875,1284277.078125,1547636.875,17.0,NVIDIA RTX PRO 6000 Blackwell Server Edition,0.0,0.0,0.0,97887.0,29.55,26.0
2026-07-31T07:27:54.804748+00:00,13.3,384,92.1259765625,31.8759765625,24.75439453125,263557.76953125,1284079.10546875,1547636.875,17.0,NVIDIA RTX PRO 6000 Blackwell Server Edition,0.0,0.0,0.0,97887.0,29.31,26.0
2026-07-31T07:27:55.804875+00:00,4.1,384,92.1259765625,31.8759765625,24.75439453125,263837.65234375,1283799.22265625,1547636.875,17.0,NVIDIA RTX PRO 6000 Blackwell Server Edition,0.0,0.0,0.0,97887.0,29.55,26.0
2026-07-31T07:27:56.804989+00:00,4.5,384,92.1259765625,31.8759765625,24.75439453125,265699.28125,1281937.59375,1547636.875,17.2,NVIDIA RTX PRO 6000 Blackwell Server Edition,0.0,0.0,0.0,97887.0,29.54,26.0
2026-07-31T07:27:57.805090+00:00,3.2,384,92.1259765625,31.8759765625,24.75439453125,269639.609375,1277997.265625,1547636.875,17.4,NVIDIA RTX PRO 6000 Blackwell Server Edition,0.0,0.0,0.0,97887.0,30.0,26.0
2026-07-31T07:27:58.805218+00:00,3.1,384,92.1259765625,31.8759765625,24.75439453125,270280.00390625,1277356.87109375,1547636.875,17.5,NVIDIA RTX PRO 6000 Blackwell Server Edition,0.0,0.0,0.0,97887.0,29.76,26.0
2026-07-31T07:27:59.805396+00:00,3.9,384,85.94970703125,31.595703125,24.70166015625,271742.7890625,1275894.0859375,1547636.875,17.6,NVIDIA RTX PRO 6000 Blackwell Server Edition,0.0,0.0,0.0,97887.0,30.0,26.0
2026-07-31T07:28:00.805523+00:00,3.2,384,85.94970703125,31.595703125,24.70166015625,272247.5546875,1275389.3203125,1547636.875,17.6,NVIDIA RTX PRO 6000 Blackwell Server Edition,0.0,0.0,0.0,97887.0,30.01,26.0
2026-07-31T07:28:01.805641+00:00,3.5,384,85.94970703125,31.595703125,24.70166015625,272345.8828125,1275290.9921875,1547636.875,17.6,NVIDIA RTX PRO 6000 Blackwell Server Edition,0.0,0.0,0.0,97887.0,29.77,26.0
2026-07-31T07:28:02.805764+00:00,4.3,384,85.94970703125,31.595703125,24.70166015625,274231.06640625,1273405.80859375,1547636.875,17.7,NVIDIA RTX PRO 6000 Blackwell Server Edition,0.0,0.0,3.0,97887.0,33.2,26.0
2026-07-31T07:28:03.805910+00:00,3.2,384,85.94970703125,31.595703125,24.70166015625,275784.890625,1271851.984375,1547636.875,17.8,NVIDIA RTX PRO 6000 Blackwell Server Edition,1.0,0.0,1619.0,97887.0,81.47,27.0
2026-07-31T07:28:04.806036+00:00,10.1,384,80.02783203125,31.27001953125,24.63330078125,276030.3359375,1271606.5390625,1547636.875,17.8,NVIDIA RTX PRO 6000 Blackwell Server Edition,0.0,0.0,1635.0,97887.0,84.63,28.0
2026-07-31T07:28:05.806145+00:00,13.9,384,80.02783203125,31.27001953125,24.63330078125,276164.3125,1271472.5625,1547636.875,17.8,NVIDIA RTX PRO 6000 Blackwell Server Edition,0.0,0.0,1635.0,97887.0,84.45,28.0
2026-07-31T07:28:06.806248+00:00,13.2,384,80.02783203125,31.27001953125,24.63330078125,276328.05078125,1271308.82421875,1547636.875,17.9,NVIDIA RTX PRO 6000 Blackwell Server Edition,0.0,0.0,1635.0,97887.0,82.19,28.0
2026-07-31T07:28:07.806393+00:00,5.3,384,80.02783203125,31.27001953125,24.63330078125,277001.98828125,1270634.88671875,1547636.875,17.9,NVIDIA RTX PRO 6000 Blackwell Server Edition,0.0,0.0,1635.0,97887.0,85.56,28.0
2026-07-31T07:28:08.806473+00:00,3.2,384,80.02783203125,31.27001953125,24.63330078125,279610.5703125,1268026.3046875,1547636.875,18.1,NVIDIA RTX PRO 6000 Blackwell Server Edition,0.0,0.0,1795.0,97887.0,83.08,28.0
2026-07-31T07:28:09.806595+00:00,3.6,384,75.380859375,31.11572265625,24.619140625,280235.16015625,1267401.71484375,1547636.875,18.1,NVIDIA RTX PRO 6000 Blackwell Server Edition,0.0,0.0,3177.0,97887.0,100.48,28.0
2026-07-31T07:28:10.806719+00:00,3.6,384,75.380859375,31.11572265625,24.619140625,281838.984375,1265797.890625,1547636.875,18.2,NVIDIA RTX PRO 6000 Blackwell Server Edition,26.0,12.0,3907.0,97887.0,152.8,30.0
2026-07-31T07:28:11.806836+00:00,3.5,384,75.380859375,31.11572265625,24.619140625,282171.89453125,1265464.98046875,1547636.875,18.2,NVIDIA RTX PRO 6000 Blackwell Server Edition,6.0,2.0,3907.0,97887.0,171.94,30.0
2026-07-31T07:28:12.806965+00:00,3.3,384,75.380859375,31.11572265625,24.619140625,283142.05859375,1264494.81640625,1547636.875,18.3,NVIDIA RTX PRO 6000 Blackwell Server Edition,7.0,3.0,3907.0,97887.0,118.73,30.0
2026-07-31T07:28:13.807071+00:00,4.6,384,75.380859375,31.11572265625,24.619140625,284840.1875,1262796.6875,1547636.875,18.4,NVIDIA RTX PRO 6000 Blackwell Server Edition,11.0,4.0,3907.0,97887.0,135.03,30.0
2026-07-31T07:28:14.807205+00:00,8.4,384,70.94580078125,30.93115234375,24.59423828125,286264.08984375,1261372.78515625,1547636.875,18.5,NVIDIA RTX PRO 6000 Blackwell Server Edition,27.0,12.0,4237.0,97887.0,166.04,33.0
2026-07-31T07:28:15.808447+00:00,46.5,384,70.94580078125,30.93115234375,24.59423828125,287265.95703125,1260370.91796875,1547636.875,18.6,NVIDIA RTX PRO 6000 Blackwell Server Edition,2.0,1.0,4553.0,97887.0,134.51,30.0
2026-07-31T07:28:16.808565+00:00,48.9,384,70.94580078125,30.93115234375,24.59423828125,293882.45703125,1253754.41796875,1547636.875,19.0,NVIDIA RTX PRO 6000 Blackwell Server Edition,8.0,3.0,4555.0,97887.0,94.75,30.0
2026-07-31T07:28:17.808725+00:00,8.0,384,70.94580078125,30.93115234375,24.59423828125,295904.953125,1251731.921875,1547636.875,19.1,NVIDIA RTX PRO 6000 Blackwell Server Edition,19.0,12.0,4555.0,97887.0,224.12,35.0
2026-07-31T07:28:18.808925+00:00,4.2,384,70.94580078125,30.93115234375,24.59423828125,296075.87109375,1251561.00390625,1547636.875,19.1,NVIDIA RTX PRO 6000 Blackwell Server Edition,9.0,5.0,4663.0,97887.0,169.4,32.0
2026-07-31T07:28:19.809037+00:00,4.6,384,66.54541015625,30.68310546875,24.5478515625,295879.85546875,1251757.01953125,1547636.875,19.1,NVIDIA RTX PRO 6000 Blackwell Server Edition,74.0,43.0,4663.0,97887.0,213.14,35.0
2026-07-31T07:28:20.809160+00:00,4.1,384,66.54541015625,30.68310546875,24.5478515625,295546.36328125,1252090.51171875,1547636.875,19.1,NVIDIA RTX PRO 6000 Blackwell Server Edition,2.0,0.0,4831.0,97887.0,142.93,31.0
2026-07-31T07:28:21.809273+00:00,4.2,384,66.54541015625,30.68310546875,24.5478515625,296414.66015625,1251222.21484375,1547636.875,19.2,NVIDIA RTX PRO 6000 Blackwell Server Edition,13.0,3.0,4835.0,97887.0,125.53,32.0
2026-07-31T07:28:22.809391+00:00,4.7,384,66.54541015625,30.68310546875,24.5478515625,297318.71484375,1250318.16015625,1547636.875,19.2,NVIDIA RTX PRO 6000 Blackwell Server Edition,30.0,13.0,4869.0,97887.0,161.48,33.0
2026-07-31T07:28:23.809465+00:00,5.6,384,66.54541015625,30.68310546875,24.5478515625,297964.75390625,1249672.12109375,1547636.875,19.3,NVIDIA RTX PRO 6000 Blackwell Server Edition,49.0,28.0,4869.0,97887.0,211.24,35.0
2026-07-31T07:28:24.809544+00:00,4.5,384,62.57763671875,30.45556640625,24.5068359375,297809.33984375,1249827.53515625,1547636.875,19.2,NVIDIA RTX PRO 6000 Blackwell Server Edition,43.0,20.0,4871.0,97887.0,195.73,34.0
2026-07-31T07:28:25.809667+00:00,5.1,384,62.57763671875,30.45556640625,24.5068359375,297897.6796875,1249739.1953125,1547636.875,19.2,NVIDIA RTX PRO 6000 Blackwell Server Edition,20.0,7.0,4871.0,97887.0,205.1,34.0
2026-07-31T07:28:26.809813+00:00,4.6,384,62.57763671875,30.45556640625,24.5068359375,297937.59765625,1249699.27734375,1547636.875,19.3,NVIDIA RTX PRO 6000 Blackwell Server Edition,58.0,27.0,4871.0,97887.0,199.7,35.0
2026-07-31T07:28:27.810050+00:00,4.5,384,62.57763671875,30.45556640625,24.5068359375,298169.77734375,1249467.09765625,1547636.875,19.3,NVIDIA RTX PRO 6000 Blackwell Server Edition,100.0,55.0,13013.0,97887.0,272.22,39.0
2026-07-31T07:28:28.810172+00:00,4.1,384,62.57763671875,30.45556640625,24.5068359375,298316.546875,1249320.328125,1547636.875,19.3,NVIDIA RTX PRO 6000 Blackwell Server Edition,100.0,53.0,13013.0,97887.0,343.74,40.0
2026-07-31T07:28:29.810295+00:00,4.1,384,58.927734375,30.23193359375,24.46630859375,298287.6953125,1249349.1796875,1547636.875,19.3,NVIDIA RTX PRO 6000 Blackwell Server Edition,100.0,51.0,13013.0,97887.0,337.0,41.0
2026-07-31T07:28:30.810430+00:00,4.2,384,58.927734375,30.23193359375,24.46630859375,298179.55859375,1249457.31640625,1547636.875,19.3,NVIDIA RTX PRO 6000 Blackwell Server Edition,100.0,52.0,13013.0,97887.0,335.48,41.0
2026-07-31T07:28:31.810553+00:00,4.7,384,58.927734375,30.23193359375,24.46630859375,298203.859375,1249433.015625,1547636.875,19.3,NVIDIA RTX PRO 6000 Blackwell Server Edition,100.0,48.0,13013.0,97887.0,303.38,43.0
2026-07-31T07:28:32.810697+00:00,4.2,384,58.927734375,30.23193359375,24.46630859375,298193.9609375,1249442.9140625,1547636.875,19.3,NVIDIA RTX PRO 6000 Blackwell Server Edition,99.0,51.0,13013.0,97887.0,333.77,42.0
2026-07-31T07:28:33.810864+00:00,4.0,384,58.927734375,30.23193359375,24.46630859375,297508.6015625,1250128.2734375,1547636.875,19.2,NVIDIA RTX PRO 6000 Blackwell Server Edition,1.0,0.0,13013.0,97887.0,172.79,35.0
2026-07-31T07:28:34.811028+00:00,3.3,384,55.40966796875,29.97900390625,24.4150390625,297505.0625,1250131.8125,1547636.875,19.2,NVIDIA RTX PRO 6000 Blackwell Server Edition,34.0,9.0,13019.0,97887.0,369.27,38.0
2026-07-31T07:28:35.811174+00:00,3.1,384,55.40966796875,29.97900390625,24.4150390625,297439.9609375,1250196.9140625,1547636.875,19.2,NVIDIA RTX PRO 6000 Blackwell Server Edition,64.0,28.0,13019.0,97887.0,246.02,38.0
2026-07-31T07:28:36.811427+00:00,4.1,384,55.40966796875,29.97900390625,24.4150390625,297281.52734375,1250355.34765625,1547636.875,19.2,NVIDIA RTX PRO 6000 Blackwell Server Edition,30.0,9.0,13019.0,97887.0,336.03,41.0
2026-07-31T07:28:37.811589+00:00,3.3,384,55.40966796875,29.97900390625,24.4150390625,297395.0,1250241.875,1547636.875,19.2,NVIDIA RTX PRO 6000 Blackwell Server Edition,26.0,7.0,13019.0,97887.0,345.71,39.0
2026-07-31T07:28:38.811703+00:00,14.0,384,55.40966796875,29.97900390625,24.4150390625,297190.59765625,1250446.27734375,1547636.875,19.2,NVIDIA RTX PRO 6000 Blackwell Server Edition,0.0,0.0,13019.0,97887.0,123.84,36.0
2026-07-31T07:28:39.811842+00:00,13.5,384,67.548828125,32.91796875,25.39599609375,296999.33203125,1250637.54296875,1547636.875,19.2,NVIDIA RTX PRO 6000 Blackwell Server Edition,0.0,0.0,13019.0,97887.0,103.16,35.0
2026-07-31T07:28:40.811999+00:00,13.3,384,67.548828125,32.91796875,25.39599609375,296865.46484375,1250771.41015625,1547636.875,19.2,NVIDIA RTX PRO 6000 Blackwell Server Edition,100.0,51.0,13019.0,97887.0,186.28,39.0
2026-07-31T07:28:41.812089+00:00,14.0,384,67.548828125,32.91796875,25.39599609375,296683.5078125,1250953.3671875,1547636.875,19.2,NVIDIA RTX PRO 6000 Blackwell Server Edition,30.0,15.0,13019.0,97887.0,141.08,36.0
2026-07-31T07:28:42.812189+00:00,14.8,384,67.548828125,32.91796875,25.39599609375,296418.703125,1251218.171875,1547636.875,19.2,NVIDIA RTX PRO 6000 Blackwell Server Edition,0.0,0.0,13019.0,97887.0,99.27,35.0
2026-07-31T07:28:43.812397+00:00,6.9,384,67.548828125,32.91796875,25.39599609375,296447.68359375,1251189.19140625,1547636.875,19.2,NVIDIA RTX PRO 6000 Blackwell Server Edition,97.0,49.0,13019.0,97887.0,208.88,42.0
2026-07-31T07:28:44.812461+00:00,3.8,384,63.34033203125,32.6201171875,25.33984375,296402.2578125,1251234.6171875,1547636.875,19.2,NVIDIA RTX PRO 6000 Blackwell Server Edition,91.0,39.0,13019.0,97887.0,183.05,38.0
2026-07-31T07:28:45.812635+00:00,3.1,384,63.34033203125,32.6201171875,25.33984375,296332.3046875,1251304.5703125,1547636.875,19.1,NVIDIA RTX PRO 6000 Blackwell Server Edition,27.0,4.0,13019.0,97887.0,173.01,36.0
2026-07-31T07:28:46.812786+00:00,3.7,384,63.34033203125,32.6201171875,25.33984375,296234.9765625,1251401.8984375,1547636.875,19.1,NVIDIA RTX PRO 6000 Blackwell Server Edition,34.0,9.0,13019.0,97887.0,171.04,37.0
2026-07-31T07:28:47.812861+00:00,3.1,384,63.34033203125,32.6201171875,25.33984375,296206.21875,1251430.65625,1547636.875,19.1,NVIDIA RTX PRO 6000 Blackwell Server Edition,17.0,2.0,13019.0,97887.0,165.69,36.0
2026-07-31T07:28:48.813017+00:00,3.3,384,63.34033203125,32.6201171875,25.33984375,295985.15234375,1251651.72265625,1547636.875,19.1,NVIDIA RTX PRO 6000 Blackwell Server Edition,22.0,4.0,13019.0,97887.0,147.54,37.0
2026-07-31T07:28:49.813099+00:00,4.6,384,59.22900390625,32.27734375,25.26806640625,295852.4921875,1251784.3828125,1547636.875,19.1,NVIDIA RTX PRO 6000 Blackwell Server Edition,19.0,4.0,13019.0,97887.0,157.24,36.0
2026-07-31T07:28:50.813170+00:00,4.0,384,59.22900390625,32.27734375,25.26806640625,295769.57421875,1251867.30078125,1547636.875,19.1,NVIDIA RTX PRO 6000 Blackwell Server Edition,28.0,5.0,13019.0,97887.0,178.27,36.0
2026-07-31T07:28:51.813251+00:00,3.7,384,59.22900390625,32.27734375,25.26806640625,295671.09765625,1251965.77734375,1547636.875,19.1,NVIDIA RTX PRO 6000 Blackwell Server Edition,30.0,6.0,13019.0,97887.0,181.1,37.0
2026-07-31T07:28:52.813384+00:00,3.2,384,59.22900390625,32.27734375,25.26806640625,295591.4375,1252045.4375,1547636.875,19.1,NVIDIA RTX PRO 6000 Blackwell Server Edition,51.0,13.0,13019.0,97887.0,220.7,37.0
2026-07-31T07:28:53.813555+00:00,4.9,384,59.22900390625,32.27734375,25.26806640625,295467.30078125,1252169.57421875,1547636.875,19.1,NVIDIA RTX PRO 6000 Blackwell Server Edition,37.0,7.0,13019.0,97887.0,147.84,37.0
2026-07-31T07:28:54.813683+00:00,3.9,384,56.16748046875,32.08984375,25.2451171875,295345.9609375,1252290.9140625,1547636.875,19.1,NVIDIA RTX PRO 6000 Blackwell Server Edition,34.0,7.0,13019.0,97887.0,190.57,37.0
2026-07-31T07:28:55.813920+00:00,3.6,384,56.16748046875,32.08984375,25.2451171875,295307.90234375,1252328.97265625,1547636.875,19.1,NVIDIA RTX PRO 6000 Blackwell Server Edition,40.0,10.0,13019.0,97887.0,167.3,37.0
2026-07-31T07:28:56.814031+00:00,3.4,384,56.16748046875,32.08984375,25.2451171875,295168.80859375,1252468.06640625,1547636.875,19.1,NVIDIA RTX PRO 6000 Blackwell Server Edition,39.0,10.0,13019.0,97887.0,202.43,37.0
2026-07-31T07:28:57.814171+00:00,3.2,384,56.16748046875,32.08984375,25.2451171875,295112.7578125,1252524.1171875,1547636.875,19.1,NVIDIA RTX PRO 6000 Blackwell Server Edition,38.0,11.0,13019.0,97887.0,207.74,41.0
2026-07-31T07:28:58.814297+00:00,3.2,384,56.16748046875,32.08984375,25.2451171875,294942.7265625,1252694.1484375,1547636.875,19.1,NVIDIA RTX PRO 6000 Blackwell Server Edition,41.0,12.0,13019.0,97887.0,196.98,38.0
2026-07-31T07:28:59.814438+00:00,3.3,384,52.87060546875,31.8056640625,25.18994140625,294999.953125,1252636.921875,1547636.875,19.1,NVIDIA RTX PRO 6000 Blackwell Server Edition,51.0,17.0,13019.0,97887.0,196.94,38.0
2026-07-31T07:29:00.814569+00:00,4.0,384,52.87060546875,31.8056640625,25.18994140625,294860.38671875,1252776.48828125,1547636.875,19.1,NVIDIA RTX PRO 6000 Blackwell Server Edition,40.0,13.0,13019.0,97887.0,231.79,38.0
2026-07-31T07:29:01.814739+00:00,3.1,384,52.87060546875,31.8056640625,25.18994140625,294903.61328125,1252733.26171875,1547636.875,19.1,NVIDIA RTX PRO 6000 Blackwell Server Edition,53.0,20.0,13019.0,97887.0,210.07,38.0
2026-07-31T07:29:02.814890+00:00,3.3,384,52.87060546875,31.8056640625,25.18994140625,294829.7578125,1252807.1171875,1547636.875,19.1,NVIDIA RTX PRO 6000 Blackwell Server Edition,49.0,19.0,13019.0,97887.0,245.41,39.0
2026-07-31T07:29:03.815072+00:00,3.1,384,52.87060546875,31.8056640625,25.18994140625,294731.87109375,1252905.00390625,1547636.875,19.0,NVIDIA RTX PRO 6000 Blackwell Server Edition,62.0,26.0,13019.0,97887.0,227.63,39.0
2026-07-31T07:29:04.815188+00:00,3.2,384,49.59765625,31.4765625,25.11865234375,294712.16796875,1252924.70703125,1547636.875,19.0,NVIDIA RTX PRO 6000 Blackwell Server Edition,63.0,28.0,13019.0,97887.0,233.87,40.0
2026-07-31T07:29:05.815312+00:00,3.5,384,49.59765625,31.4765625,25.11865234375,294633.328125,1253003.546875,1547636.875,19.0,NVIDIA RTX PRO 6000 Blackwell Server Edition,32.0,15.0,13019.0,97887.0,229.19,38.0
2026-07-31T07:29:06.815483+00:00,3.3,384,49.59765625,31.4765625,25.11865234375,294518.2421875,1253118.6328125,1547636.875,19.0,NVIDIA RTX PRO 6000 Blackwell Server Edition,58.0,28.0,13019.0,97887.0,224.73,40.0
2026-07-31T07:29:07.815611+00:00,8.9,384,49.59765625,31.4765625,25.11865234375,294806.11328125,1252830.76171875,1547636.875,19.0,NVIDIA RTX PRO 6000 Blackwell Server Edition,100.0,51.0,13019.0,97887.0,289.79,42.0
2026-07-31T07:29:08.815704+00:00,3.3,384,49.59765625,31.4765625,25.11865234375,294770.0078125,1252866.8671875,1547636.875,19.0,NVIDIA RTX PRO 6000 Blackwell Server Edition,41.0,10.0,13019.0,97887.0,171.72,39.0
2026-07-31T07:29:09.815877+00:00,3.2,384,46.98681640625,31.23583984375,25.07470703125,294733.82421875,1252903.05078125,1547636.875,19.0,NVIDIA RTX PRO 6000 Blackwell Server Edition,44.0,13.0,13019.0,97887.0,188.03,39.0
2026-07-31T07:29:10.816031+00:00,5.6,384,46.98681640625,31.23583984375,25.07470703125,294247.1015625,1253389.7734375,1547636.875,19.0,NVIDIA RTX PRO 6000 Blackwell Server Edition,53.0,19.0,13019.0,97887.0,207.52,39.0
2026-07-31T07:29:11.816178+00:00,3.4,384,46.98681640625,31.23583984375,25.07470703125,294170.4453125,1253466.4296875,1547636.875,19.0,NVIDIA RTX PRO 6000 Blackwell Server Edition,45.0,16.0,13019.0,97887.0,241.59,40.0
2026-07-31T07:29:12.816310+00:00,4.1,384,46.98681640625,31.23583984375,25.07470703125,294093.71484375,1253543.16015625,1547636.875,19.0,NVIDIA RTX PRO 6000 Blackwell Server Edition,60.0,27.0,13019.0,97887.0,240.65,40.0
2026-07-31T07:29:13.816427+00:00,3.2,384,46.98681640625,31.23583984375,25.07470703125,294078.26171875,1253558.61328125,1547636.875,19.0,NVIDIA RTX PRO 6000 Blackwell Server Edition,78.0,37.0,13019.0,97887.0,310.92,42.0
2026-07-31T07:29:14.816548+00:00,3.3,384,44.50537109375,30.982421875,25.02587890625,294049.546875,1253587.328125,1547636.875,19.0,NVIDIA RTX PRO 6000 Blackwell Server Edition,40.0,20.0,13019.0,97887.0,296.51,40.0
2026-07-31T07:29:15.816641+00:00,12.5,384,44.50537109375,30.982421875,25.02587890625,294077.3359375,1253559.5390625,1547636.875,19.0,NVIDIA RTX PRO 6000 Blackwell Server Edition,54.0,18.0,13019.0,97887.0,193.87,40.0
2026-07-31T07:29:16.816727+00:00,25.6,384,44.50537109375,30.982421875,25.02587890625,293931.29296875,1253705.58203125,1547636.875,19.0,NVIDIA RTX PRO 6000 Blackwell Server Edition,7.0,1.0,13019.0,97887.0,148.58,37.0
2026-07-31T07:29:17.816803+00:00,26.2,384,44.50537109375,30.982421875,25.02587890625,293842.83984375,1253794.03515625,1547636.875,19.0,NVIDIA RTX PRO 6000 Blackwell Server Edition,8.0,1.0,13019.0,97887.0,96.87,36.0
2026-07-31T07:29:18.816915+00:00,20.9,384,44.50537109375,30.982421875,25.02587890625,293936.40234375,1253700.47265625,1547636.875,19.0,NVIDIA RTX PRO 6000 Blackwell Server Edition,6.0,1.0,13019.0,97887.0,95.49,36.0
2026-07-31T07:29:19.817110+00:00,9.4,384,58.07861328125,34.02099609375,26.041015625,293676.55078125,1253960.32421875,1547636.875,19.0,NVIDIA RTX PRO 6000 Blackwell Server Edition,35.0,7.0,13019.0,97887.0,132.49,38.0
2026-07-31T07:29:20.817291+00:00,5.9,384,58.07861328125,34.02099609375,26.041015625,293689.44921875,1253947.42578125,1547636.875,19.0,NVIDIA RTX PRO 6000 Blackwell Server Edition,44.0,13.0,13019.0,97887.0,172.13,38.0
2026-07-31T07:29:21.817489+00:00,5.4,384,58.07861328125,34.02099609375,26.041015625,293829.67578125,1253807.19921875,1547636.875,19.0,NVIDIA RTX PRO 6000 Blackwell Server Edition,60.0,15.0,13019.0,97887.0,210.17,39.0
2026-07-31T07:29:22.817662+00:00,7.4,384,58.07861328125,34.02099609375,26.041015625,293551.63671875,1254085.23828125,1547636.875,19.0,NVIDIA RTX PRO 6000 Blackwell Server Edition,45.0,8.0,13019.0,97887.0,222.08,39.0
2026-07-31T07:29:23.817846+00:00,7.8,384,58.07861328125,34.02099609375,26.041015625,293457.75390625,1254179.12109375,1547636.875,19.0,NVIDIA RTX PRO 6000 Blackwell Server Edition,56.0,18.0,13019.0,97887.0,202.73,40.0
2026-07-31T07:29:24.818011+00:00,7.7,384,55.75,33.9375,26.05712890625,293337.30859375,1254299.56640625,1547636.875,19.0,NVIDIA RTX PRO 6000 Blackwell Server Edition,60.0,19.0,13019.0,97887.0,252.35,40.0
2026-07-31T07:29:25.818181+00:00,6.8,384,55.75,33.9375,26.05712890625,293256.35546875,1254380.51953125,1547636.875,18.9,NVIDIA RTX PRO 6000 Blackwell Server Edition,85.0,43.0,13019.0,97887.0,280.69,42.0
2026-07-31T07:29:26.818467+00:00,5.9,384,55.75,33.9375,26.05712890625,293902.88671875,1253733.98828125,1547636.875,19.0,NVIDIA RTX PRO 6000 Blackwell Server Edition,87.0,58.0,13019.0,97887.0,334.16,43.0
2026-07-31T07:29:27.818632+00:00,5.6,384,55.75,33.9375,26.05712890625,293605.52734375,1254031.34765625,1547636.875,19.0,NVIDIA RTX PRO 6000 Blackwell Server Edition,89.0,64.0,13019.0,97887.0,363.35,43.0
2026-07-31T07:29:28.818805+00:00,5.0,384,55.75,33.9375,26.05712890625,293206.37109375,1254430.50390625,1547636.875,18.9,NVIDIA RTX PRO 6000 Blackwell Server Edition,91.0,66.0,13019.0,97887.0,376.18,44.0
2026-07-31T07:29:29.818999+00:00,5.7,384,52.72705078125,33.6728515625,26.013671875,293748.19140625,1253888.68359375,1547636.875,19.0,NVIDIA RTX PRO 6000 Blackwell Server Edition,4.0,0.0,13019.0,97887.0,200.16,38.0
2026-07-31T07:29:30.819124+00:00,10.4,384,52.72705078125,33.6728515625,26.013671875,295619.4609375,1252017.4140625,1547636.875,19.1,NVIDIA RTX PRO 6000 Blackwell Server Edition,0.0,0.0,13019.0,97887.0,96.64,37.0
2026-07-31T07:29:31.819245+00:00,12.5,384,52.72705078125,33.6728515625,26.013671875,294952.15234375,1252684.72265625,1547636.875,19.1,NVIDIA RTX PRO 6000 Blackwell Server Edition,2.0,0.0,13019.0,97887.0,90.91,36.0
2026-07-31T07:29:32.819430+00:00,13.5,384,52.72705078125,33.6728515625,26.013671875,293988.14453125,1253648.73046875,1547636.875,19.0,NVIDIA RTX PRO 6000 Blackwell Server Edition,2.0,0.0,13019.0,97887.0,91.91,36.0
2026-07-31T07:29:33.819740+00:00,9.5,384,52.72705078125,33.6728515625,26.013671875,294231.51171875,1253405.36328125,1547636.875,19.0,NVIDIA RTX PRO 6000 Blackwell Server Edition,13.0,0.0,13019.0,97887.0,104.03,37.0
2026-07-31T07:29:34.819854+00:00,5.9,384,50.74658203125,33.57861328125,26.0244140625,295043.5390625,1252593.3359375,1547636.875,19.1,NVIDIA RTX PRO 6000 Blackwell Server Edition,0.0,0.0,13019.0,97887.0,129.02,36.0
2026-07-31T07:29:35.819973+00:00,7.1,384,50.74658203125,33.57861328125,26.0244140625,295634.875,1252002.0,1547636.875,19.1,NVIDIA RTX PRO 6000 Blackwell Server Edition,1.0,0.0,13019.0,97887.0,88.28,35.0
2026-07-31T07:29:36.820098+00:00,5.9,384,50.74658203125,33.57861328125,26.0244140625,295937.921875,1251698.953125,1547636.875,19.1,NVIDIA RTX PRO 6000 Blackwell Server Edition,4.0,0.0,13019.0,97887.0,119.21,37.0
2026-07-31T07:29:37.820303+00:00,5.5,384,50.74658203125,33.57861328125,26.0244140625,295994.671875,1251642.203125,1547636.875,19.1,NVIDIA RTX PRO 6000 Blackwell Server Edition,12.0,5.0,13019.0,97887.0,125.45,35.0
2026-07-31T07:29:38.820500+00:00,5.7,384,50.74658203125,33.57861328125,26.0244140625,295850.19140625,1251786.68359375,1547636.875,19.1,NVIDIA RTX PRO 6000 Blackwell Server Edition,0.0,0.0,13019.0,97887.0,135.3,36.0
2026-07-31T07:29:39.820696+00:00,5.5,384,48.5244140625,33.40283203125,26.0078125,296685.984375,1250950.890625,1547636.875,19.2,NVIDIA RTX PRO 6000 Blackwell Server Edition,1.0,0.0,13019.0,97887.0,118.78,35.0
2026-07-31T07:29:40.820856+00:00,5.7,384,48.5244140625,33.40283203125,26.0078125,297861.81640625,1249775.05859375,1547636.875,19.2,NVIDIA RTX PRO 6000 Blackwell Server Edition,4.0,1.0,13019.0,97887.0,114.63,35.0
2026-07-31T07:29:41.821041+00:00,5.5,384,48.5244140625,33.40283203125,26.0078125,298605.37109375,1249031.50390625,1547636.875,19.3,NVIDIA RTX PRO 6000 Blackwell Server Edition,6.0,1.0,13021.0,97887.0,110.54,36.0
2026-07-31T07:29:42.821205+00:00,5.4,384,48.5244140625,33.40283203125,26.0078125,299878.49609375,1247758.37890625,1547636.875,19.4,NVIDIA RTX PRO 6000 Blackwell Server Edition,5.0,1.0,13021.0,97887.0,109.21,35.0
2026-07-31T07:29:43.821477+00:00,3.9,384,48.5244140625,33.40283203125,26.0078125,301374.390625,1246262.484375,1547636.875,19.5,NVIDIA RTX PRO 6000 Blackwell Server Edition,5.0,0.0,13021.0,97887.0,105.51,35.0
2026-07-31T07:29:44.821676+00:00,3.9,384,46.07958984375,33.14697265625,25.96435546875,302562.06640625,1245074.80859375,1547636.875,19.5,NVIDIA RTX PRO 6000 Blackwell Server Edition,0.0,0.0,13021.0,97887.0,99.19,34.0
2026-07-31T07:29:45.821847+00:00,3.0,384,46.07958984375,33.14697265625,25.96435546875,303103.11328125,1244533.76171875,1547636.875,19.6,NVIDIA RTX PRO 6000 Blackwell Server Edition,0.0,0.0,1597.0,97887.0,88.69,34.0
2026-07-31T07:29:46.821976+00:00,3.5,384,46.07958984375,33.14697265625,25.96435546875,303547.72265625,1244089.15234375,1547636.875,19.6,NVIDIA RTX PRO 6000 Blackwell Server Edition,0.0,0.0,1597.0,97887.0,88.1,34.0
2026-07-31T07:29:47.822131+00:00,3.0,384,46.07958984375,33.14697265625,25.96435546875,304030.625,1243606.25,1547636.875,19.6,NVIDIA RTX PRO 6000 Blackwell Server Edition,0.0,0.0,1597.0,97887.0,85.2,34.0
2026-07-31T07:29:48.822232+00:00,8.8,384,46.07958984375,33.14697265625,25.96435546875,304441.1640625,1243195.7109375,1547636.875,19.7,NVIDIA RTX PRO 6000 Blackwell Server Edition,10.0,6.0,3691.0,97887.0,91.53,34.0
2026-07-31T07:29:49.822453+00:00,14.3,384,58.8857421875,36.01708984375,26.931640625,304539.03515625,1243097.83984375,1547636.875,19.7,NVIDIA RTX PRO 6000 Blackwell Server Edition,0.0,0.0,3691.0,97887.0,86.97,33.0
2026-07-31T07:29:50.822420+00:00,13.3,384,58.8857421875,36.01708984375,26.931640625,304514.89453125,1243121.98046875,1547636.875,19.7,NVIDIA RTX PRO 6000 Blackwell Server Edition,0.0,0.0,3691.0,97887.0,86.95,33.0
2026-07-31T07:29:51.822504+00:00,14.4,384,58.8857421875,36.01708984375,26.931640625,304638.625,1242998.25,1547636.875,19.7,NVIDIA RTX PRO 6000 Blackwell Server Edition,14.0,11.0,6137.0,97887.0,89.31,33.0
2026-07-31T07:29:52.822571+00:00,14.4,384,58.8857421875,36.01708984375,26.931640625,304722.96875,1242913.90625,1547636.875,19.7,NVIDIA RTX PRO 6000 Blackwell Server Edition,0.0,0.0,6137.0,97887.0,98.68,33.0
2026-07-31T07:29:53.822651+00:00,13.0,384,58.8857421875,36.01708984375,26.931640625,304700.73828125,1242936.13671875,1547636.875,19.7,NVIDIA RTX PRO 6000 Blackwell Server Edition,0.0,0.0,6137.0,97887.0,86.61,33.0
2026-07-31T07:29:54.822727+00:00,11.8,384,77.39306640625,40.23388671875,28.3447265625,304335.19140625,1243301.68359375,1547636.875,19.7,NVIDIA RTX PRO 6000 Blackwell Server Edition,1.0,0.0,6137.0,97887.0,88.07,33.0
2026-07-31T07:29:55.822844+00:00,13.1,384,77.39306640625,40.23388671875,28.3447265625,304326.484375,1243310.390625,1547636.875,19.7,NVIDIA RTX PRO 6000 Blackwell Server Edition,0.0,0.0,6137.0,97887.0,88.05,33.0
2026-07-31T07:29:56.822943+00:00,13.3,384,77.39306640625,40.23388671875,28.3447265625,304385.85546875,1243251.01953125,1547636.875,19.7,NVIDIA RTX PRO 6000 Blackwell Server Edition,1.0,0.0,6137.0,97887.0,87.3,33.0
2026-07-31T07:29:57.823116+00:00,12.4,384,77.39306640625,40.23388671875,28.3447265625,304938.5,1242698.375,1547636.875,19.7,NVIDIA RTX PRO 6000 Blackwell Server Edition,0.0,0.0,6137.0,97887.0,87.21,33.0
2026-07-31T07:29:58.823203+00:00,13.4,384,77.39306640625,40.23388671875,28.3447265625,304894.5546875,1242742.3203125,1547636.875,19.7,NVIDIA RTX PRO 6000 Blackwell Server Edition,0.0,0.0,6137.0,97887.0,87.86,32.0
2026-07-31T07:29:59.823285+00:00,12.5,384,87.37158203125,42.919921875,29.27783203125,306184.8515625,1241452.0234375,1547636.875,19.8,NVIDIA RTX PRO 6000 Blackwell Server Edition,0.0,0.0,6137.0,97887.0,87.05,32.0
2026-07-31T07:30:00.823418+00:00,13.9,384,87.37158203125,42.919921875,29.27783203125,307454.2109375,1240182.6640625,1547636.875,19.9,NVIDIA RTX PRO 6000 Blackwell Server Edition,1.0,0.0,6137.0,97887.0,87.65,32.0
2026-07-31T07:30:01.823559+00:00,16.0,384,87.37158203125,42.919921875,29.27783203125,308177.75,1239459.125,1547636.875,19.9,NVIDIA RTX PRO 6000 Blackwell Server Edition,1.0,0.0,6137.0,97887.0,89.25,32.0
2026-07-31T07:30:02.823680+00:00,14.5,384,87.37158203125,42.919921875,29.27783203125,308380.56640625,1239256.30859375,1547636.875,19.9,NVIDIA RTX PRO 6000 Blackwell Server Edition,3.0,1.0,6137.0,97887.0,90.56,32.0
2026-07-31T07:30:03.823865+00:00,15.1,384,87.37158203125,42.919921875,29.27783203125,308756.86328125,1238880.01171875,1547636.875,20.0,NVIDIA RTX PRO 6000 Blackwell Server Edition,33.0,22.0,6155.0,97887.0,98.57,33.0
2026-07-31T07:30:04.823992+00:00,19.0,384,96.87158203125,45.62744140625,30.22705078125,309271.34765625,1238365.52734375,1547636.875,20.0,NVIDIA RTX PRO 6000 Blackwell Server Edition,0.0,0.0,6696.0,97887.0,99.49,32.0
2026-07-31T07:30:05.824148+00:00,8.0,384,96.87158203125,45.62744140625,30.22705078125,309629.5703125,1238007.3046875,1547636.875,20.0,NVIDIA RTX PRO 6000 Blackwell Server Edition,0.0,0.0,6696.0,97887.0,99.47,32.0
2026-07-31T07:30:06.824410+00:00,3.7,384,96.87158203125,45.62744140625,30.22705078125,309742.24609375,1237894.62890625,1547636.875,20.0,NVIDIA RTX PRO 6000 Blackwell Server Edition,37.0,24.0,6137.0,97887.0,116.69,33.0
2026-07-31T07:30:07.824477+00:00,7.5,384,96.87158203125,45.62744140625,30.22705078125,309470.125,1238166.75,1547636.875,20.0,NVIDIA RTX PRO 6000 Blackwell Server Edition,5.0,1.0,6137.0,97887.0,113.11,34.0
2026-07-31T07:30:08.824592+00:00,3.3,384,96.87158203125,45.62744140625,30.22705078125,309514.47265625,1238122.40234375,1547636.875,20.0,NVIDIA RTX PRO 6000 Blackwell Server Edition,5.0,1.0,6137.0,97887.0,101.42,32.0
2026-07-31T07:30:09.824786+00:00,3.3,384,89.9951171875,45.05224609375,30.12353515625,309358.640625,1238278.234375,1547636.875,20.0,NVIDIA RTX PRO 6000 Blackwell Server Edition,4.0,1.0,6137.0,97887.0,104.4,32.0
2026-07-31T07:30:10.824867+00:00,12.8,384,89.9951171875,45.05224609375,30.12353515625,309675.0234375,1237961.8515625,1547636.875,20.0,NVIDIA RTX PRO 6000 Blackwell Server Edition,2.0,1.0,6137.0,97887.0,94.5,32.0
2026-07-31T07:30:11.824928+00:00,13.3,384,89.9951171875,45.05224609375,30.12353515625,309480.71484375,1238156.16015625,1547636.875,20.0,NVIDIA RTX PRO 6000 Blackwell Server Edition,0.0,0.0,6137.0,97887.0,88.64,32.0
2026-07-31T07:30:12.825025+00:00,13.3,384,89.9951171875,45.05224609375,30.12353515625,309357.18359375,1238279.69140625,1547636.875,20.0,NVIDIA RTX PRO 6000 Blackwell Server Edition,16.0,10.0,6137.0,97887.0,90.77,32.0
2026-07-31T07:30:13.825107+00:00,13.6,384,89.9951171875,45.05224609375,30.12353515625,309239.765625,1238397.109375,1547636.875,20.0,NVIDIA RTX PRO 6000 Blackwell Server Edition,0.0,0.0,6137.0,97887.0,87.58,32.0
2026-07-31T07:30:14.825179+00:00,13.3,384,100.08544921875,47.890625,31.1220703125,309095.61328125,1238541.26171875,1547636.875,20.0,NVIDIA RTX PRO 6000 Blackwell Server Edition,3.0,1.0,6137.0,97887.0,87.76,32.0
2026-07-31T07:30:15.825262+00:00,13.2,384,100.08544921875,47.890625,31.1220703125,308945.10546875,1238691.76953125,1547636.875,20.0,NVIDIA RTX PRO 6000 Blackwell Server Edition,1.0,0.0,6137.0,97887.0,88.38,32.0
2026-07-31T07:30:16.825340+00:00,13.3,384,100.08544921875,47.890625,31.1220703125,308775.15625,1238861.71875,1547636.875,20.0,NVIDIA RTX PRO 6000 Blackwell Server Edition,1.0,0.0,6137.0,97887.0,88.51,32.0
2026-07-31T07:30:17.825507+00:00,13.7,384,100.08544921875,47.890625,31.1220703125,308634.015625,1239002.859375,1547636.875,19.9,NVIDIA RTX PRO 6000 Blackwell Server Edition,1.0,0.0,6137.0,97887.0,87.96,31.0
2026-07-31T07:30:18.825603+00:00,13.4,384,100.08544921875,47.890625,31.1220703125,308452.76953125,1239184.10546875,1547636.875,19.9,NVIDIA RTX PRO 6000 Blackwell Server Edition,1.0,0.0,6137.0,97887.0,88.18,31.0
2026-07-31T07:30:19.825696+00:00,13.5,384,108.72705078125,50.548828125,32.072265625,308446.33984375,1239190.53515625,1547636.875,19.9,NVIDIA RTX PRO 6000 Blackwell Server Edition,2.0,1.0,6137.0,97887.0,89.26,31.0
2026-07-31T07:30:20.825786+00:00,13.3,384,108.72705078125,50.548828125,32.072265625,308335.89453125,1239300.98046875,1547636.875,19.9,NVIDIA RTX PRO 6000 Blackwell Server Edition,0.0,0.0,6137.0,97887.0,88.12,31.0
2026-07-31T07:30:21.825885+00:00,14.0,384,108.72705078125,50.548828125,32.072265625,308183.953125,1239452.921875,1547636.875,19.9,NVIDIA RTX PRO 6000 Blackwell Server Edition,1.0,0.0,6137.0,97887.0,87.14,31.0
2026-07-31T07:30:22.825999+00:00,13.8,384,108.72705078125,50.548828125,32.072265625,308140.234375,1239496.640625,1547636.875,19.9,NVIDIA RTX PRO 6000 Blackwell Server Edition,0.0,0.0,6137.0,97887.0,87.32,31.0
2026-07-31T07:30:23.826109+00:00,13.3,384,108.72705078125,50.548828125,32.072265625,308225.15234375,1239411.72265625,1547636.875,19.9,NVIDIA RTX PRO 6000 Blackwell Server Edition,14.0,11.0,6137.0,97887.0,91.79,31.0
2026-07-31T07:30:24.826183+00:00,13.3,384,116.4365234375,53.11328125,33.00146484375,308111.4296875,1239525.4453125,1547636.875,19.9,NVIDIA RTX PRO 6000 Blackwell Server Edition,1.0,0.0,6137.0,97887.0,92.68,31.0
2026-07-31T07:30:25.826253+00:00,13.2,384,116.4365234375,53.11328125,33.00146484375,308154.03515625,1239482.83984375,1547636.875,19.9,NVIDIA RTX PRO 6000 Blackwell Server Edition,1.0,0.0,6137.0,97887.0,87.7,31.0
2026-07-31T07:30:26.826398+00:00,13.7,384,116.4365234375,53.11328125,33.00146484375,308227.0546875,1239409.8203125,1547636.875,19.9,NVIDIA RTX PRO 6000 Blackwell Server Edition,0.0,0.0,6137.0,97887.0,87.17,31.0
2026-07-31T07:30:27.826476+00:00,13.4,384,116.4365234375,53.11328125,33.00146484375,307991.7578125,1239645.1171875,1547636.875,19.9,NVIDIA RTX PRO 6000 Blackwell Server Edition,4.0,1.0,6137.0,97887.0,89.28,31.0
2026-07-31T07:30:28.826551+00:00,12.4,384,116.4365234375,53.11328125,33.00146484375,308071.98046875,1239564.89453125,1547636.875,19.9,NVIDIA RTX PRO 6000 Blackwell Server Edition,0.0,0.0,6137.0,97887.0,96.72,31.0
2026-07-31T07:30:29.826638+00:00,14.3,384,123.44873046875,55.61865234375,33.919921875,307999.50390625,1239637.37109375,1547636.875,19.9,NVIDIA RTX PRO 6000 Blackwell Server Edition,0.0,0.0,6137.0,97887.0,87.39,31.0
2026-07-31T07:30:30.826751+00:00,12.7,384,123.44873046875,55.61865234375,33.919921875,307856.22265625,1239780.65234375,1547636.875,19.9,NVIDIA RTX PRO 6000 Blackwell Server Edition,3.0,1.0,6137.0,97887.0,88.32,31.0
2026-07-31T07:30:31.826847+00:00,13.9,384,123.44873046875,55.61865234375,33.919921875,307728.32421875,1239908.55078125,1547636.875,19.9,NVIDIA RTX PRO 6000 Blackwell Server Edition,2.0,0.0,6137.0,97887.0,87.41,31.0
2026-07-31T07:30:32.826940+00:00,13.4,384,123.44873046875,55.61865234375,33.919921875,307913.49609375,1239723.37890625,1547636.875,19.9,NVIDIA RTX PRO 6000 Blackwell Server Edition,0.0,0.0,6137.0,97887.0,88.17,31.0
2026-07-31T07:30:33.827008+00:00,13.3,384,123.44873046875,55.61865234375,33.919921875,308222.07421875,1239414.80078125,1547636.875,19.9,NVIDIA RTX PRO 6000 Blackwell Server Edition,2.0,0.0,6847.0,97887.0,113.67,31.0
2026-07-31T07:30:34.827139+00:00,13.9,384,129.8994140625,58.08203125,34.83349609375,308306.984375,1239329.890625,1547636.875,19.9,NVIDIA RTX PRO 6000 Blackwell Server Edition,0.0,0.0,6847.0,97887.0,87.18,31.0
2026-07-31T07:30:35.827245+00:00,13.4,384,129.8994140625,58.08203125,34.83349609375,308287.2265625,1239349.6484375,1547636.875,19.9,NVIDIA RTX PRO 6000 Blackwell Server Edition,0.0,0.0,6847.0,97887.0,86.44,31.0
2026-07-31T07:30:36.827521+00:00,13.3,384,129.8994140625,58.08203125,34.83349609375,307863.734375,1239773.140625,1547636.875,19.9,NVIDIA RTX PRO 6000 Blackwell Server Edition,0.0,0.0,6847.0,97887.0,85.55,31.0
2026-07-31T07:30:37.827624+00:00,13.4,384,129.8994140625,58.08203125,34.83349609375,308005.09375,1239631.78125,1547636.875,19.9,NVIDIA RTX PRO 6000 Blackwell Server Edition,0.0,0.0,6847.0,97887.0,86.27,31.0
2026-07-31T07:30:38.827701+00:00,11.0,384,129.8994140625,58.08203125,34.83349609375,308012.01171875,1239624.86328125,1547636.875,19.9,NVIDIA RTX PRO 6000 Blackwell Server Edition,1.0,0.0,6847.0,97887.0,87.08,31.0
2026-07-31T07:30:39.827780+00:00,15.5,384,120.6181640625,57.35009765625,34.72119140625,307684.15625,1239952.71875,1547636.875,19.9,NVIDIA RTX PRO 6000 Blackwell Server Edition,2.0,1.0,6847.0,97887.0,89.27,31.0
2026-07-31T07:30:40.827884+00:00,13.9,384,120.6181640625,57.35009765625,34.72119140625,307737.32421875,1239899.55078125,1547636.875,19.9,NVIDIA RTX PRO 6000 Blackwell Server Edition,1.0,0.0,6847.0,97887.0,88.12,31.0
2026-07-31T07:30:41.828050+00:00,12.1,384,120.6181640625,57.35009765625,34.72119140625,307993.70703125,1239643.16796875,1547636.875,19.9,NVIDIA RTX PRO 6000 Blackwell Server Edition,3.0,2.0,6847.0,97887.0,96.99,31.0
2026-07-31T07:30:42.828133+00:00,15.3,384,120.6181640625,57.35009765625,34.72119140625,308018.8203125,1239618.0546875,1547636.875,19.9,NVIDIA RTX PRO 6000 Blackwell Server Edition,1.0,0.0,6847.0,97887.0,93.55,31.0
2026-07-31T07:30:43.828281+00:00,13.9,384,120.6181640625,57.35009765625,34.72119140625,307984.33984375,1239652.53515625,1547636.875,19.9,NVIDIA RTX PRO 6000 Blackwell Server Edition,1.0,0.0,6847.0,97887.0,87.39,31.0
2026-07-31T07:30:44.828390+00:00,14.1,384,127.29541015625,59.78515625,35.630859375,307949.45703125,1239687.41796875,1547636.875,19.9,NVIDIA RTX PRO 6000 Blackwell Server Edition,1.0,0.0,6847.0,97887.0,87.65,31.0
2026-07-31T07:30:45.828521+00:00,12.1,384,127.29541015625,59.78515625,35.630859375,307627.3203125,1240009.5546875,1547636.875,19.9,NVIDIA RTX PRO 6000 Blackwell Server Edition,1.0,0.0,6847.0,97887.0,90.59,31.0
2026-07-31T07:30:46.828632+00:00,14.7,384,127.29541015625,59.78515625,35.630859375,307609.765625,1240027.109375,1547636.875,19.9,NVIDIA RTX PRO 6000 Blackwell Server Edition,0.0,0.0,6847.0,97887.0,88.28,31.0
2026-07-31T07:30:47.828730+00:00,13.3,384,127.29541015625,59.78515625,35.630859375,307565.1328125,1240071.7421875,1547636.875,19.9,NVIDIA RTX PRO 6000 Blackwell Server Edition,0.0,0.0,6847.0,97887.0,86.2,31.0
2026-07-31T07:30:48.828876+00:00,14.1,384,127.29541015625,59.78515625,35.630859375,307550.828125,1240086.046875,1547636.875,19.9,NVIDIA RTX PRO 6000 Blackwell Server Edition,0.0,0.0,6847.0,97887.0,87.62,31.0
2026-07-31T07:30:49.829130+00:00,14.1,384,133.43798828125,62.1796875,36.53564453125,307594.78125,1240042.09375,1547636.875,19.9,NVIDIA RTX PRO 6000 Blackwell Server Edition,1.0,0.0,6847.0,97887.0,89.42,31.0
2026-07-31T07:30:50.829296+00:00,13.5,384,133.43798828125,62.1796875,36.53564453125,307606.1328125,1240030.7421875,1547636.875,19.9,NVIDIA RTX PRO 6000 Blackwell Server Edition,0.0,0.0,6847.0,97887.0,86.91,31.0
2026-07-31T07:30:51.829437+00:00,14.3,384,133.43798828125,62.1796875,36.53564453125,307605.33984375,1240031.53515625,1547636.875,19.9,NVIDIA RTX PRO 6000 Blackwell Server Edition,4.0,1.0,6847.0,97887.0,89.31,31.0
2026-07-31T07:30:52.829525+00:00,15.7,384,133.43798828125,62.1796875,36.53564453125,307587.4765625,1240049.3984375,1547636.875,19.9,NVIDIA RTX PRO 6000 Blackwell Server Edition,0.0,0.0,6847.0,97887.0,86.11,31.0
2026-07-31T07:30:53.829617+00:00,14.0,384,133.43798828125,62.1796875,36.53564453125,307573.75,1240063.125,1547636.875,19.9,NVIDIA RTX PRO 6000 Blackwell Server Edition,0.0,0.0,6847.0,97887.0,86.06,31.0
2026-07-31T07:30:54.829701+00:00,12.8,384,138.2880859375,64.3681640625,37.3818359375,307658.82421875,1239978.05078125,1547636.875,19.9,NVIDIA RTX PRO 6000 Blackwell Server Edition,1.0,0.0,6847.0,97887.0,86.34,31.0
2026-07-31T07:30:55.829815+00:00,13.4,384,138.2880859375,64.3681640625,37.3818359375,307711.65234375,1239925.22265625,1547636.875,19.9,NVIDIA RTX PRO 6000 Blackwell Server Edition,6.0,2.0,6847.0,97887.0,93.41,31.0
2026-07-31T07:30:56.829948+00:00,15.3,384,138.2880859375,64.3681640625,37.3818359375,307814.703125,1239822.171875,1547636.875,19.9,NVIDIA RTX PRO 6000 Blackwell Server Edition,1.0,0.0,6847.0,97887.0,89.13,31.0
2026-07-31T07:30:57.830100+00:00,17.9,384,138.2880859375,64.3681640625,37.3818359375,308158.32421875,1239478.55078125,1547636.875,19.9,NVIDIA RTX PRO 6000 Blackwell Server Edition,1.0,0.0,6847.0,97887.0,88.54,31.0
2026-07-31T07:30:58.830191+00:00,13.4,384,138.2880859375,64.3681640625,37.3818359375,308208.62890625,1239428.24609375,1547636.875,19.9,NVIDIA RTX PRO 6000 Blackwell Server Edition,0.0,0.0,6847.0,97887.0,86.54,31.0
2026-07-31T07:30:59.830450+00:00,13.8,384,136.5029296875,65.2255859375,37.80419921875,306724.08203125,1240912.79296875,1547636.875,19.8,NVIDIA RTX PRO 6000 Blackwell Server Edition,0.0,0.0,6847.0,97887.0,86.23,31.0
2026-07-31T07:31:00.830457+00:00,14.1,384,136.5029296875,65.2255859375,37.80419921875,306111.796875,1241525.078125,1547636.875,19.8,NVIDIA RTX PRO 6000 Blackwell Server Edition,1.0,0.0,6847.0,97887.0,97.88,31.0
2026-07-31T07:31:01.830573+00:00,12.2,384,136.5029296875,65.2255859375,37.80419921875,306262.171875,1241374.703125,1547636.875,19.8,NVIDIA RTX PRO 6000 Blackwell Server Edition,1.0,0.0,6847.0,97887.0,87.57,31.0
2026-07-31T07:31:02.830710+00:00,4.0,384,136.5029296875,65.2255859375,37.80419921875,309734.9765625,1237901.8984375,1547636.875,20.0,NVIDIA RTX PRO 6000 Blackwell Server Edition,47.0,28.0,6847.0,97887.0,124.22,31.0
2026-07-31T07:31:03.830857+00:00,3.4,384,136.5029296875,65.2255859375,37.80419921875,311546.59765625,1236090.27734375,1547636.875,20.1,NVIDIA RTX PRO 6000 Blackwell Server Edition,4.0,1.0,6847.0,97887.0,101.51,31.0
2026-07-31T07:31:04.830999+00:00,3.6,384,126.53271484375,64.341796875,37.66552734375,312057.53515625,1235579.33984375,1547636.875,20.2,NVIDIA RTX PRO 6000 Blackwell Server Edition,5.0,1.0,6847.0,97887.0,95.66,31.0
2026-07-31T07:31:05.831157+00:00,3.1,384,126.53271484375,64.341796875,37.66552734375,311683.38671875,1235953.48828125,1547636.875,20.1,NVIDIA RTX PRO 6000 Blackwell Server Edition,1.0,0.0,1807.0,97887.0,90.83,31.0
2026-07-31T07:31:06.831298+00:00,3.0,384,126.53271484375,64.341796875,37.66552734375,311719.84375,1235917.03125,1547636.875,20.1,NVIDIA RTX PRO 6000 Blackwell Server Edition,1.0,0.0,1811.0,97887.0,89.61,31.0
2026-07-31T07:31:07.831460+00:00,2.9,384,126.53271484375,64.341796875,37.66552734375,311826.8046875,1235810.0703125,1547636.875,20.1,NVIDIA RTX PRO 6000 Blackwell Server Edition,1.0,0.0,1811.0,97887.0,89.32,31.0
2026-07-31T07:31:08.831618+00:00,3.2,384,126.53271484375,64.341796875,37.66552734375,312273.48828125,1235363.38671875,1547636.875,20.2,NVIDIA RTX PRO 6000 Blackwell Server Edition,1.0,0.0,2253.0,97887.0,91.96,31.0
2026-07-31T07:31:09.831765+00:00,3.5,384,117.44091796875,63.4892578125,37.53271484375,311680.66015625,1235956.21484375,1547636.875,20.1,NVIDIA RTX PRO 6000 Blackwell Server Edition,1.0,0.0,2253.0,97887.0,87.9,31.0
2026-07-31T07:31:10.831974+00:00,6.7,384,117.44091796875,63.4892578125,37.53271484375,311848.19140625,1235788.68359375,1547636.875,20.1,NVIDIA RTX PRO 6000 Blackwell Server Edition,1.0,0.0,2253.0,97887.0,89.81,31.0
2026-07-31T07:31:11.832049+00:00,13.4,384,117.44091796875,63.4892578125,37.53271484375,311850.30859375,1235786.56640625,1547636.875,20.2,NVIDIA RTX PRO 6000 Blackwell Server Edition,0.0,0.0,2253.0,97887.0,86.83,31.0
2026-07-31T07:31:12.832199+00:00,13.4,384,117.44091796875,63.4892578125,37.53271484375,311844.5625,1235792.3125,1547636.875,20.1,NVIDIA RTX PRO 6000 Blackwell Server Edition,1.0,0.0,2253.0,97887.0,87.37,31.0
2026-07-31T07:31:13.832449+00:00,6.2,384,117.44091796875,63.4892578125,37.53271484375,312052.44140625,1235584.43359375,1547636.875,20.2,NVIDIA RTX PRO 6000 Blackwell Server Edition,0.0,0.0,2253.0,97887.0,88.42,31.0
2026-07-31T07:31:14.832578+00:00,3.4,384,109.3173828125,62.70068359375,37.4169921875,310967.59375,1236669.28125,1547636.875,20.1,NVIDIA RTX PRO 6000 Blackwell Server Edition,2.0,0.0,2253.0,97887.0,88.53,31.0
2026-07-31T07:31:15.832857+00:00,3.2,384,109.3173828125,62.70068359375,37.4169921875,310899.6875,1236737.1875,1547636.875,20.1,NVIDIA RTX PRO 6000 Blackwell Server Edition,1.0,0.0,2253.0,97887.0,89.86,31.0
2026-07-31T07:31:16.832998+00:00,3.3,384,109.3173828125,62.70068359375,37.4169921875,310954.46484375,1236682.41015625,1547636.875,20.1,NVIDIA RTX PRO 6000 Blackwell Server Edition,22.0,11.0,3455.0,97887.0,143.55,31.0
2026-07-31T07:31:17.833252+00:00,3.3,384,109.3173828125,62.70068359375,37.4169921875,310903.9453125,1236732.9296875,1547636.875,20.1,NVIDIA RTX PRO 6000 Blackwell Server Edition,1.0,0.0,3455.0,97887.0,137.3,32.0
2026-07-31T07:31:18.833397+00:00,3.9,384,109.3173828125,62.70068359375,37.4169921875,310911.171875,1236725.703125,1547636.875,20.1,NVIDIA RTX PRO 6000 Blackwell Server Edition,2.0,0.0,3613.0,97887.0,146.82,33.0
2026-07-31T07:31:19.833553+00:00,3.3,384,101.76416015625,61.90869140625,37.29638671875,310857.12109375,1236779.75390625,1547636.875,20.1,NVIDIA RTX PRO 6000 Blackwell Server Edition,6.0,1.0,3613.0,97887.0,131.98,31.0
2026-07-31T07:31:20.833712+00:00,3.4,384,101.76416015625,61.90869140625,37.29638671875,310838.00390625,1236798.87109375,1547636.875,20.1,NVIDIA RTX PRO 6000 Blackwell Server Edition,34.0,18.0,3613.0,97887.0,142.19,32.0
2026-07-31T07:31:21.833859+00:00,5.5,384,101.76416015625,61.90869140625,37.29638671875,310957.03515625,1236679.83984375,1547636.875,20.1,NVIDIA RTX PRO 6000 Blackwell Server Edition,22.0,11.0,3613.0,97887.0,137.96,32.0
2026-07-31T07:31:22.834015+00:00,4.1,384,101.76416015625,61.90869140625,37.29638671875,310923.6015625,1236713.2734375,1547636.875,20.1,NVIDIA RTX PRO 6000 Blackwell Server Edition,17.0,9.0,3613.0,97887.0,124.27,32.0
2026-07-31T07:31:23.834157+00:00,4.0,384,101.76416015625,61.90869140625,37.29638671875,310875.671875,1236761.203125,1547636.875,20.1,NVIDIA RTX PRO 6000 Blackwell Server Edition,2.0,0.0,3613.0,97887.0,132.74,33.0
2026-07-31T07:31:24.834310+00:00,3.9,384,95.05615234375,61.1796875,37.1923828125,310784.70703125,1236852.16796875,1547636.875,20.1,NVIDIA RTX PRO 6000 Blackwell Server Edition,22.0,11.0,3613.0,97887.0,134.19,32.0
2026-07-31T07:31:25.834472+00:00,3.7,384,95.05615234375,61.1796875,37.1923828125,310632.1640625,1237004.7109375,1547636.875,20.1,NVIDIA RTX PRO 6000 Blackwell Server Edition,23.0,11.0,3613.0,97887.0,122.4,32.0
2026-07-31T07:31:26.834655+00:00,3.9,384,95.05615234375,61.1796875,37.1923828125,310518.29296875,1237118.58203125,1547636.875,20.1,NVIDIA RTX PRO 6000 Blackwell Server Edition,10.0,5.0,3613.0,97887.0,137.05,33.0
2026-07-31T07:31:27.834805+00:00,4.0,384,95.05615234375,61.1796875,37.1923828125,312476.75,1235160.125,1547636.875,20.2,NVIDIA RTX PRO 6000 Blackwell Server Edition,3.0,0.0,11997.0,97887.0,196.24,37.0
2026-07-31T07:31:28.834943+00:00,3.7,384,95.05615234375,61.1796875,37.1923828125,316616.29296875,1231020.58203125,1547636.875,20.5,NVIDIA RTX PRO 6000 Blackwell Server Edition,9.0,3.0,2621.0,97887.0,235.56,33.0
2026-07-31T07:31:29.835127+00:00,3.2,384,88.80517578125,60.44580078125,37.08349609375,316624.08203125,1231012.79296875,1547636.875,20.5,NVIDIA RTX PRO 6000 Blackwell Server Edition,0.0,0.0,11455.0,97887.0,138.91,38.0
2026-07-31T07:31:30.835241+00:00,3.5,384,88.80517578125,60.44580078125,37.08349609375,316688.8125,1230948.0625,1547636.875,20.5,NVIDIA RTX PRO 6000 Blackwell Server Edition,6.0,2.0,11461.0,97887.0,238.62,33.0
2026-07-31T07:31:31.835368+00:00,2.9,384,88.80517578125,60.44580078125,37.08349609375,316390.9921875,1231245.8828125,1547636.875,20.4,NVIDIA RTX PRO 6000 Blackwell Server Edition,0.0,0.0,11461.0,97887.0,103.28,32.0
2026-07-31T07:31:32.835465+00:00,10.2,384,88.80517578125,60.44580078125,37.08349609375,314967.18359375,1232669.69140625,1547636.875,20.4,NVIDIA RTX PRO 6000 Blackwell Server Edition,0.0,0.0,11461.0,97887.0,87.86,32.0
2026-07-31T07:31:33.835537+00:00,13.3,384,88.80517578125,60.44580078125,37.08349609375,314811.09375,1232825.78125,1547636.875,20.3,NVIDIA RTX PRO 6000 Blackwell Server Edition,0.0,0.0,11461.0,97887.0,86.2,32.0
2026-07-31T07:31:34.835629+00:00,13.8,384,82.4140625,59.59130859375,36.9326171875,314785.55078125,1232851.32421875,1547636.875,20.3,NVIDIA RTX PRO 6000 Blackwell Server Edition,0.0,0.0,11461.0,97887.0,86.17,32.0
2026-07-31T07:31:35.835734+00:00,13.3,384,82.4140625,59.59130859375,36.9326171875,314528.39453125,1233108.48046875,1547636.875,20.3,NVIDIA RTX PRO 6000 Blackwell Server Edition,3.0,3.0,11461.0,97887.0,220.08,34.0
2026-07-31T07:31:36.835819+00:00,13.7,384,82.4140625,59.59130859375,36.9326171875,314416.04296875,1233220.83203125,1547636.875,20.3,NVIDIA RTX PRO 6000 Blackwell Server Edition,9.0,5.0,11461.0,97887.0,121.14,33.0
2026-07-31T07:31:37.835903+00:00,13.3,384,82.4140625,59.59130859375,36.9326171875,314289.1015625,1233347.7734375,1547636.875,20.3,NVIDIA RTX PRO 6000 Blackwell Server Edition,1.0,0.0,11461.0,97887.0,89.92,32.0
2026-07-31T07:31:38.835988+00:00,13.3,384,82.4140625,59.59130859375,36.9326171875,314182.24609375,1233454.62890625,1547636.875,20.3,NVIDIA RTX PRO 6000 Blackwell Server Edition,2.0,1.0,11463.0,97887.0,89.04,32.0
2026-07-31T07:31:39.836148+00:00,14.1,384,76.775390625,58.80078125,36.79833984375,314101.92578125,1233534.94921875,1547636.875,20.3,NVIDIA RTX PRO 6000 Blackwell Server Edition,2.0,0.0,11463.0,97887.0,88.5,32.0
2026-07-31T07:31:40.836292+00:00,13.2,384,76.775390625,58.80078125,36.79833984375,314018.08203125,1233618.79296875,1547636.875,20.3,NVIDIA RTX PRO 6000 Blackwell Server Edition,2.0,1.0,11463.0,97887.0,88.74,32.0
2026-07-31T07:31:41.836375+00:00,13.0,384,76.775390625,58.80078125,36.79833984375,313930.625,1233706.25,1547636.875,20.3,NVIDIA RTX PRO 6000 Blackwell Server Edition,0.0,0.0,11463.0,97887.0,88.88,32.0
2026-07-31T07:31:42.836473+00:00,14.6,384,76.775390625,58.80078125,36.79833984375,313879.0,1233757.875,1547636.875,20.3,NVIDIA RTX PRO 6000 Blackwell Server Edition,1.0,0.0,11463.0,97887.0,89.75,32.0
2026-07-31T07:31:43.836568+00:00,14.0,384,76.775390625,58.80078125,36.79833984375,313784.12109375,1233852.75390625,1547636.875,20.3,NVIDIA RTX PRO 6000 Blackwell Server Edition,1.0,0.0,11463.0,97887.0,89.28,32.0
2026-07-31T07:31:44.836642+00:00,13.5,384,71.427734375,57.990234375,36.654296875,313660.24609375,1233976.62890625,1547636.875,20.3,NVIDIA RTX PRO 6000 Blackwell Server Edition,2.0,1.0,11463.0,97887.0,89.16,32.0
2026-07-31T07:31:45.836725+00:00,13.4,384,71.427734375,57.990234375,36.654296875,313591.109375,1234045.765625,1547636.875,20.3,NVIDIA RTX PRO 6000 Blackwell Server Edition,2.0,1.0,11463.0,97887.0,88.41,32.0
2026-07-31T07:31:46.836854+00:00,13.8,384,71.427734375,57.990234375,36.654296875,313500.66015625,1234136.21484375,1547636.875,20.3,NVIDIA RTX PRO 6000 Blackwell Server Edition,1.0,0.0,11463.0,97887.0,93.2,31.0
2026-07-31T07:31:47.836922+00:00,13.4,384,71.427734375,57.990234375,36.654296875,313443.95703125,1234192.91796875,1547636.875,20.3,NVIDIA RTX PRO 6000 Blackwell Server Edition,0.0,0.0,11463.0,97887.0,87.91,31.0
2026-07-31T07:31:48.837031+00:00,12.0,384,71.427734375,57.990234375,36.654296875,313364.83203125,1234272.04296875,1547636.875,20.2,NVIDIA RTX PRO 6000 Blackwell Server Edition,1.0,0.0,11463.0,97887.0,88.64,31.0
2026-07-31T07:31:49.837105+00:00,15.4,384,66.74853515625,57.2431640625,36.52685546875,313298.3828125,1234338.4921875,1547636.875,20.2,NVIDIA RTX PRO 6000 Blackwell Server Edition,2.0,1.0,11463.0,97887.0,88.86,31.0
2026-07-31T07:31:50.837173+00:00,20.5,384,66.74853515625,57.2431640625,36.52685546875,313578.5546875,1234058.3203125,1547636.875,20.3,NVIDIA RTX PRO 6000 Blackwell Server Edition,3.0,1.0,11463.0,97887.0,88.93,31.0
2026-07-31T07:31:51.837295+00:00,13.0,384,66.74853515625,57.2431640625,36.52685546875,313698.3359375,1233938.5390625,1547636.875,20.3,NVIDIA RTX PRO 6000 Blackwell Server Edition,0.0,0.0,11463.0,97887.0,88.31,31.0
2026-07-31T07:31:52.837388+00:00,14.3,384,66.74853515625,57.2431640625,36.52685546875,313701.8984375,1233934.9765625,1547636.875,20.3,NVIDIA RTX PRO 6000 Blackwell Server Edition,0.0,0.0,11463.0,97887.0,86.25,31.0
2026-07-31T07:31:53.837469+00:00,25.2,384,66.74853515625,57.2431640625,36.52685546875,312052.68359375,1235584.19140625,1547636.875,20.2,NVIDIA RTX PRO 6000 Blackwell Server Edition,61.0,31.0,11463.0,97887.0,146.29,37.0
2026-07-31T07:31:54.837550+00:00,27.5,384,62.1240234375,56.44189453125,36.37890625,311964.02734375,1235672.84765625,1547636.875,20.2,NVIDIA RTX PRO 6000 Blackwell Server Edition,3.0,1.0,11463.0,97887.0,102.06,32.0
2026-07-31T07:31:55.837632+00:00,27.5,384,62.1240234375,56.44189453125,36.37890625,311875.85546875,1235761.01953125,1547636.875,20.2,NVIDIA RTX PRO 6000 Blackwell Server Edition,2.0,0.0,11469.0,97887.0,88.79,31.0
2026-07-31T07:31:56.837750+00:00,19.6,384,62.1240234375,56.44189453125,36.37890625,311806.66796875,1235830.20703125,1547636.875,20.1,NVIDIA RTX PRO 6000 Blackwell Server Edition,0.0,0.0,11469.0,97887.0,87.9,31.0
2026-07-31T07:31:57.837909+00:00,14.7,384,62.1240234375,56.44189453125,36.37890625,311735.9453125,1235900.9296875,1547636.875,20.1,NVIDIA RTX PRO 6000 Blackwell Server Edition,1.0,0.0,11469.0,97887.0,88.95,31.0
2026-07-31T07:31:58.838066+00:00,13.2,384,62.1240234375,56.44189453125,36.37890625,311627.3203125,1236009.5546875,1547636.875,20.1,NVIDIA RTX PRO 6000 Blackwell Server Edition,0.0,0.0,11469.0,97887.0,87.42,31.0
2026-07-31T07:31:59.838180+00:00,13.0,384,57.86962890625,55.65380859375,36.2314453125,311558.05078125,1236078.82421875,1547636.875,20.1,NVIDIA RTX PRO 6000 Blackwell Server Edition,0.0,0.0,11469.0,97887.0,86.2,31.0
2026-07-31T07:32:00.838489+00:00,12.6,384,57.86962890625,55.65380859375,36.2314453125,309046.48046875,1238590.39453125,1547636.875,20.0,NVIDIA RTX PRO 6000 Blackwell Server Edition,2.0,0.0,11469.0,97887.0,88.02,31.0
2026-07-31T07:32:01.838423+00:00,15.0,384,57.86962890625,55.65380859375,36.2314453125,309269.32421875,1238367.55078125,1547636.875,20.0,NVIDIA RTX PRO 6000 Blackwell Server Edition,2.0,0.0,11469.0,97887.0,87.98,31.0
2026-07-31T07:32:02.838553+00:00,12.5,384,57.86962890625,55.65380859375,36.2314453125,309954.2578125,1237682.6171875,1547636.875,20.0,NVIDIA RTX PRO 6000 Blackwell Server Edition,2.0,1.0,11469.0,97887.0,88.24,31.0
2026-07-31T07:32:03.838612+00:00,12.5,384,57.86962890625,55.65380859375,36.2314453125,311461.55078125,1236175.32421875,1547636.875,20.1,NVIDIA RTX PRO 6000 Blackwell Server Edition,2.0,1.0,11469.0,97887.0,88.76,31.0
2026-07-31T07:32:04.838751+00:00,12.7,384,53.7958984375,54.845703125,36.07421875,308971.7734375,1238665.1015625,1547636.875,20.0,NVIDIA RTX PRO 6000 Blackwell Server Edition,2.0,1.0,11469.0,97887.0,88.36,31.0
2026-07-31T07:32:05.838870+00:00,14.3,384,53.7958984375,54.845703125,36.07421875,308934.71875,1238702.15625,1547636.875,20.0,NVIDIA RTX PRO 6000 Blackwell Server Edition,2.0,1.0,11469.0,97887.0,88.58,31.0
2026-07-31T07:32:06.839016+00:00,13.3,384,53.7958984375,54.845703125,36.07421875,308968.53125,1238668.34375,1547636.875,20.0,NVIDIA RTX PRO 6000 Blackwell Server Edition,1.0,0.0,11469.0,97887.0,88.95,31.0
2026-07-31T07:32:07.839092+00:00,13.2,384,53.7958984375,54.845703125,36.07421875,308905.33984375,1238731.53515625,1547636.875,20.0,NVIDIA RTX PRO 6000 Blackwell Server Edition,1.0,0.0,11469.0,97887.0,88.5,31.0
2026-07-31T07:32:08.839172+00:00,13.2,384,53.7958984375,54.845703125,36.07421875,308831.1171875,1238805.7578125,1547636.875,20.0,NVIDIA RTX PRO 6000 Blackwell Server Edition,1.0,0.0,11469.0,97887.0,89.3,31.0
2026-07-31T07:32:09.839271+00:00,13.4,384,50.28857421875,54.10107421875,35.93408203125,308747.78515625,1238889.08984375,1547636.875,19.9,NVIDIA RTX PRO 6000 Blackwell Server Edition,1.0,0.0,11469.0,97887.0,87.68,31.0
2026-07-31T07:32:10.839365+00:00,13.2,384,50.28857421875,54.10107421875,35.93408203125,308704.65234375,1238932.22265625,1547636.875,19.9,NVIDIA RTX PRO 6000 Blackwell Server Edition,1.0,0.0,11469.0,97887.0,88.12,31.0
2026-07-31T07:32:11.839465+00:00,14.8,384,50.28857421875,54.10107421875,35.93408203125,308732.2890625,1238904.5859375,1547636.875,19.9,NVIDIA RTX PRO 6000 Blackwell Server Edition,2.0,0.0,11469.0,97887.0,90.58,31.0
2026-07-31T07:32:12.839545+00:00,13.3,384,50.28857421875,54.10107421875,35.93408203125,308811.0,1238825.875,1547636.875,20.0,NVIDIA RTX PRO 6000 Blackwell Server Edition,0.0,0.0,11469.0,97887.0,87.86,31.0
2026-07-31T07:32:13.839629+00:00,13.0,384,50.28857421875,54.10107421875,35.93408203125,308951.17578125,1238685.69921875,1547636.875,20.0,NVIDIA RTX PRO 6000 Blackwell Server Edition,0.0,0.0,11469.0,97887.0,86.95,31.0
2026-07-31T07:32:14.839705+00:00,13.2,384,47.22216796875,53.40185546875,35.80517578125,307738.07421875,1239898.80078125,1547636.875,19.9,NVIDIA RTX PRO 6000 Blackwell Server Edition,1.0,0.0,11469.0,97887.0,89.47,31.0
2026-07-31T07:32:15.839834+00:00,14.0,384,47.22216796875,53.40185546875,35.80517578125,307671.60546875,1239965.26953125,1547636.875,19.9,NVIDIA RTX PRO 6000 Blackwell Server Edition,0.0,0.0,11469.0,97887.0,89.09,31.0
2026-07-31T07:32:16.839909+00:00,13.8,384,47.22216796875,53.40185546875,35.80517578125,307595.71875,1240041.15625,1547636.875,19.9,NVIDIA RTX PRO 6000 Blackwell Server Edition,0.0,0.0,11469.0,97887.0,89.66,31.0
2026-07-31T07:32:17.839985+00:00,13.3,384,47.22216796875,53.40185546875,35.80517578125,307075.13671875,1240561.73828125,1547636.875,19.8,NVIDIA RTX PRO 6000 Blackwell Server Edition,0.0,0.0,11469.0,97887.0,87.07,31.0
2026-07-31T07:32:18.840063+00:00,13.2,384,47.22216796875,53.40185546875,35.80517578125,307020.2109375,1240616.6640625,1547636.875,19.8,NVIDIA RTX PRO 6000 Blackwell Server Edition,94.0,49.0,11469.0,97887.0,124.54,35.0
2026-07-31T07:32:19.840237+00:00,13.7,384,44.1611328125,52.66455078125,35.6611328125,306961.79296875,1240675.08203125,1547636.875,19.8,NVIDIA RTX PRO 6000 Blackwell Server Edition,3.0,0.0,11469.0,97887.0,109.42,31.0
2026-07-31T07:32:20.840505+00:00,13.3,384,44.1611328125,52.66455078125,35.6611328125,306921.6328125,1240715.2421875,1547636.875,19.8,NVIDIA RTX PRO 6000 Blackwell Server Edition,4.0,1.0,11469.0,97887.0,87.94,31.0
2026-07-31T07:32:21.840604+00:00,13.2,384,44.1611328125,52.66455078125,35.6611328125,306835.3203125,1240801.5546875,1547636.875,19.8,NVIDIA RTX PRO 6000 Blackwell Server Edition,2.0,0.0,11469.0,97887.0,88.65,31.0
2026-07-31T07:32:22.840721+00:00,13.6,384,44.1611328125,52.66455078125,35.6611328125,306746.6953125,1240890.1796875,1547636.875,19.8,NVIDIA RTX PRO 6000 Blackwell Server Edition,2.0,0.0,11469.0,97887.0,88.34,31.0
2026-07-31T07:32:23.840871+00:00,13.3,384,44.1611328125,52.66455078125,35.6611328125,306717.5390625,1240919.3359375,1547636.875,19.8,NVIDIA RTX PRO 6000 Blackwell Server Edition,4.0,1.0,11469.0,97887.0,89.23,31.0
2026-07-31T07:32:24.840956+00:00,13.2,384,41.42529296875,51.9560546875,35.52294921875,306649.02734375,1240987.84765625,1547636.875,19.8,NVIDIA RTX PRO 6000 Blackwell Server Edition,7.0,1.0,11469.0,97887.0,89.59,31.0
2026-07-31T07:32:25.841087+00:00,11.8,384,41.42529296875,51.9560546875,35.52294921875,306578.82421875,1241058.05078125,1547636.875,19.8,NVIDIA RTX PRO 6000 Blackwell Server Edition,3.0,1.0,11469.0,97887.0,89.04,31.0
2026-07-31T07:32:26.999905+00:00,14.1,384,41.42529296875,51.9560546875,35.52294921875,306541.62890625,1241095.24609375,1547636.875,19.8,NVIDIA RTX PRO 6000 Blackwell Server Edition,0.0,0.0,11469.0,97887.0,89.21,31.0
2026-07-31T07:32:28.000040+00:00,14.0,384,41.42529296875,51.9560546875,35.52294921875,306505.359375,1241131.515625,1547636.875,19.8,NVIDIA RTX PRO 6000 Blackwell Server Edition,8.0,2.0,11469.0,97887.0,89.41,31.0
2026-07-31T07:32:29.000217+00:00,13.6,384,38.90869140625,51.25927734375,35.3857421875,306371.8984375,1241264.9765625,1547636.875,19.8,NVIDIA RTX PRO 6000 Blackwell Server Edition,4.0,1.0,11469.0,97887.0,89.55,31.0
2026-07-31T07:32:30.000636+00:00,12.5,384,38.90869140625,51.25927734375,35.3857421875,306901.1953125,1240735.6796875,1547636.875,19.8,NVIDIA RTX PRO 6000 Blackwell Server Edition,3.0,1.0,11469.0,97887.0,88.74,31.0
2026-07-31T07:32:31.000900+00:00,12.9,384,38.90869140625,51.25927734375,35.3857421875,306949.41015625,1240687.46484375,1547636.875,19.8,NVIDIA RTX PRO 6000 Blackwell Server Edition,0.0,0.0,11469.0,97887.0,87.27,31.0
2026-07-31T07:32:32.000982+00:00,12.5,384,38.90869140625,51.25927734375,35.3857421875,308483.0078125,1239153.8671875,1547636.875,19.9,NVIDIA RTX PRO 6000 Blackwell Server Edition,0.0,0.0,11469.0,97887.0,86.15,31.0
2026-07-31T07:32:33.001163+00:00,12.7,384,38.90869140625,51.25927734375,35.3857421875,309436.3671875,1238200.5078125,1547636.875,20.0,NVIDIA RTX PRO 6000 Blackwell Server Edition,0.0,0.0,11469.0,97887.0,85.61,31.0
2026-07-31T07:32:34.001310+00:00,13.4,384,36.43310546875,50.541015625,35.23828125,309375.25,1238261.625,1547636.875,20.0,NVIDIA RTX PRO 6000 Blackwell Server Edition,0.0,0.0,11469.0,97887.0,85.12,30.0
2026-07-31T07:32:35.001456+00:00,12.2,384,36.43310546875,50.541015625,35.23828125,309244.6328125,1238392.2421875,1547636.875,20.0,NVIDIA RTX PRO 6000 Blackwell Server Edition,0.0,0.0,11469.0,97887.0,119.23,31.0
2026-07-31T07:32:36.001615+00:00,13.2,384,36.43310546875,50.541015625,35.23828125,309225.92578125,1238410.94921875,1547636.875,20.0,NVIDIA RTX PRO 6000 Blackwell Server Edition,0.0,0.0,11469.0,97887.0,90.77,31.0
2026-07-31T07:32:37.001713+00:00,13.4,384,36.43310546875,50.541015625,35.23828125,309091.6015625,1238545.2734375,1547636.875,20.0,NVIDIA RTX PRO 6000 Blackwell Server Edition,2.0,0.0,11469.0,97887.0,88.96,31.0
2026-07-31T07:32:38.001881+00:00,13.2,384,36.43310546875,50.541015625,35.23828125,309156.9296875,1238479.9453125,1547636.875,20.0,NVIDIA RTX PRO 6000 Blackwell Server Edition,6.0,1.0,11469.0,97887.0,90.12,31.0
2026-07-31T07:32:39.002032+00:00,13.7,384,34.39599609375,49.88427734375,35.10791015625,309126.6796875,1238510.1953125,1547636.875,20.0,NVIDIA RTX PRO 6000 Blackwell Server Edition,11.0,3.0,11469.0,97887.0,103.75,31.0
2026-07-31T07:32:40.002133+00:00,13.2,384,34.39599609375,49.88427734375,35.10791015625,309126.75390625,1238510.12109375,1547636.875,20.0,NVIDIA RTX PRO 6000 Blackwell Server Edition,5.0,1.0,11469.0,97887.0,90.59,31.0
2026-07-31T07:32:41.002239+00:00,13.2,384,34.39599609375,49.88427734375,35.10791015625,309224.859375,1238412.015625,1547636.875,20.0,NVIDIA RTX PRO 6000 Blackwell Server Edition,14.0,8.0,11469.0,97887.0,96.4,31.0
2026-07-31T07:32:42.002545+00:00,13.5,384,34.39599609375,49.88427734375,35.10791015625,309162.1015625,1238474.7734375,1547636.875,20.0,NVIDIA RTX PRO 6000 Blackwell Server Edition,7.0,2.0,11469.0,97887.0,98.22,31.0
2026-07-31T07:32:43.002385+00:00,15.6,384,34.39599609375,49.88427734375,35.10791015625,309040.53125,1238596.34375,1547636.875,20.0,NVIDIA RTX PRO 6000 Blackwell Server Edition,2.0,0.0,11469.0,97887.0,89.57,31.0
2026-07-31T07:32:44.002490+00:00,13.7,384,32.3623046875,49.205078125,34.96728515625,309036.75390625,1238600.12109375,1547636.875,20.0,NVIDIA RTX PRO 6000 Blackwell Server Edition,4.0,1.0,11469.0,97887.0,89.91,31.0
2026-07-31T07:32:45.002645+00:00,13.3,384,32.3623046875,49.205078125,34.96728515625,308989.78125,1238647.09375,1547636.875,20.0,NVIDIA RTX PRO 6000 Blackwell Server Edition,7.0,3.0,11469.0,97887.0,98.06,31.0
2026-07-31T07:32:46.002789+00:00,17.8,384,32.3623046875,49.205078125,34.96728515625,309348.0234375,1238288.8515625,1547636.875,20.0,NVIDIA RTX PRO 6000 Blackwell Server Edition,4.0,1.0,11469.0,97887.0,97.84,31.0
2026-07-31T07:32:47.002943+00:00,15.1,384,32.3623046875,49.205078125,34.96728515625,309359.4609375,1238277.4140625,1547636.875,20.0,NVIDIA RTX PRO 6000 Blackwell Server Edition,3.0,1.0,11469.0,97887.0,89.14,31.0
2026-07-31T07:32:48.003123+00:00,13.3,384,32.3623046875,49.205078125,34.96728515625,309355.30078125,1238281.57421875,1547636.875,20.0,NVIDIA RTX PRO 6000 Blackwell Server Edition,8.0,4.0,11469.0,97887.0,100.65,31.0
2026-07-31T07:32:49.003223+00:00,13.7,384,30.5712890625,48.55419921875,34.8330078125,309095.21484375,1238541.66015625,1547636.875,20.0,NVIDIA RTX PRO 6000 Blackwell Server Edition,2.0,0.0,11469.0,97887.0,94.18,31.0
2026-07-31T07:32:50.003538+00:00,13.9,384,30.5712890625,48.55419921875,34.8330078125,309052.5859375,1238584.2890625,1547636.875,20.0,NVIDIA RTX PRO 6000 Blackwell Server Edition,9.0,5.0,11469.0,97887.0,103.29,31.0
2026-07-31T07:32:51.003697+00:00,13.3,384,30.5712890625,48.55419921875,34.8330078125,309051.81640625,1238585.05859375,1547636.875,20.0,NVIDIA RTX PRO 6000 Blackwell Server Edition,30.0,14.0,11469.0,97887.0,101.39,34.0
2026-07-31T07:32:52.003832+00:00,13.8,384,30.5712890625,48.55419921875,34.8330078125,308997.70703125,1238639.16796875,1547636.875,20.0,NVIDIA RTX PRO 6000 Blackwell Server Edition,18.0,11.0,11469.0,97887.0,125.77,32.0
2026-07-31T07:32:53.003980+00:00,13.2,384,30.5712890625,48.55419921875,34.8330078125,308930.60546875,1238706.26953125,1547636.875,20.0,NVIDIA RTX PRO 6000 Blackwell Server Edition,4.0,1.0,11473.0,97887.0,97.81,31.0
2026-07-31T07:32:54.004103+00:00,14.0,384,29.1640625,47.9638671875,34.71533203125,308838.359375,1238798.515625,1547636.875,20.0,NVIDIA RTX PRO 6000 Blackwell Server Edition,4.0,1.0,11473.0,97887.0,90.82,31.0
2026-07-31T07:32:55.004285+00:00,15.4,384,29.1640625,47.9638671875,34.71533203125,308835.921875,1238800.953125,1547636.875,20.0,NVIDIA RTX PRO 6000 Blackwell Server Edition,0.0,0.0,11473.0,97887.0,86.35,31.0
2026-07-31T07:32:56.004419+00:00,13.3,384,29.1640625,47.9638671875,34.71533203125,308744.09375,1238892.78125,1547636.875,19.9,NVIDIA RTX PRO 6000 Blackwell Server Edition,0.0,0.0,11473.0,97887.0,86.35,31.0
2026-07-31T07:32:57.004591+00:00,9.7,384,29.1640625,47.9638671875,34.71533203125,308632.84765625,1239004.02734375,1547636.875,19.9,NVIDIA RTX PRO 6000 Blackwell Server Edition,4.0,1.0,11473.0,97887.0,96.74,31.0
2026-07-31T07:32:58.004730+00:00,18.8,384,29.1640625,47.9638671875,34.71533203125,308940.19921875,1238696.67578125,1547636.875,20.0,NVIDIA RTX PRO 6000 Blackwell Server Edition,16.0,8.0,11473.0,97887.0,102.72,31.0
2026-07-31T07:32:59.004820+00:00,14.0,384,27.70947265625,47.35009765625,34.587890625,308899.62890625,1238737.24609375,1547636.875,20.0,NVIDIA RTX PRO 6000 Blackwell Server Edition,1.0,0.0,11473.0,97887.0,91.61,31.0
2026-07-31T07:33:00.004917+00:00,13.1,384,27.70947265625,47.35009765625,34.587890625,308846.6015625,1238790.2734375,1547636.875,20.0,NVIDIA RTX PRO 6000 Blackwell Server Edition,1.0,0.0,11473.0,97887.0,95.62,31.0
2026-07-31T07:33:01.005020+00:00,12.9,384,27.70947265625,47.35009765625,34.587890625,308898.5546875,1238738.3203125,1547636.875,20.0,NVIDIA RTX PRO 6000 Blackwell Server Edition,6.0,1.0,11473.0,97887.0,103.57,31.0
2026-07-31T07:33:02.005175+00:00,13.9,384,27.70947265625,47.35009765625,34.587890625,308847.15234375,1238789.72265625,1547636.875,20.0,NVIDIA RTX PRO 6000 Blackwell Server Edition,15.0,8.0,11473.0,97887.0,95.23,31.0
2026-07-31T07:33:03.005307+00:00,13.9,384,27.70947265625,47.35009765625,34.587890625,308855.46875,1238781.40625,1547636.875,20.0,NVIDIA RTX PRO 6000 Blackwell Server Edition,8.0,3.0,11473.0,97887.0,96.81,31.0
2026-07-31T07:33:04.005422+00:00,13.3,384,26.37109375,46.74658203125,34.4609375,308816.359375,1238820.515625,1547636.875,20.0,NVIDIA RTX PRO 6000 Blackwell Server Edition,2.0,0.0,11473.0,97887.0,90.35,31.0
2026-07-31T07:33:05.005534+00:00,15.0,384,26.37109375,46.74658203125,34.4609375,308801.5703125,1238835.3046875,1547636.875,20.0,NVIDIA RTX PRO 6000 Blackwell Server Edition,0.0,0.0,11473.0,97887.0,89.75,31.0
2026-07-31T07:33:06.005618+00:00,26.4,384,26.37109375,46.74658203125,34.4609375,308731.296875,1238905.578125,1547636.875,19.9,NVIDIA RTX PRO 6000 Blackwell Server Edition,4.0,1.0,11473.0,97887.0,98.32,31.0
2026-07-31T07:33:07.005738+00:00,28.3,384,26.37109375,46.74658203125,34.4609375,308696.34765625,1238940.52734375,1547636.875,19.9,NVIDIA RTX PRO 6000 Blackwell Server Edition,2.0,1.0,11473.0,97887.0,88.59,31.0
2026-07-31T07:33:08.005906+00:00,26.3,384,26.37109375,46.74658203125,34.4609375,308642.46484375,1238994.41015625,1547636.875,19.9,NVIDIA RTX PRO 6000 Blackwell Server Edition,18.0,10.0,11473.0,97887.0,99.11,31.0
2026-07-31T07:33:09.006049+00:00,13.6,384,24.97998046875,46.11962890625,34.32373046875,308409.87890625,1239226.99609375,1547636.875,19.9,NVIDIA RTX PRO 6000 Blackwell Server Edition,12.0,3.0,11473.0,97887.0,100.5,31.0
2026-07-31T07:33:10.006130+00:00,13.2,384,24.97998046875,46.11962890625,34.32373046875,308473.36328125,1239163.51171875,1547636.875,19.9,NVIDIA RTX PRO 6000 Blackwell Server Edition,0.0,0.0,11473.0,97887.0,89.62,31.0
2026-07-31T07:33:11.006259+00:00,13.9,384,24.97998046875,46.11962890625,34.32373046875,308422.73828125,1239214.13671875,1547636.875,19.9,NVIDIA RTX PRO 6000 Blackwell Server Edition,0.0,0.0,11473.0,97887.0,103.18,31.0
2026-07-31T07:33:12.006436+00:00,13.4,384,24.97998046875,46.11962890625,34.32373046875,308428.73046875,1239208.14453125,1547636.875,19.9,NVIDIA RTX PRO 6000 Blackwell Server Edition,0.0,0.0,11473.0,97887.0,91.5,31.0
2026-07-31T07:33:13.006596+00:00,13.0,384,24.97998046875,46.11962890625,34.32373046875,308391.5546875,1239245.3203125,1547636.875,19.9,NVIDIA RTX PRO 6000 Blackwell Server Edition,0.0,0.0,11473.0,97887.0,104.44,31.0
2026-07-31T07:33:14.006702+00:00,13.1,384,24.0205078125,45.5693359375,34.208984375,308390.94140625,1239245.93359375,1547636.875,19.9,NVIDIA RTX PRO 6000 Blackwell Server Edition,0.0,0.0,11473.0,97887.0,89.46,31.0
2026-07-31T07:33:15.006826+00:00,13.3,384,24.0205078125,45.5693359375,34.208984375,308366.04296875,1239270.83203125,1547636.875,19.9,NVIDIA RTX PRO 6000 Blackwell Server Edition,0.0,0.0,11473.0,97887.0,93.68,31.0
2026-07-31T07:33:16.006946+00:00,13.2,384,24.0205078125,45.5693359375,34.208984375,308321.05859375,1239315.81640625,1547636.875,19.9,NVIDIA RTX PRO 6000 Blackwell Server Edition,0.0,0.0,11473.0,97887.0,100.78,31.0
2026-07-31T07:33:17.007062+00:00,13.8,384,24.0205078125,45.5693359375,34.208984375,308284.765625,1239352.109375,1547636.875,19.9,NVIDIA RTX PRO 6000 Blackwell Server Edition,0.0,0.0,11473.0,97887.0,87.89,31.0
2026-07-31T07:33:18.007183+00:00,12.3,384,24.0205078125,45.5693359375,34.208984375,308311.36328125,1239325.51171875,1547636.875,19.9,NVIDIA RTX PRO 6000 Blackwell Server Edition,6.0,2.0,11473.0,97887.0,87.22,31.0
2026-07-31T07:33:19.007619+00:00,13.5,384,23.0576171875,45.01171875,34.08935546875,308287.73828125,1239349.13671875,1547636.875,19.9,NVIDIA RTX PRO 6000 Blackwell Server Edition,0.0,0.0,11473.0,97887.0,88.92,31.0
2026-07-31T07:33:20.007846+00:00,13.5,384,23.0576171875,45.01171875,34.08935546875,308238.41015625,1239398.46484375,1547636.875,19.9,NVIDIA RTX PRO 6000 Blackwell Server Edition,0.0,0.0,11473.0,97887.0,101.1,31.0
2026-07-31T07:33:21.007946+00:00,13.4,384,23.0576171875,45.01171875,34.08935546875,308236.30078125,1239400.57421875,1547636.875,19.9,NVIDIA RTX PRO 6000 Blackwell Server Edition,0.0,0.0,11473.0,97887.0,97.07,31.0
2026-07-31T07:33:22.008027+00:00,13.7,384,23.0576171875,45.01171875,34.08935546875,308263.24609375,1239373.62890625,1547636.875,19.9,NVIDIA RTX PRO 6000 Blackwell Server Edition,0.0,0.0,11473.0,97887.0,90.52,31.0
2026-07-31T07:33:23.008158+00:00,13.3,384,23.0576171875,45.01171875,34.08935546875,308312.125,1239324.75,1547636.875,19.9,NVIDIA RTX PRO 6000 Blackwell Server Edition,0.0,0.0,11473.0,97887.0,108.25,31.0
2026-07-31T07:33:24.008296+00:00,13.9,384,22.091796875,44.44677734375,33.96533203125,308293.2734375,1239343.6015625,1547636.875,19.9,NVIDIA RTX PRO 6000 Blackwell Server Edition,0.0,0.0,11473.0,97887.0,90.98,31.0
2026-07-31T07:33:25.008388+00:00,13.3,384,22.091796875,44.44677734375,33.96533203125,308281.11328125,1239355.76171875,1547636.875,19.9,NVIDIA RTX PRO 6000 Blackwell Server Edition,0.0,0.0,11473.0,97887.0,103.35,31.0
2026-07-31T07:33:26.008497+00:00,14.3,384,22.091796875,44.44677734375,33.96533203125,308267.953125,1239368.921875,1547636.875,19.9,NVIDIA RTX PRO 6000 Blackwell Server Edition,0.0,0.0,11473.0,97887.0,93.17,31.0
2026-07-31T07:33:27.008637+00:00,13.6,384,22.091796875,44.44677734375,33.96533203125,308462.1875,1239174.6875,1547636.875,19.9,NVIDIA RTX PRO 6000 Blackwell Server Edition,0.0,0.0,11473.0,97887.0,87.55,31.0
2026-07-31T07:33:28.008721+00:00,13.6,384,22.091796875,44.44677734375,33.96533203125,308477.15234375,1239159.72265625,1547636.875,19.9,NVIDIA RTX PRO 6000 Blackwell Server Edition,0.0,0.0,11473.0,97887.0,103.26,31.0
2026-07-31T07:33:29.008840+00:00,13.3,384,21.123046875,43.87451171875,33.83642578125,308430.82421875,1239206.05078125,1547636.875,19.9,NVIDIA RTX PRO 6000 Blackwell Server Edition,7.0,3.0,11473.0,97887.0,135.5,36.0
2026-07-31T07:33:30.008987+00:00,14.0,384,21.123046875,43.87451171875,33.83642578125,308402.84765625,1239234.02734375,1547636.875,19.9,NVIDIA RTX PRO 6000 Blackwell Server Edition,0.0,0.0,11473.0,97887.0,106.76,31.0
2026-07-31T07:33:31.009084+00:00,13.2,384,21.123046875,43.87451171875,33.83642578125,308391.859375,1239245.015625,1547636.875,19.9,NVIDIA RTX PRO 6000 Blackwell Server Edition,0.0,0.0,11473.0,97887.0,90.11,32.0
2026-07-31T07:33:32.009203+00:00,13.4,384,21.123046875,43.87451171875,33.83642578125,308380.4296875,1239256.4453125,1547636.875,19.9,NVIDIA RTX PRO 6000 Blackwell Server Edition,0.0,0.0,11473.0,97887.0,101.7,31.0
2026-07-31T07:33:33.009531+00:00,13.3,384,21.123046875,43.87451171875,33.83642578125,308344.95703125,1239291.91796875,1547636.875,19.9,NVIDIA RTX PRO 6000 Blackwell Server Edition,0.0,0.0,11473.0,97887.0,91.51,31.0
2026-07-31T07:33:34.009662+00:00,13.3,384,20.15185546875,43.29541015625,33.70263671875,308246.703125,1239390.171875,1547636.875,19.9,NVIDIA RTX PRO 6000 Blackwell Server Edition,0.0,0.0,11473.0,97887.0,88.82,31.0
2026-07-31T07:33:35.009781+00:00,14.4,384,20.15185546875,43.29541015625,33.70263671875,308328.328125,1239308.546875,1547636.875,19.9,NVIDIA RTX PRO 6000 Blackwell Server Edition,0.0,0.0,11473.0,97887.0,107.16,31.0
2026-07-31T07:33:36.009922+00:00,13.3,384,20.15185546875,43.29541015625,33.70263671875,308260.7734375,1239376.1015625,1547636.875,19.9,NVIDIA RTX PRO 6000 Blackwell Server Edition,0.0,0.0,11473.0,97887.0,89.98,31.0
2026-07-31T07:33:37.010096+00:00,13.2,384,20.15185546875,43.29541015625,33.70263671875,308302.26171875,1239334.61328125,1547636.875,19.9,NVIDIA RTX PRO 6000 Blackwell Server Edition,0.0,0.0,11473.0,97887.0,103.4,31.0
2026-07-31T07:33:38.010197+00:00,14.0,384,20.15185546875,43.29541015625,33.70263671875,308147.8984375,1239488.9765625,1547636.875,19.9,NVIDIA RTX PRO 6000 Blackwell Server Edition,0.0,0.0,11473.0,97887.0,90.5,31.0
2026-07-31T07:33:39.010487+00:00,14.6,384,19.1787109375,42.708984375,33.564453125,308099.6796875,1239537.1953125,1547636.875,19.9,NVIDIA RTX PRO 6000 Blackwell Server Edition,0.0,0.0,11473.0,97887.0,104.11,31.0
2026-07-31T07:33:40.010664+00:00,13.8,384,19.1787109375,42.708984375,33.564453125,308171.2265625,1239465.6484375,1547636.875,19.9,NVIDIA RTX PRO 6000 Blackwell Server Edition,0.0,0.0,11473.0,97887.0,93.45,31.0
2026-07-31T07:33:41.010790+00:00,13.3,384,19.1787109375,42.708984375,33.564453125,308250.91796875,1239385.95703125,1547636.875,19.9,NVIDIA RTX PRO 6000 Blackwell Server Edition,0.0,0.0,11473.0,97887.0,102.39,31.0
2026-07-31T07:33:42.010921+00:00,13.9,384,19.1787109375,42.708984375,33.564453125,308239.75390625,1239397.12109375,1547636.875,19.9,NVIDIA RTX PRO 6000 Blackwell Server Edition,0.0,0.0,11473.0,97887.0,90.32,31.0
2026-07-31T07:33:43.011014+00:00,14.8,384,19.1787109375,42.708984375,33.564453125,308235.09375,1239401.78125,1547636.875,19.9,NVIDIA RTX PRO 6000 Blackwell Server Edition,0.0,0.0,11473.0,97887.0,86.21,31.0
2026-07-31T07:33:44.011125+00:00,15.7,384,18.36328125,42.14892578125,33.43212890625,308285.0390625,1239351.8359375,1547636.875,19.9,NVIDIA RTX PRO 6000 Blackwell Server Edition,0.0,0.0,11473.0,97887.0,89.79,31.0
2026-07-31T07:33:45.011284+00:00,16.0,384,18.36328125,42.14892578125,33.43212890625,308601.40234375,1239035.47265625,1547636.875,19.9,NVIDIA RTX PRO 6000 Blackwell Server Edition,0.0,0.0,11473.0,97887.0,89.52,31.0
2026-07-31T07:33:46.011433+00:00,13.2,384,18.36328125,42.14892578125,33.43212890625,308595.23046875,1239041.64453125,1547636.875,19.9,NVIDIA RTX PRO 6000 Blackwell Server Edition,19.0,8.0,11473.0,97887.0,110.96,31.0
2026-07-31T07:33:47.011550+00:00,14.4,384,18.36328125,42.14892578125,33.43212890625,308617.73828125,1239019.13671875,1547636.875,19.9,NVIDIA RTX PRO 6000 Blackwell Server Edition,0.0,0.0,11473.0,97887.0,91.42,31.0
2026-07-31T07:33:48.011678+00:00,13.3,384,18.36328125,42.14892578125,33.43212890625,308488.73828125,1239148.13671875,1547636.875,19.9,NVIDIA RTX PRO 6000 Blackwell Server Edition,0.0,0.0,11473.0,97887.0,104.74,31.0
2026-07-31T07:33:49.011800+00:00,13.7,384,17.693359375,41.61474609375,33.30615234375,308471.40234375,1239165.47265625,1547636.875,19.9,NVIDIA RTX PRO 6000 Blackwell Server Edition,0.0,0.0,11473.0,97887.0,90.81,31.0
2026-07-31T07:33:50.011917+00:00,14.5,384,17.693359375,41.61474609375,33.30615234375,308449.0546875,1239187.8203125,1547636.875,19.9,NVIDIA RTX PRO 6000 Blackwell Server Edition,0.0,0.0,11473.0,97887.0,90.03,31.0
2026-07-31T07:33:51.012038+00:00,13.5,384,17.693359375,41.61474609375,33.30615234375,308464.75390625,1239172.12109375,1547636.875,19.9,NVIDIA RTX PRO 6000 Blackwell Server Edition,0.0,0.0,11473.0,97887.0,101.09,31.0
2026-07-31T07:33:52.012145+00:00,13.4,384,17.693359375,41.61474609375,33.30615234375,308460.5390625,1239176.3359375,1547636.875,19.9,NVIDIA RTX PRO 6000 Blackwell Server Edition,0.0,0.0,11473.0,97887.0,89.91,31.0
2026-07-31T07:33:53.012239+00:00,13.3,384,17.693359375,41.61474609375,33.30615234375,308455.203125,1239181.671875,1547636.875,19.9,NVIDIA RTX PRO 6000 Blackwell Server Edition,0.0,0.0,11473.0,97887.0,97.65,31.0
2026-07-31T07:33:54.012512+00:00,13.6,384,17.3974609375,41.15625,33.2021484375,308423.28125,1239213.59375,1547636.875,19.9,NVIDIA RTX PRO 6000 Blackwell Server Edition,0.0,0.0,11473.0,97887.0,98.9,31.0
2026-07-31T07:33:55.012614+00:00,14.0,384,17.3974609375,41.15625,33.2021484375,308277.765625,1239359.109375,1547636.875,19.9,NVIDIA RTX PRO 6000 Blackwell Server Edition,0.0,0.0,11473.0,97887.0,92.79,31.0
2026-07-31T07:33:56.012731+00:00,14.9,384,17.3974609375,41.15625,33.2021484375,308351.73046875,1239285.14453125,1547636.875,19.9,NVIDIA RTX PRO 6000 Blackwell Server Edition,0.0,0.0,11473.0,97887.0,99.96,31.0
2026-07-31T07:33:57.012845+00:00,13.3,384,17.3974609375,41.15625,33.2021484375,308372.3203125,1239264.5546875,1547636.875,19.9,NVIDIA RTX PRO 6000 Blackwell Server Edition,0.0,0.0,11473.0,97887.0,99.85,31.0
2026-07-31T07:33:58.012949+00:00,13.3,384,17.3974609375,41.15625,33.2021484375,308406.0546875,1239230.8203125,1547636.875,19.9,NVIDIA RTX PRO 6000 Blackwell Server Edition,0.0,0.0,11473.0,97887.0,100.4,31.0
2026-07-31T07:33:59.013021+00:00,13.3,384,16.96484375,40.671875,33.087890625,308285.94140625,1239350.93359375,1547636.875,19.9,NVIDIA RTX PRO 6000 Blackwell Server Edition,0.0,0.0,11473.0,97887.0,100.61,31.0
2026-07-31T07:34:00.013184+00:00,13.9,384,16.96484375,40.671875,33.087890625,308436.1796875,1239200.6953125,1547636.875,19.9,NVIDIA RTX PRO 6000 Blackwell Server Edition,0.0,0.0,11473.0,97887.0,98.12,31.0
2026-07-31T07:34:01.013290+00:00,13.2,384,16.96484375,40.671875,33.087890625,308434.81640625,1239202.05859375,1547636.875,19.9,NVIDIA RTX PRO 6000 Blackwell Server Edition,0.0,0.0,11473.0,97887.0,98.43,31.0
2026-07-31T07:34:02.013427+00:00,13.9,384,16.96484375,40.671875,33.087890625,308384.3046875,1239252.5703125,1547636.875,19.9,NVIDIA RTX PRO 6000 Blackwell Server Edition,0.0,0.0,11473.0,97887.0,93.6,31.0
2026-07-31T07:34:03.013546+00:00,13.3,384,16.96484375,40.671875,33.087890625,308419.2734375,1239217.6015625,1547636.875,19.9,NVIDIA RTX PRO 6000 Blackwell Server Edition,0.0,0.0,11473.0,97887.0,91.71,31.0
2026-07-31T07:34:04.013654+00:00,14.1,384,16.48681640625,40.17919921875,32.96923828125,308422.65625,1239214.21875,1547636.875,19.9,NVIDIA RTX PRO 6000 Blackwell Server Edition,0.0,0.0,11473.0,97887.0,106.42,31.0
2026-07-31T07:34:05.013792+00:00,13.4,384,16.48681640625,40.17919921875,32.96923828125,308427.87890625,1239208.99609375,1547636.875,19.9,NVIDIA RTX PRO 6000 Blackwell Server Edition,0.0,0.0,11473.0,97887.0,93.07,31.0
2026-07-31T07:34:06.013910+00:00,13.5,384,16.48681640625,40.17919921875,32.96923828125,308406.796875,1239230.078125,1547636.875,19.9,NVIDIA RTX PRO 6000 Blackwell Server Edition,0.0,0.0,11473.0,97887.0,90.43,31.0
2026-07-31T07:34:07.014006+00:00,13.3,384,16.48681640625,40.17919921875,32.96923828125,308296.69921875,1239340.17578125,1547636.875,19.9,NVIDIA RTX PRO 6000 Blackwell Server Edition,0.0,0.0,11473.0,97887.0,92.38,31.0
2026-07-31T07:34:08.014088+00:00,14.7,384,16.48681640625,40.17919921875,32.96923828125,308476.6875,1239160.1875,1547636.875,19.9,NVIDIA RTX PRO 6000 Blackwell Server Edition,0.0,0.0,11473.0,97887.0,95.9,31.0
2026-07-31T07:34:09.014217+00:00,13.2,384,15.88720703125,39.6611328125,32.84033203125,308307.00390625,1239329.87109375,1547636.875,19.9,NVIDIA RTX PRO 6000 Blackwell Server Edition,0.0,0.0,11473.0,97887.0,273.32,32.0
2026-07-31T07:34:10.014513+00:00,13.5,384,15.88720703125,39.6611328125,32.84033203125,308408.42578125,1239228.44921875,1547636.875,19.9,NVIDIA RTX PRO 6000 Blackwell Server Edition,0.0,0.0,11473.0,97887.0,96.75,32.0
2026-07-31T07:34:11.014611+00:00,13.6,384,15.88720703125,39.6611328125,32.84033203125,308413.0859375,1239223.7890625,1547636.875,19.9,NVIDIA RTX PRO 6000 Blackwell Server Edition,0.0,0.0,11473.0,97887.0,99.76,31.0
2026-07-31T07:34:12.014719+00:00,13.4,384,15.88720703125,39.6611328125,32.84033203125,308531.578125,1239105.296875,1547636.875,19.9,NVIDIA RTX PRO 6000 Blackwell Server Edition,0.0,0.0,11473.0,97887.0,94.99,31.0
2026-07-31T07:34:13.014821+00:00,13.1,384,15.88720703125,39.6611328125,32.84033203125,308411.1875,1239225.6875,1547636.875,19.9,NVIDIA RTX PRO 6000 Blackwell Server Edition,0.0,0.0,11473.0,97887.0,87.04,31.0
2026-07-31T07:34:14.014930+00:00,12.1,384,15.33544921875,39.15185546875,32.7119140625,308401.97265625,1239234.90234375,1547636.875,19.9,NVIDIA RTX PRO 6000 Blackwell Server Edition,0.0,0.0,11473.0,97887.0,97.37,31.0
2026-07-31T07:34:15.015075+00:00,14.1,384,15.33544921875,39.15185546875,32.7119140625,308448.2734375,1239188.6015625,1547636.875,19.9,NVIDIA RTX PRO 6000 Blackwell Server Edition,58.0,35.0,11473.0,97887.0,270.13,36.0
2026-07-31T07:34:16.015240+00:00,13.3,384,15.33544921875,39.15185546875,32.7119140625,308409.59765625,1239227.27734375,1547636.875,19.9,NVIDIA RTX PRO 6000 Blackwell Server Edition,0.0,0.0,11473.0,97887.0,95.04,32.0
2026-07-31T07:34:17.015487+00:00,13.2,384,15.33544921875,39.15185546875,32.7119140625,308401.81640625,1239235.05859375,1547636.875,19.9,NVIDIA RTX PRO 6000 Blackwell Server Edition,0.0,0.0,11473.0,97887.0,94.63,32.0
2026-07-31T07:34:18.015575+00:00,13.3,384,15.33544921875,39.15185546875,32.7119140625,308359.53515625,1239277.33984375,1547636.875,19.9,NVIDIA RTX PRO 6000 Blackwell Server Edition,0.0,0.0,11473.0,97887.0,94.88,32.0
2026-07-31T07:34:19.015666+00:00,14.2,384,15.22802734375,38.73388671875,32.611328125,308288.3125,1239348.5625,1547636.875,19.9,NVIDIA RTX PRO 6000 Blackwell Server Edition,0.0,0.0,11473.0,97887.0,94.95,31.0
2026-07-31T07:34:20.015744+00:00,13.4,384,15.22802734375,38.73388671875,32.611328125,308310.41015625,1239326.46484375,1547636.875,19.9,NVIDIA RTX PRO 6000 Blackwell Server Edition,0.0,0.0,11473.0,97887.0,96.31,31.0
2026-07-31T07:34:21.015827+00:00,13.3,384,15.22802734375,38.73388671875,32.611328125,308315.90234375,1239320.97265625,1547636.875,19.9,NVIDIA RTX PRO 6000 Blackwell Server Edition,0.0,0.0,11473.0,97887.0,94.64,31.0
2026-07-31T07:34:22.015940+00:00,13.3,384,15.22802734375,38.73388671875,32.611328125,308227.53125,1239409.34375,1547636.875,19.9,NVIDIA RTX PRO 6000 Blackwell Server Edition,0.0,0.0,12985.0,97887.0,143.45,35.0
2026-07-31T07:34:23.016044+00:00,13.5,384,15.22802734375,38.73388671875,32.611328125,308361.15234375,1239275.72265625,1547636.875,19.9,NVIDIA RTX PRO 6000 Blackwell Server Edition,0.0,0.0,12985.0,97887.0,258.98,32.0
2026-07-31T07:34:24.016136+00:00,13.4,384,15.12939453125,38.3232421875,32.51123046875,308343.62890625,1239293.24609375,1547636.875,19.9,NVIDIA RTX PRO 6000 Blackwell Server Edition,0.0,0.0,12985.0,97887.0,99.28,32.0
2026-07-31T07:34:25.016279+00:00,13.2,384,15.12939453125,38.3232421875,32.51123046875,308318.09765625,1239318.77734375,1547636.875,19.9,NVIDIA RTX PRO 6000 Blackwell Server Edition,0.0,0.0,12985.0,97887.0,100.37,32.0
2026-07-31T07:34:26.016397+00:00,13.6,384,15.12939453125,38.3232421875,32.51123046875,308288.83984375,1239348.03515625,1547636.875,19.9,NVIDIA RTX PRO 6000 Blackwell Server Edition,0.0,0.0,12985.0,97887.0,97.6,32.0
2026-07-31T07:34:27.016545+00:00,13.5,384,15.12939453125,38.3232421875,32.51123046875,308317.984375,1239318.890625,1547636.875,19.9,NVIDIA RTX PRO 6000 Blackwell Server Edition,0.0,0.0,12985.0,97887.0,98.11,32.0
2026-07-31T07:34:28.016687+00:00,13.3,384,15.12939453125,38.3232421875,32.51123046875,308279.59375,1239357.28125,1547636.875,19.9,NVIDIA RTX PRO 6000 Blackwell Server Edition,0.0,0.0,12985.0,97887.0,95.52,32.0
2026-07-31T07:34:29.016823+00:00,13.3,384,14.87841796875,37.88623046875,32.40087890625,308239.3359375,1239397.5390625,1547636.875,19.9,NVIDIA RTX PRO 6000 Blackwell Server Edition,0.0,0.0,12985.0,97887.0,95.81,32.0
2026-07-31T07:34:30.016966+00:00,13.9,384,14.87841796875,37.88623046875,32.40087890625,308298.38671875,1239338.48828125,1547636.875,19.9,NVIDIA RTX PRO 6000 Blackwell Server Edition,0.0,0.0,12985.0,97887.0,97.11,31.0
2026-07-31T07:34:31.017081+00:00,13.3,384,14.87841796875,37.88623046875,32.40087890625,308230.6328125,1239406.2421875,1547636.875,19.9,NVIDIA RTX PRO 6000 Blackwell Server Edition,40.0,23.0,12985.0,97887.0,272.04,33.0
2026-07-31T07:34:32.017195+00:00,13.3,384,14.87841796875,37.88623046875,32.40087890625,308196.48828125,1239440.38671875,1547636.875,19.9,NVIDIA RTX PRO 6000 Blackwell Server Edition,0.0,0.0,12985.0,97887.0,101.0,32.0
2026-07-31T07:34:33.017466+00:00,12.9,384,14.87841796875,37.88623046875,32.40087890625,307210.38671875,1240426.48828125,1547636.875,19.9,NVIDIA RTX PRO 6000 Blackwell Server Edition,0.0,0.0,12985.0,97887.0,100.77,32.0
2026-07-31T07:34:34.017442+00:00,12.6,384,14.2470703125,37.373046875,32.26416015625,306037.14453125,1241599.73046875,1547636.875,19.8,NVIDIA RTX PRO 6000 Blackwell Server Edition,0.0,0.0,12985.0,97887.0,102.86,32.0
2026-07-31T07:34:35.017550+00:00,12.5,384,14.2470703125,37.373046875,32.26416015625,306048.15234375,1241588.72265625,1547636.875,19.8,NVIDIA RTX PRO 6000 Blackwell Server Edition,0.0,0.0,12985.0,97887.0,91.29,32.0
2026-07-31T07:34:36.017675+00:00,12.5,384,14.2470703125,37.373046875,32.26416015625,307170.34375,1240466.53125,1547636.875,19.8,NVIDIA RTX PRO 6000 Blackwell Server Edition,0.0,0.0,12985.0,97887.0,87.91,32.0
2026-07-31T07:34:37.017766+00:00,12.5,384,14.2470703125,37.373046875,32.26416015625,308652.19921875,1238984.67578125,1547636.875,19.9,NVIDIA RTX PRO 6000 Blackwell Server Edition,0.0,0.0,12985.0,97887.0,111.62,35.0
2026-07-31T07:34:38.017891+00:00,15.0,384,14.2470703125,37.373046875,32.26416015625,306566.6015625,1241070.2734375,1547636.875,19.8,NVIDIA RTX PRO 6000 Blackwell Server Edition,0.0,0.0,12985.0,97887.0,221.82,32.0
2026-07-31T07:34:39.018051+00:00,10.7,384,14.6279296875,37.06787109375,32.19287109375,307635.8828125,1240000.9921875,1547636.875,19.9,NVIDIA RTX PRO 6000 Blackwell Server Edition,16.0,8.0,12985.0,97887.0,125.67,34.0
2026-07-31T07:34:40.018218+00:00,8.7,384,14.6279296875,37.06787109375,32.19287109375,311460.13671875,1236176.73828125,1547636.875,20.1,NVIDIA RTX PRO 6000 Blackwell Server Edition,3.0,0.0,12985.0,97887.0,300.05,34.0
2026-07-31T07:34:41.018447+00:00,3.3,384,14.6279296875,37.06787109375,32.19287109375,312875.21484375,1234761.66015625,1547636.875,20.2,NVIDIA RTX PRO 6000 Blackwell Server Edition,6.0,1.0,12985.0,97887.0,204.63,33.0
2026-07-31T07:34:42.018606+00:00,3.8,384,14.6279296875,37.06787109375,32.19287109375,313622.67578125,1234014.19921875,1547636.875,20.3,NVIDIA RTX PRO 6000 Blackwell Server Edition,20.0,5.0,12985.0,97887.0,208.72,34.0
2026-07-31T07:34:43.018727+00:00,6.3,384,14.6279296875,37.06787109375,32.19287109375,311733.8984375,1235902.9765625,1547636.875,20.1,NVIDIA RTX PRO 6000 Blackwell Server Edition,16.0,3.0,12985.0,97887.0,199.3,35.0
2026-07-31T07:34:44.018823+00:00,14.3,384,14.33740234375,36.634765625,32.07861328125,311830.953125,1235805.921875,1547636.875,20.1,NVIDIA RTX PRO 6000 Blackwell Server Edition,0.0,0.0,12985.0,97887.0,95.98,33.0
2026-07-31T07:34:45.018921+00:00,15.3,384,14.33740234375,36.634765625,32.07861328125,311932.04296875,1235704.83203125,1547636.875,20.2,NVIDIA RTX PRO 6000 Blackwell Server Edition,0.0,0.0,12985.0,97887.0,90.55,33.0
2026-07-31T07:34:46.018998+00:00,13.1,384,14.33740234375,36.634765625,32.07861328125,311951.02734375,1235685.84765625,1547636.875,20.2,NVIDIA RTX PRO 6000 Blackwell Server Edition,0.0,0.0,12985.0,97887.0,91.12,33.0
2026-07-31T07:34:47.019101+00:00,13.7,384,14.33740234375,36.634765625,32.07861328125,311970.375,1235666.5,1547636.875,20.2,NVIDIA RTX PRO 6000 Blackwell Server Edition,0.0,0.0,12985.0,97887.0,90.9,32.0
2026-07-31T07:34:48.019212+00:00,16.4,384,14.33740234375,36.634765625,32.07861328125,311275.7421875,1236361.1328125,1547636.875,20.1,NVIDIA RTX PRO 6000 Blackwell Server Edition,13.0,3.0,12985.0,97887.0,194.28,34.0
2026-07-31T07:34:49.019472+00:00,17.3,384,14.22998046875,36.2421875,31.97607421875,311224.4765625,1236412.3984375,1547636.875,20.1,NVIDIA RTX PRO 6000 Blackwell Server Edition,3.0,0.0,12985.0,97887.0,112.69,33.0
2026-07-31T07:34:50.019607+00:00,15.8,384,14.22998046875,36.2421875,31.97607421875,310150.30078125,1237486.57421875,1547636.875,20.0,NVIDIA RTX PRO 6000 Blackwell Server Edition,3.0,0.0,12985.0,97887.0,157.96,33.0
2026-07-31T07:34:51.019742+00:00,3.6,384,14.22998046875,36.2421875,31.97607421875,310313.4765625,1237323.3984375,1547636.875,20.1,NVIDIA RTX PRO 6000 Blackwell Server Edition,25.0,4.0,12985.0,97887.0,158.11,34.0
2026-07-31T07:34:52.019865+00:00,3.0,384,14.22998046875,36.2421875,31.97607421875,310291.94140625,1237344.93359375,1547636.875,20.0,NVIDIA RTX PRO 6000 Blackwell Server Edition,26.0,4.0,12985.0,97887.0,176.16,35.0
2026-07-31T07:34:53.020110+00:00,3.8,384,14.22998046875,36.2421875,31.97607421875,310325.578125,1237311.296875,1547636.875,20.1,NVIDIA RTX PRO 6000 Blackwell Server Edition,62.0,27.0,12985.0,97887.0,255.93,38.0
2026-07-31T07:34:54.020236+00:00,3.5,384,14.05126953125,35.83935546875,31.86865234375,310206.890625,1237429.984375,1547636.875,20.0,NVIDIA RTX PRO 6000 Blackwell Server Edition,90.0,36.0,12985.0,97887.0,260.79,40.0
2026-07-31T07:34:55.020379+00:00,5.5,384,14.05126953125,35.83935546875,31.86865234375,310092.44921875,1237544.42578125,1547636.875,20.0,NVIDIA RTX PRO 6000 Blackwell Server Edition,83.0,36.0,12985.0,97887.0,271.31,40.0
2026-07-31T07:34:56.020520+00:00,6.9,384,14.05126953125,35.83935546875,31.86865234375,310021.4765625,1237615.3984375,1547636.875,20.0,NVIDIA RTX PRO 6000 Blackwell Server Edition,63.0,28.0,12985.0,97887.0,251.38,38.0
2026-07-31T07:34:57.020693+00:00,8.2,384,14.05126953125,35.83935546875,31.86865234375,310031.19921875,1237605.67578125,1547636.875,20.0,NVIDIA RTX PRO 6000 Blackwell Server Edition,99.0,49.0,12985.0,97887.0,255.77,43.0
2026-07-31T07:34:58.020812+00:00,6.3,384,14.05126953125,35.83935546875,31.86865234375,309929.62109375,1237707.25390625,1547636.875,20.0,NVIDIA RTX PRO 6000 Blackwell Server Edition,55.0,20.0,12985.0,97887.0,201.61,37.0
2026-07-31T07:34:59.021000+00:00,5.4,384,14.76806640625,35.6259765625,31.82080078125,309823.34765625,1237813.52734375,1547636.875,20.0,NVIDIA RTX PRO 6000 Blackwell Server Edition,20.0,4.0,12993.0,97887.0,200.68,36.0
2026-07-31T07:35:00.021186+00:00,5.2,384,14.76806640625,35.6259765625,31.82080078125,309784.4140625,1237852.4609375,1547636.875,20.0,NVIDIA RTX PRO 6000 Blackwell Server Edition,17.0,4.0,12993.0,97887.0,147.93,35.0
2026-07-31T07:35:01.021275+00:00,5.7,384,14.76806640625,35.6259765625,31.82080078125,309703.140625,1237933.734375,1547636.875,20.0,NVIDIA RTX PRO 6000 Blackwell Server Edition,88.0,31.0,12993.0,97887.0,222.09,40.0
2026-07-31T07:35:02.021494+00:00,6.1,384,14.76806640625,35.6259765625,31.82080078125,309700.16015625,1237936.71484375,1547636.875,20.0,NVIDIA RTX PRO 6000 Blackwell Server Edition,33.0,6.0,12993.0,97887.0,188.96,37.0
2026-07-31T07:35:03.021686+00:00,5.7,384,14.76806640625,35.6259765625,31.82080078125,309711.70703125,1237925.16796875,1547636.875,20.0,NVIDIA RTX PRO 6000 Blackwell Server Edition,39.0,7.0,12993.0,97887.0,197.4,37.0
2026-07-31T07:35:04.021843+00:00,3.7,384,14.787109375,35.283203125,31.72998046875,309583.13671875,1238053.73828125,1547636.875,20.0,NVIDIA RTX PRO 6000 Blackwell Server Edition,89.0,40.0,12993.0,97887.0,183.44,40.0
2026-07-31T07:35:05.021951+00:00,3.1,384,14.787109375,35.283203125,31.72998046875,309939.28515625,1237697.58984375,1547636.875,20.0,NVIDIA RTX PRO 6000 Blackwell Server Edition,36.0,9.0,12993.0,97887.0,157.2,36.0
2026-07-31T07:35:06.022068+00:00,2.6,384,14.787109375,35.283203125,31.72998046875,310007.921875,1237628.953125,1547636.875,20.0,NVIDIA RTX PRO 6000 Blackwell Server Edition,41.0,8.0,12993.0,97887.0,193.02,37.0
2026-07-31T07:35:07.022178+00:00,8.7,384,14.787109375,35.283203125,31.72998046875,311082.06640625,1236554.80859375,1547636.875,20.1,NVIDIA RTX PRO 6000 Blackwell Server Edition,0.0,0.0,12993.0,97887.0,135.9,35.0
2026-07-31T07:35:08.022278+00:00,12.5,384,14.787109375,35.283203125,31.72998046875,312455.1484375,1235181.7265625,1547636.875,20.2,NVIDIA RTX PRO 6000 Blackwell Server Edition,0.0,0.0,12993.0,97887.0,98.97,35.0
2026-07-31T07:35:09.022371+00:00,13.3,384,14.7236328125,34.9296875,31.63427734375,312404.68359375,1235232.19140625,1547636.875,20.2,NVIDIA RTX PRO 6000 Blackwell Server Edition,0.0,0.0,12993.0,97887.0,100.32,34.0
2026-07-31T07:35:10.022461+00:00,13.2,384,14.7236328125,34.9296875,31.63427734375,312255.56640625,1235381.30859375,1547636.875,20.2,NVIDIA RTX PRO 6000 Blackwell Server Edition,0.0,0.0,12993.0,97887.0,101.2,34.0
2026-07-31T07:35:11.022552+00:00,13.4,384,14.7236328125,34.9296875,31.63427734375,312125.22265625,1235511.65234375,1547636.875,20.2,NVIDIA RTX PRO 6000 Blackwell Server Edition,0.0,0.0,12993.0,97887.0,99.26,34.0
2026-07-31T07:35:12.022722+00:00,12.2,384,14.7236328125,34.9296875,31.63427734375,312034.55078125,1235602.32421875,1547636.875,20.2,NVIDIA RTX PRO 6000 Blackwell Server Edition,16.0,3.0,12993.0,97887.0,142.59,35.0
2026-07-31T07:35:13.022861+00:00,3.2,384,14.7236328125,34.9296875,31.63427734375,312015.4765625,1235621.3984375,1547636.875,20.2,NVIDIA RTX PRO 6000 Blackwell Server Edition,16.0,3.0,12993.0,97887.0,127.16,35.0
2026-07-31T07:35:14.022982+00:00,3.3,384,14.42529296875,34.5322265625,31.5234375,311964.4921875,1235672.3828125,1547636.875,20.2,NVIDIA RTX PRO 6000 Blackwell Server Edition,35.0,9.0,12993.0,97887.0,141.56,35.0
2026-07-31T07:35:15.023125+00:00,3.4,384,14.42529296875,34.5322265625,31.5234375,311925.3984375,1235711.4765625,1547636.875,20.2,NVIDIA RTX PRO 6000 Blackwell Server Edition,22.0,7.0,12993.0,97887.0,140.22,35.0
2026-07-31T07:35:16.023247+00:00,3.1,384,14.42529296875,34.5322265625,31.5234375,311847.6015625,1235789.2734375,1547636.875,20.1,NVIDIA RTX PRO 6000 Blackwell Server Edition,5.0,1.0,12993.0,97887.0,161.27,35.0
2026-07-31T07:35:17.023372+00:00,4.1,384,14.42529296875,34.5322265625,31.5234375,312072.92578125,1235563.94921875,1547636.875,20.2,NVIDIA RTX PRO 6000 Blackwell Server Edition,4.0,1.0,12993.0,97887.0,124.29,34.0
2026-07-31T07:35:18.023516+00:00,3.0,384,14.42529296875,34.5322265625,31.5234375,312197.46875,1235439.40625,1547636.875,20.2,NVIDIA RTX PRO 6000 Blackwell Server Edition,35.0,18.0,12993.0,97887.0,141.87,35.0
2026-07-31T07:35:19.023657+00:00,3.1,384,14.39111328125,34.19091796875,31.42919921875,312138.1875,1235498.6875,1547636.875,20.2,NVIDIA RTX PRO 6000 Blackwell Server Edition,29.0,12.0,12993.0,97887.0,136.49,35.0
2026-07-31T07:35:20.023779+00:00,3.1,384,14.39111328125,34.19091796875,31.42919921875,311732.1015625,1235904.7734375,1547636.875,20.1,NVIDIA RTX PRO 6000 Blackwell Server Edition,11.0,2.0,12993.0,97887.0,127.74,35.0
2026-07-31T07:35:21.023903+00:00,3.4,384,14.39111328125,34.19091796875,31.42919921875,311675.83203125,1235961.04296875,1547636.875,20.1,NVIDIA RTX PRO 6000 Blackwell Server Edition,88.0,42.0,12993.0,97887.0,168.3,39.0
2026-07-31T07:35:22.024026+00:00,3.1,384,14.39111328125,34.19091796875,31.42919921875,311738.06640625,1235898.80859375,1547636.875,20.1,NVIDIA RTX PRO 6000 Blackwell Server Edition,20.0,4.0,12993.0,97887.0,141.12,35.0
2026-07-31T07:35:23.024117+00:00,3.0,384,14.39111328125,34.19091796875,31.42919921875,311685.0546875,1235951.8203125,1547636.875,20.1,NVIDIA RTX PRO 6000 Blackwell Server Edition,21.0,4.0,12993.0,97887.0,132.89,35.0
2026-07-31T07:35:24.024230+00:00,3.1,384,14.279296875,33.8388671875,31.330078125,311567.828125,1236069.046875,1547636.875,20.1,NVIDIA RTX PRO 6000 Blackwell Server Edition,17.0,4.0,12993.0,97887.0,132.48,35.0
2026-07-31T07:35:25.024372+00:00,3.3,384,14.279296875,33.8388671875,31.330078125,311520.6953125,1236116.1796875,1547636.875,20.1,NVIDIA RTX PRO 6000 Blackwell Server Edition,11.0,2.0,12993.0,97887.0,131.47,35.0
2026-07-31T07:35:26.024496+00:00,3.4,384,14.279296875,33.8388671875,31.330078125,311484.21484375,1236152.66015625,1547636.875,20.1,NVIDIA RTX PRO 6000 Blackwell Server Edition,24.0,6.0,12993.0,97887.0,131.2,35.0
2026-07-31T07:35:27.024656+00:00,3.2,384,14.279296875,33.8388671875,31.330078125,311439.74609375,1236197.12890625,1547636.875,20.1,NVIDIA RTX PRO 6000 Blackwell Server Edition,21.0,3.0,12993.0,97887.0,163.18,35.0
2026-07-31T07:35:28.024768+00:00,3.2,384,14.279296875,33.8388671875,31.330078125,311394.78125,1236242.09375,1547636.875,20.1,NVIDIA RTX PRO 6000 Blackwell Server Edition,15.0,3.0,12993.0,97887.0,125.83,35.0
2026-07-31T07:35:29.024924+00:00,3.2,384,13.8564453125,33.42626953125,31.2099609375,311381.62890625,1236255.24609375,1547636.875,20.1,NVIDIA RTX PRO 6000 Blackwell Server Edition,18.0,3.0,12993.0,97887.0,130.08,35.0
2026-07-31T07:35:30.025046+00:00,3.0,384,13.8564453125,33.42626953125,31.2099609375,311366.27734375,1236270.59765625,1547636.875,20.1,NVIDIA RTX PRO 6000 Blackwell Server Edition,4.0,1.0,12993.0,97887.0,111.14,34.0
2026-07-31T07:35:31.025148+00:00,3.3,384,13.8564453125,33.42626953125,31.2099609375,311364.03515625,1236272.83984375,1547636.875,20.1,NVIDIA RTX PRO 6000 Blackwell Server Edition,7.0,2.0,2223.0,97887.0,101.32,34.0
2026-07-31T07:35:32.025254+00:00,8.5,384,13.8564453125,33.42626953125,31.2099609375,311278.17578125,1236358.69921875,1547636.875,20.1,NVIDIA RTX PRO 6000 Blackwell Server Edition,0.0,0.0,2223.0,97887.0,102.93,33.0
2026-07-31T07:35:33.025479+00:00,17.2,384,13.8564453125,33.42626953125,31.2099609375,311622.96875,1236013.90625,1547636.875,20.1,NVIDIA RTX PRO 6000 Blackwell Server Edition,0.0,0.0,2223.0,97887.0,90.72,33.0
2026-07-31T07:35:34.025600+00:00,13.3,384,13.78759765625,33.0869140625,31.11181640625,311614.8359375,1236022.0390625,1547636.875,20.1,NVIDIA RTX PRO 6000 Blackwell Server Edition,0.0,0.0,2225.0,97887.0,91.44,33.0
2026-07-31T07:35:35.025670+00:00,13.2,384,13.78759765625,33.0869140625,31.11181640625,311521.84765625,1236115.02734375,1547636.875,20.1,NVIDIA RTX PRO 6000 Blackwell Server Edition,0.0,0.0,2275.0,97887.0,98.47,33.0
2026-07-31T07:35:36.025739+00:00,13.7,384,13.78759765625,33.0869140625,31.11181640625,311374.5,1236262.375,1547636.875,20.1,NVIDIA RTX PRO 6000 Blackwell Server Edition,0.0,0.0,2275.0,97887.0,91.82,33.0
2026-07-31T07:35:37.025856+00:00,13.0,384,13.78759765625,33.0869140625,31.11181640625,311321.26171875,1236315.61328125,1547636.875,20.1,NVIDIA RTX PRO 6000 Blackwell Server Edition,0.0,0.0,2313.0,97887.0,90.25,33.0
2026-07-31T07:35:38.025955+00:00,13.5,384,13.78759765625,33.0869140625,31.11181640625,311244.96875,1236391.90625,1547636.875,20.1,NVIDIA RTX PRO 6000 Blackwell Server Edition,0.0,0.0,2327.0,97887.0,90.61,33.0
2026-07-31T07:35:39.026057+00:00,13.1,384,13.56396484375,32.72021484375,31.00341796875,311202.31640625,1236434.55859375,1547636.875,20.1,NVIDIA RTX PRO 6000 Blackwell Server Edition,0.0,0.0,2341.0,97887.0,91.43,33.0
2026-07-31T07:35:40.026220+00:00,10.1,384,13.56396484375,32.72021484375,31.00341796875,311168.58984375,1236468.28515625,1547636.875,20.1,NVIDIA RTX PRO 6000 Blackwell Server Edition,9.0,2.0,2393.0,97887.0,97.6,33.0
2026-07-31T07:35:41.026511+00:00,6.7,384,13.56396484375,32.72021484375,31.00341796875,311130.0546875,1236506.8203125,1547636.875,20.1,NVIDIA RTX PRO 6000 Blackwell Server Edition,3.0,1.0,2531.0,97887.0,105.52,33.0
2026-07-31T07:35:42.026455+00:00,13.5,384,13.56396484375,32.72021484375,31.00341796875,311057.75,1236579.125,1547636.875,20.1,NVIDIA RTX PRO 6000 Blackwell Server Edition,0.0,0.0,2621.0,97887.0,90.07,32.0
2026-07-31T07:35:43.026535+00:00,14.4,384,13.56396484375,32.72021484375,31.00341796875,311002.046875,1236634.828125,1547636.875,20.1,NVIDIA RTX PRO 6000 Blackwell Server Edition,0.0,0.0,2621.0,97887.0,89.25,32.0
2026-07-31T07:35:44.026679+00:00,7.3,384,13.4384765625,32.3759765625,30.90087890625,310909.76171875,1236727.11328125,1547636.875,20.1,NVIDIA RTX PRO 6000 Blackwell Server Edition,10.0,3.0,2621.0,97887.0,92.98,33.0
2026-07-31T07:35:45.026798+00:00,10.7,384,13.4384765625,32.3759765625,30.90087890625,310842.1875,1236794.6875,1547636.875,20.1,NVIDIA RTX PRO 6000 Blackwell Server Edition,0.0,0.0,2747.0,97887.0,98.76,32.0
2026-07-31T07:35:46.026930+00:00,13.2,384,13.4384765625,32.3759765625,30.90087890625,310806.8359375,1236830.0390625,1547636.875,20.1,NVIDIA RTX PRO 6000 Blackwell Server Edition,0.0,0.0,2779.0,97887.0,92.04,32.0
2026-07-31T07:35:47.027045+00:00,13.9,384,13.4384765625,32.3759765625,30.90087890625,310666.4765625,1236970.3984375,1547636.875,20.1,NVIDIA RTX PRO 6000 Blackwell Server Edition,0.0,0.0,2947.0,97887.0,90.58,32.0
2026-07-31T07:35:48.027159+00:00,13.3,384,13.4384765625,32.3759765625,30.90087890625,310614.16015625,1237022.71484375,1547636.875,20.1,NVIDIA RTX PRO 6000 Blackwell Server Edition,0.0,0.0,2947.0,97887.0,91.56,32.0
2026-07-31T07:35:49.027292+00:00,13.3,384,13.0830078125,31.98779296875,30.783203125,310707.02734375,1236929.84765625,1547636.875,20.1,NVIDIA RTX PRO 6000 Blackwell Server Edition,0.0,0.0,2947.0,97887.0,90.54,32.0
2026-07-31T07:35:50.027407+00:00,19.4,384,13.0830078125,31.98779296875,30.783203125,310637.484375,1236999.390625,1547636.875,20.1,NVIDIA RTX PRO 6000 Blackwell Server Edition,0.0,0.0,2947.0,97887.0,89.83,32.0
2026-07-31T07:35:51.027536+00:00,13.3,384,13.0830078125,31.98779296875,30.783203125,310571.35546875,1237065.51953125,1547636.875,20.1,NVIDIA RTX PRO 6000 Blackwell Server Edition,0.0,0.0,3091.0,97887.0,93.45,32.0
2026-07-31T07:35:52.027672+00:00,13.2,384,13.0830078125,31.98779296875,30.783203125,310520.4765625,1237116.3984375,1547636.875,20.1,NVIDIA RTX PRO 6000 Blackwell Server Edition,0.0,0.0,3127.0,97887.0,92.45,32.0
2026-07-31T07:35:53.027754+00:00,13.2,384,13.0830078125,31.98779296875,30.783203125,310436.59375,1237200.28125,1547636.875,20.1,NVIDIA RTX PRO 6000 Blackwell Server Edition,0.0,0.0,3127.0,97887.0,91.73,32.0
2026-07-31T07:35:54.027846+00:00,13.3,384,12.916015625,31.63916015625,30.6767578125,310377.8984375,1237258.9765625,1547636.875,20.1,NVIDIA RTX PRO 6000 Blackwell Server Edition,0.0,0.0,3279.0,97887.0,92.64,32.0
2026-07-31T07:35:55.027941+00:00,13.3,384,12.916015625,31.63916015625,30.6767578125,310350.41796875,1237286.45703125,1547636.875,20.1,NVIDIA RTX PRO 6000 Blackwell Server Edition,0.0,0.0,3317.0,97887.0,91.07,32.0
2026-07-31T07:35:56.028012+00:00,14.0,384,12.916015625,31.63916015625,30.6767578125,310371.99609375,1237264.87890625,1547636.875,20.1,NVIDIA RTX PRO 6000 Blackwell Server Edition,0.0,0.0,3317.0,97887.0,91.98,32.0
2026-07-31T07:35:57.028104+00:00,15.7,384,12.916015625,31.63916015625,30.6767578125,310405.3984375,1237231.4765625,1547636.875,20.1,NVIDIA RTX PRO 6000 Blackwell Server Edition,0.0,0.0,4943.0,97887.0,136.27,32.0
2026-07-31T07:35:58.028203+00:00,13.6,384,12.916015625,31.63916015625,30.6767578125,310371.609375,1237265.265625,1547636.875,20.1,NVIDIA RTX PRO 6000 Blackwell Server Edition,0.0,0.0,4959.0,97887.0,90.7,32.0
2026-07-31T07:35:59.028277+00:00,13.2,384,12.76220703125,31.29638671875,30.57080078125,310328.3359375,1237308.5390625,1547636.875,20.1,NVIDIA RTX PRO 6000 Blackwell Server Edition,0.0,0.0,4959.0,97887.0,89.44,32.0
2026-07-31T07:36:00.028416+00:00,13.2,384,12.76220703125,31.29638671875,30.57080078125,310280.98828125,1237355.88671875,1547636.875,20.0,NVIDIA RTX PRO 6000 Blackwell Server Edition,0.0,0.0,4959.0,97887.0,91.23,32.0
2026-07-31T07:36:01.028510+00:00,13.8,384,12.76220703125,31.29638671875,30.57080078125,310235.6875,1237401.1875,1547636.875,20.0,NVIDIA RTX PRO 6000 Blackwell Server Edition,0.0,0.0,4959.0,97887.0,89.77,32.0
2026-07-31T07:36:02.028587+00:00,13.3,384,12.76220703125,31.29638671875,30.57080078125,310208.14453125,1237428.73046875,1547636.875,20.0,NVIDIA RTX PRO 6000 Blackwell Server Edition,0.0,0.0,4959.0,97887.0,89.54,32.0
2026-07-31T07:36:03.028718+00:00,6.4,384,12.76220703125,31.29638671875,30.57080078125,310167.87890625,1237468.99609375,1547636.875,20.0,NVIDIA RTX PRO 6000 Blackwell Server Edition,0.0,0.0,4959.0,97887.0,92.96,31.0
2026-07-31T07:36:04.028810+00:00,12.8,384,12.46044921875,30.92578125,30.45458984375,310141.11328125,1237495.76171875,1547636.875,20.0,NVIDIA RTX PRO 6000 Blackwell Server Edition,0.0,0.0,4959.0,97887.0,91.24,32.0
2026-07-31T07:36:05.028882+00:00,13.8,384,12.46044921875,30.92578125,30.45458984375,310120.26953125,1237516.60546875,1547636.875,20.0,NVIDIA RTX PRO 6000 Blackwell Server Edition,0.0,0.0,4959.0,97887.0,88.6,31.0
2026-07-31T07:36:06.029062+00:00,13.4,384,12.46044921875,30.92578125,30.45458984375,310107.67578125,1237529.19921875,1547636.875,20.0,NVIDIA RTX PRO 6000 Blackwell Server Edition,0.0,0.0,4959.0,97887.0,88.51,31.0
2026-07-31T07:36:07.029247+00:00,13.4,384,12.46044921875,30.92578125,30.45458984375,310078.76171875,1237558.11328125,1547636.875,20.0,NVIDIA RTX PRO 6000 Blackwell Server Edition,0.0,0.0,4959.0,97887.0,89.15,31.0
2026-07-31T07:36:08.029480+00:00,12.8,384,12.46044921875,30.92578125,30.45458984375,310070.84375,1237566.03125,1547636.875,20.0,NVIDIA RTX PRO 6000 Blackwell Server Edition,0.0,0.0,4959.0,97887.0,92.35,31.0
2026-07-31T07:36:09.029546+00:00,13.9,384,12.6640625,30.6611328125,30.37109375,310042.9140625,1237593.9609375,1547636.875,20.0,NVIDIA RTX PRO 6000 Blackwell Server Edition,0.0,0.0,4959.0,97887.0,89.99,31.0
2026-07-31T07:36:10.029646+00:00,13.2,384,12.6640625,30.6611328125,30.37109375,310002.01953125,1237634.85546875,1547636.875,20.0,NVIDIA RTX PRO 6000 Blackwell Server Edition,0.0,0.0,4959.0,97887.0,90.31,31.0
2026-07-31T07:36:11.029738+00:00,14.0,384,12.6640625,30.6611328125,30.37109375,309965.2265625,1237671.6484375,1547636.875,20.0,NVIDIA RTX PRO 6000 Blackwell Server Edition,0.0,0.0,4959.0,97887.0,90.09,31.0
2026-07-31T07:36:12.029834+00:00,13.4,384,12.6640625,30.6611328125,30.37109375,309973.8984375,1237662.9765625,1547636.875,20.0,NVIDIA RTX PRO 6000 Blackwell Server Edition,0.0,0.0,4959.0,97887.0,91.18,31.0
2026-07-31T07:36:13.029975+00:00,13.9,384,12.6640625,30.6611328125,30.37109375,309959.69140625,1237677.18359375,1547636.875,20.0,NVIDIA RTX PRO 6000 Blackwell Server Edition,0.0,0.0,4959.0,97887.0,88.86,31.0
2026-07-31T07:36:14.030094+00:00,14.5,384,12.53076171875,30.33447265625,30.2666015625,309939.6953125,1237697.1796875,1547636.875,20.0,NVIDIA RTX PRO 6000 Blackwell Server Edition,0.0,0.0,4959.0,97887.0,90.22,31.0
2026-07-31T07:36:15.030254+00:00,13.3,384,12.53076171875,30.33447265625,30.2666015625,309913.7734375,1237723.1015625,1547636.875,20.0,NVIDIA RTX PRO 6000 Blackwell Server Edition,0.0,0.0,4959.0,97887.0,89.18,31.0
2026-07-31T07:36:16.030544+00:00,13.3,384,12.53076171875,30.33447265625,30.2666015625,309921.9296875,1237714.9453125,1547636.875,20.0,NVIDIA RTX PRO 6000 Blackwell Server Edition,0.0,0.0,4959.0,97887.0,89.32,31.0
2026-07-31T07:36:17.030694+00:00,12.9,384,12.53076171875,30.33447265625,30.2666015625,309890.28515625,1237746.58984375,1547636.875,20.0,NVIDIA RTX PRO 6000 Blackwell Server Edition,0.0,0.0,4959.0,97887.0,93.0,31.0
2026-07-31T07:36:18.030829+00:00,14.3,384,12.53076171875,30.33447265625,30.2666015625,309877.1171875,1237759.7578125,1547636.875,20.0,NVIDIA RTX PRO 6000 Blackwell Server Edition,0.0,0.0,4959.0,97887.0,89.38,31.0
2026-07-31T07:36:19.030938+00:00,13.3,384,12.40771484375,30.01318359375,30.1630859375,309890.625,1237746.25,1547636.875,20.0,NVIDIA RTX PRO 6000 Blackwell Server Edition,0.0,0.0,4959.0,97887.0,91.05,31.0
2026-07-31T07:36:20.031089+00:00,14.6,384,12.40771484375,30.01318359375,30.1630859375,309855.64453125,1237781.23046875,1547636.875,20.0,NVIDIA RTX PRO 6000 Blackwell Server Edition,0.0,0.0,4959.0,97887.0,90.9,31.0
2026-07-31T07:36:21.031196+00:00,13.3,384,12.40771484375,30.01318359375,30.1630859375,309959.90234375,1237676.97265625,1547636.875,20.0,NVIDIA RTX PRO 6000 Blackwell Server Edition,0.0,0.0,4959.0,97887.0,89.77,31.0
2026-07-31T07:36:22.031282+00:00,14.3,384,12.40771484375,30.01318359375,30.1630859375,309965.2890625,1237671.5859375,1547636.875,20.0,NVIDIA RTX PRO 6000 Blackwell Server Edition,0.0,0.0,4959.0,97887.0,91.2,31.0
2026-07-31T07:36:23.031372+00:00,13.3,384,12.40771484375,30.01318359375,30.1630859375,309977.8828125,1237658.9921875,1547636.875,20.0,NVIDIA RTX PRO 6000 Blackwell Server Edition,0.0,0.0,4959.0,97887.0,92.63,31.0
2026-07-31T07:36:24.031467+00:00,14.1,384,12.134765625,29.6640625,30.04931640625,309946.0625,1237690.8125,1547636.875,20.0,NVIDIA RTX PRO 6000 Blackwell Server Edition,0.0,0.0,4959.0,97887.0,90.91,31.0
2026-07-31T07:36:25.031568+00:00,13.4,384,12.134765625,29.6640625,30.04931640625,309951.2890625,1237685.5859375,1547636.875,20.0,NVIDIA RTX PRO 6000 Blackwell Server Edition,0.0,0.0,4959.0,97887.0,89.9,31.0
2026-07-31T07:36:26.031662+00:00,14.0,384,12.134765625,29.6640625,30.04931640625,309911.0,1237725.875,1547636.875,20.0,NVIDIA RTX PRO 6000 Blackwell Server Edition,0.0,0.0,4959.0,97887.0,89.96,31.0
2026-07-31T07:36:27.031752+00:00,16.7,384,12.134765625,29.6640625,30.04931640625,310054.85546875,1237582.01953125,1547636.875,20.0,NVIDIA RTX PRO 6000 Blackwell Server Edition,0.0,0.0,4959.0,97887.0,90.15,31.0
2026-07-31T07:36:28.031861+00:00,15.7,384,12.134765625,29.6640625,30.04931640625,310505.61328125,1237131.26171875,1547636.875,20.1,NVIDIA RTX PRO 6000 Blackwell Server Edition,0.0,0.0,4959.0,97887.0,91.31,31.0
2026-07-31T07:36:29.031996+00:00,14.1,384,12.04345703125,29.35400390625,29.94677734375,310529.9140625,1237106.9609375,1547636.875,20.1,NVIDIA RTX PRO 6000 Blackwell Server Edition,0.0,0.0,4959.0,97887.0,90.95,31.0
2026-07-31T07:36:30.032136+00:00,14.8,384,12.04345703125,29.35400390625,29.94677734375,310435.41796875,1237201.45703125,1547636.875,20.1,NVIDIA RTX PRO 6000 Blackwell Server Edition,0.0,0.0,4959.0,97887.0,91.4,31.0
2026-07-31T07:36:31.032276+00:00,13.3,384,12.04345703125,29.35400390625,29.94677734375,310428.36328125,1237208.51171875,1547636.875,20.1,NVIDIA RTX PRO 6000 Blackwell Server Edition,0.0,0.0,4959.0,97887.0,88.78,31.0
2026-07-31T07:36:32.032429+00:00,5.9,384,12.04345703125,29.35400390625,29.94677734375,310421.29296875,1237215.58203125,1547636.875,20.1,NVIDIA RTX PRO 6000 Blackwell Server Edition,14.0,4.0,4959.0,97887.0,98.14,31.0
2026-07-31T07:36:33.032571+00:00,9.2,384,12.04345703125,29.35400390625,29.94677734375,310427.3671875,1237209.5078125,1547636.875,20.1,NVIDIA RTX PRO 6000 Blackwell Server Edition,0.0,0.0,4959.0,97887.0,112.51,31.0
2026-07-31T07:36:34.032670+00:00,13.2,384,11.95947265625,29.048828125,29.8447265625,310403.109375,1237233.765625,1547636.875,20.1,NVIDIA RTX PRO 6000 Blackwell Server Edition,0.0,0.0,4959.0,97887.0,92.0,31.0
2026-07-31T07:36:35.032752+00:00,13.4,384,11.95947265625,29.048828125,29.8447265625,310419.63671875,1237217.23828125,1547636.875,20.1,NVIDIA RTX PRO 6000 Blackwell Server Edition,0.0,0.0,4959.0,97887.0,92.46,31.0
2026-07-31T07:36:36.032853+00:00,12.1,384,11.95947265625,29.048828125,29.8447265625,310460.640625,1237176.234375,1547636.875,20.1,NVIDIA RTX PRO 6000 Blackwell Server Edition,0.0,0.0,4959.0,97887.0,100.42,31.0
2026-07-31T07:36:37.032961+00:00,13.7,384,11.95947265625,29.048828125,29.8447265625,310427.41796875,1237209.45703125,1547636.875,20.1,NVIDIA RTX PRO 6000 Blackwell Server Edition,0.0,0.0,4959.0,97887.0,94.29,31.0
2026-07-31T07:36:38.033068+00:00,14.2,384,11.95947265625,29.048828125,29.8447265625,303828.0078125,1243808.8671875,1547636.875,19.6,NVIDIA RTX PRO 6000 Blackwell Server Edition,0.0,0.0,4959.0,97887.0,90.74,31.0
2026-07-31T07:36:39.033204+00:00,13.7,384,12.443359375,28.865234375,29.78076171875,303949.84765625,1243687.02734375,1547636.875,19.6,NVIDIA RTX PRO 6000 Blackwell Server Edition,0.0,0.0,4959.0,97887.0,93.18,31.0
2026-07-31T07:36:40.033469+00:00,11.8,384,12.443359375,28.865234375,29.78076171875,303778.90234375,1243857.97265625,1547636.875,19.6,NVIDIA RTX PRO 6000 Blackwell Server Edition,0.0,0.0,4959.0,97887.0,116.07,31.0
2026-07-31T07:36:41.033592+00:00,14.5,384,12.443359375,28.865234375,29.78076171875,303932.03125,1243704.84375,1547636.875,19.6,NVIDIA RTX PRO 6000 Blackwell Server Edition,0.0,0.0,4959.0,97887.0,95.18,31.0
2026-07-31T07:36:42.033787+00:00,13.8,384,12.443359375,28.865234375,29.78076171875,304165.90625,1243470.96875,1547636.875,19.7,NVIDIA RTX PRO 6000 Blackwell Server Edition,0.0,0.0,4959.0,97887.0,91.99,31.0
2026-07-31T07:36:43.033949+00:00,10.5,384,12.443359375,28.865234375,29.78076171875,304089.5859375,1243547.2890625,1547636.875,19.6,NVIDIA RTX PRO 6000 Blackwell Server Edition,15.0,6.0,4959.0,97887.0,106.57,31.0
2026-07-31T07:36:44.034101+00:00,13.3,384,12.32763671875,28.568359375,29.6796875,304076.42578125,1243560.44921875,1547636.875,19.6,NVIDIA RTX PRO 6000 Blackwell Server Edition,0.0,0.0,4959.0,97887.0,90.93,31.0
2026-07-31T07:36:45.034208+00:00,14.1,384,12.32763671875,28.568359375,29.6796875,304023.91015625,1243612.96484375,1547636.875,19.6,NVIDIA RTX PRO 6000 Blackwell Server Edition,0.0,0.0,4959.0,97887.0,87.61,31.0
2026-07-31T07:36:46.034296+00:00,13.3,384,12.32763671875,28.568359375,29.6796875,304072.15625,1243564.71875,1547636.875,19.6,NVIDIA RTX PRO 6000 Blackwell Server Edition,0.0,0.0,4959.0,97887.0,130.48,31.0
2026-07-31T07:46:50.221852+00:00,43.8,384,53.16162109375,25.505859375,25.23291015625,251850.99609375,1295785.87890625,1547636.875,16.3,NVIDIA RTX PRO 6000 Blackwell Server Edition,0.0,0.0,0.0,97887.0,28.99,26.0
2026-07-31T07:46:51.222007+00:00,13.3,384,53.16162109375,25.505859375,25.23291015625,251831.2890625,1295805.5859375,1547636.875,16.3,NVIDIA RTX PRO 6000 Blackwell Server Edition,0.0,0.0,0.0,97887.0,28.96,26.0
2026-07-31T07:46:52.222140+00:00,13.2,384,53.16162109375,25.505859375,25.23291015625,251886.9140625,1295749.9609375,1547636.875,16.3,NVIDIA RTX PRO 6000 Blackwell Server Edition,0.0,0.0,0.0,97887.0,28.95,26.0
2026-07-31T07:46:53.222238+00:00,13.2,384,53.16162109375,25.505859375,25.23291015625,251923.7734375,1295713.1015625,1547636.875,16.3,NVIDIA RTX PRO 6000 Blackwell Server Edition,0.0,0.0,0.0,97887.0,28.56,26.0
2026-07-31T07:46:54.222403+00:00,12.9,384,65.24072265625,28.46923828125,26.193359375,251955.89453125,1295680.98046875,1547636.875,16.3,NVIDIA RTX PRO 6000 Blackwell Server Edition,0.0,0.0,0.0,97887.0,28.75,26.0
2026-07-31T07:46:55.222397+00:00,13.2,384,65.24072265625,28.46923828125,26.193359375,252024.796875,1295612.078125,1547636.875,16.3,NVIDIA RTX PRO 6000 Blackwell Server Edition,0.0,0.0,0.0,97887.0,28.99,26.0
2026-07-31T07:46:56.222502+00:00,13.3,384,65.24072265625,28.46923828125,26.193359375,251996.85546875,1295640.01953125,1547636.875,16.3,NVIDIA RTX PRO 6000 Blackwell Server Edition,0.0,0.0,0.0,97887.0,29.04,26.0
2026-07-31T07:46:57.222596+00:00,13.8,384,65.24072265625,28.46923828125,26.193359375,252033.05859375,1295603.81640625,1547636.875,16.3,NVIDIA RTX PRO 6000 Blackwell Server Edition,0.0,0.0,0.0,97887.0,29.04,26.0
2026-07-31T07:46:58.222680+00:00,13.3,384,65.24072265625,28.46923828125,26.193359375,252079.10546875,1295557.76953125,1547636.875,16.3,NVIDIA RTX PRO 6000 Blackwell Server Edition,0.0,0.0,0.0,97887.0,28.95,26.0
2026-07-31T07:46:59.222766+00:00,13.3,384,76.1923828125,31.3505859375,27.1376953125,251935.65625,1295701.21875,1547636.875,16.3,NVIDIA RTX PRO 6000 Blackwell Server Edition,0.0,0.0,0.0,97887.0,28.99,26.0
2026-07-31T07:47:00.222827+00:00,13.1,384,76.1923828125,31.3505859375,27.1376953125,252001.58203125,1295635.29296875,1547636.875,16.3,NVIDIA RTX PRO 6000 Blackwell Server Edition,0.0,0.0,0.0,97887.0,29.06,26.0
2026-07-31T07:47:01.222920+00:00,14.8,384,76.1923828125,31.3505859375,27.1376953125,251922.30859375,1295714.56640625,1547636.875,16.3,NVIDIA RTX PRO 6000 Blackwell Server Edition,0.0,0.0,0.0,97887.0,29.06,26.0
2026-07-31T07:47:02.223009+00:00,13.1,384,76.1923828125,31.3505859375,27.1376953125,251945.51953125,1295691.35546875,1547636.875,16.3,NVIDIA RTX PRO 6000 Blackwell Server Edition,0.0,0.0,0.0,97887.0,28.96,26.0
2026-07-31T07:47:03.223070+00:00,13.2,384,76.1923828125,31.3505859375,27.1376953125,252016.29296875,1295620.58203125,1547636.875,16.3,NVIDIA RTX PRO 6000 Blackwell Server Edition,0.0,0.0,0.0,97887.0,29.0,26.0
2026-07-31T07:47:04.223127+00:00,13.2,384,86.42724609375,34.21728515625,28.087890625,252097.80859375,1295539.06640625,1547636.875,16.3,NVIDIA RTX PRO 6000 Blackwell Server Edition,0.0,0.0,0.0,97887.0,29.04,26.0
2026-07-31T07:47:05.223209+00:00,13.6,384,86.42724609375,34.21728515625,28.087890625,252123.73828125,1295513.13671875,1547636.875,16.3,NVIDIA RTX PRO 6000 Blackwell Server Edition,0.0,0.0,0.0,97887.0,29.04,26.0
2026-07-31T07:47:06.223314+00:00,14.2,384,86.42724609375,34.21728515625,28.087890625,252157.15234375,1295479.72265625,1547636.875,16.3,NVIDIA RTX PRO 6000 Blackwell Server Edition,0.0,0.0,0.0,97887.0,29.04,26.0
2026-07-31T07:47:07.223410+00:00,13.2,384,86.42724609375,34.21728515625,28.087890625,252190.65234375,1295446.22265625,1547636.875,16.3,NVIDIA RTX PRO 6000 Blackwell Server Edition,0.0,0.0,0.0,97887.0,29.04,26.0
2026-07-31T07:47:08.223493+00:00,14.1,384,86.42724609375,34.21728515625,28.087890625,252274.97265625,1295361.90234375,1547636.875,16.3,NVIDIA RTX PRO 6000 Blackwell Server Edition,0.0,0.0,0.0,97887.0,28.95,26.0
2026-07-31T07:47:09.223562+00:00,13.1,384,95.52197265625,36.9697265625,29.01171875,252378.31640625,1295258.55859375,1547636.875,16.3,NVIDIA RTX PRO 6000 Blackwell Server Edition,0.0,0.0,0.0,97887.0,29.0,26.0
2026-07-31T07:47:10.223637+00:00,13.2,384,95.52197265625,36.9697265625,29.01171875,252378.8125,1295258.0625,1547636.875,16.3,NVIDIA RTX PRO 6000 Blackwell Server Edition,0.0,0.0,0.0,97887.0,29.04,26.0
2026-07-31T07:47:11.223731+00:00,13.1,384,95.52197265625,36.9697265625,29.01171875,252391.1171875,1295245.7578125,1547636.875,16.3,NVIDIA RTX PRO 6000 Blackwell Server Edition,0.0,0.0,0.0,97887.0,29.04,26.0
2026-07-31T07:47:12.223876+00:00,3.2,384,95.52197265625,36.9697265625,29.01171875,252507.2421875,1295129.6328125,1547636.875,16.3,NVIDIA RTX PRO 6000 Blackwell Server Edition,0.0,0.0,0.0,97887.0,29.06,26.0
2026-07-31T07:47:13.223941+00:00,2.9,384,95.52197265625,36.9697265625,29.01171875,252704.8671875,1294932.0078125,1547636.875,16.3,NVIDIA RTX PRO 6000 Blackwell Server Edition,0.0,0.0,0.0,97887.0,29.31,26.0
2026-07-31T07:47:14.224069+00:00,2.0,384,88.51318359375,36.48876953125,28.8984375,253096.3671875,1294540.5078125,1547636.875,16.4,NVIDIA RTX PRO 6000 Blackwell Server Edition,0.0,0.0,0.0,97887.0,29.3,26.0
2026-07-31T07:47:15.224151+00:00,8.8,384,88.51318359375,36.48876953125,28.8984375,254056.8515625,1293580.0234375,1547636.875,16.4,NVIDIA RTX PRO 6000 Blackwell Server Edition,0.0,0.0,0.0,97887.0,29.45,26.0
2026-07-31T07:47:16.400691+00:00,12.3,384,88.51318359375,36.48876953125,28.8984375,255869.81640625,1291767.05859375,1547636.875,16.5,NVIDIA RTX PRO 6000 Blackwell Server Edition,0.0,0.0,0.0,97887.0,29.0,26.0
2026-07-31T07:47:17.604359+00:00,13.5,384,88.51318359375,36.48876953125,28.8984375,255941.9375,1291694.9375,1547636.875,16.5,NVIDIA RTX PRO 6000 Blackwell Server Edition,0.0,0.0,0.0,97887.0,29.53,26.0
2026-07-31T07:47:18.604432+00:00,14.0,384,88.51318359375,36.48876953125,28.8984375,255955.46875,1291681.40625,1547636.875,16.5,NVIDIA RTX PRO 6000 Blackwell Server Edition,0.0,0.0,0.0,97887.0,29.53,26.0
2026-07-31T07:47:20.013874+00:00,14.8,384,82.3857421875,36.08203125,28.8076171875,256508.28125,1291128.59375,1547636.875,16.6,NVIDIA RTX PRO 6000 Blackwell Server Edition,0.0,0.0,0.0,97887.0,29.53,26.0
2026-07-31T07:47:21.013950+00:00,14.5,384,82.3857421875,36.08203125,28.8076171875,256460.37890625,1291176.49609375,1547636.875,16.6,NVIDIA RTX PRO 6000 Blackwell Server Edition,0.0,0.0,0.0,97887.0,30.02,26.0
2026-07-31T07:47:22.014030+00:00,12.8,384,82.3857421875,36.08203125,28.8076171875,256522.1484375,1291114.7265625,1547636.875,16.6,NVIDIA RTX PRO 6000 Blackwell Server Edition,0.0,0.0,0.0,97887.0,30.02,26.0
2026-07-31T07:47:23.014158+00:00,13.5,384,82.3857421875,36.08203125,28.8076171875,256416.76171875,1291220.11328125,1547636.875,16.6,NVIDIA RTX PRO 6000 Blackwell Server Edition,0.0,0.0,0.0,97887.0,30.02,26.0
2026-07-31T07:47:24.014304+00:00,13.5,384,82.3857421875,36.08203125,28.8076171875,256546.22265625,1291090.65234375,1547636.875,16.6,NVIDIA RTX PRO 6000 Blackwell Server Edition,0.0,0.0,0.0,97887.0,30.27,26.0
2026-07-31T07:47:25.014434+00:00,13.7,384,92.44482421875,38.9365234375,29.7705078125,256541.3828125,1291095.4921875,1547636.875,16.6,NVIDIA RTX PRO 6000 Blackwell Server Edition,0.0,0.0,0.0,97887.0,30.51,26.0
2026-07-31T07:47:26.014582+00:00,13.3,384,92.44482421875,38.9365234375,29.7705078125,256591.45703125,1291045.41796875,1547636.875,16.6,NVIDIA RTX PRO 6000 Blackwell Server Edition,0.0,0.0,0.0,97887.0,30.02,26.0
2026-07-31T07:47:27.014724+00:00,13.5,384,92.44482421875,38.9365234375,29.7705078125,256638.8359375,1290998.0390625,1547636.875,16.6,NVIDIA RTX PRO 6000 Blackwell Server Edition,0.0,0.0,0.0,97887.0,29.04,26.0
2026-07-31T07:47:28.014860+00:00,13.1,384,92.44482421875,38.9365234375,29.7705078125,256657.75390625,1290979.12109375,1547636.875,16.6,NVIDIA RTX PRO 6000 Blackwell Server Edition,0.0,0.0,0.0,97887.0,29.04,26.0
2026-07-31T07:47:29.015047+00:00,5.1,384,92.44482421875,38.9365234375,29.7705078125,257040.08203125,1290596.79296875,1547636.875,16.6,NVIDIA RTX PRO 6000 Blackwell Server Edition,0.0,0.0,0.0,97887.0,28.94,26.0
2026-07-31T07:47:30.015177+00:00,3.6,384,86.3232421875,38.5556640625,29.6962890625,259430.92578125,1288205.94921875,1547636.875,16.8,NVIDIA RTX PRO 6000 Blackwell Server Edition,0.0,0.0,0.0,97887.0,28.99,26.0
2026-07-31T07:47:31.015404+00:00,3.7,384,86.3232421875,38.5556640625,29.6962890625,263525.89453125,1284110.98046875,1547636.875,17.0,NVIDIA RTX PRO 6000 Blackwell Server Edition,0.0,0.0,0.0,97887.0,29.45,26.0
2026-07-31T07:47:32.015489+00:00,3.4,384,86.3232421875,38.5556640625,29.6962890625,265704.390625,1281932.484375,1547636.875,17.2,NVIDIA RTX PRO 6000 Blackwell Server Edition,0.0,0.0,0.0,97887.0,28.94,26.0
2026-07-31T07:47:33.015619+00:00,3.0,384,86.3232421875,38.5556640625,29.6962890625,266746.27734375,1280890.59765625,1547636.875,17.2,NVIDIA RTX PRO 6000 Blackwell Server Edition,0.0,0.0,0.0,97887.0,29.45,26.0
2026-07-31T07:47:34.015748+00:00,4.4,384,86.3232421875,38.5556640625,29.6962890625,266405.7578125,1281231.1171875,1547636.875,17.2,NVIDIA RTX PRO 6000 Blackwell Server Edition,0.0,0.0,0.0,97887.0,29.26,26.0
2026-07-31T07:47:35.015875+00:00,3.3,384,80.931640625,38.23095703125,29.638671875,266973.05078125,1280663.82421875,1547636.875,17.3,NVIDIA RTX PRO 6000 Blackwell Server Edition,0.0,0.0,0.0,97887.0,29.05,26.0
2026-07-31T07:47:36.016004+00:00,3.0,384,80.931640625,38.23095703125,29.638671875,267677.5859375,1279959.2890625,1547636.875,17.3,NVIDIA RTX PRO 6000 Blackwell Server Edition,0.0,0.0,0.0,97887.0,29.0,26.0
2026-07-31T07:47:37.016122+00:00,3.2,384,80.931640625,38.23095703125,29.638671875,267447.9296875,1280188.9453125,1547636.875,17.3,NVIDIA RTX PRO 6000 Blackwell Server Edition,0.0,0.0,0.0,97887.0,29.43,26.0
2026-07-31T07:47:38.016273+00:00,4.5,384,80.931640625,38.23095703125,29.638671875,268730.7734375,1278906.1015625,1547636.875,17.4,NVIDIA RTX PRO 6000 Blackwell Server Edition,0.0,0.0,0.0,97887.0,29.24,26.0
2026-07-31T07:47:39.016401+00:00,3.0,384,80.931640625,38.23095703125,29.638671875,269524.2890625,1278112.5859375,1547636.875,17.4,NVIDIA RTX PRO 6000 Blackwell Server Edition,0.0,0.0,0.0,97887.0,28.95,26.0
2026-07-31T07:47:40.016531+00:00,3.2,384,75.25146484375,37.76220703125,29.53271484375,267930.5,1279706.375,1547636.875,17.3,NVIDIA RTX PRO 6000 Blackwell Server Edition,0.0,0.0,0.0,97887.0,28.94,26.0
2026-07-31T07:47:41.016661+00:00,3.2,384,75.25146484375,37.76220703125,29.53271484375,268841.43359375,1278795.44140625,1547636.875,17.4,NVIDIA RTX PRO 6000 Blackwell Server Edition,0.0,0.0,3.0,97887.0,30.3,26.0
2026-07-31T07:47:42.016794+00:00,3.4,384,75.25146484375,37.76220703125,29.53271484375,270063.90625,1277572.96875,1547636.875,17.5,NVIDIA RTX PRO 6000 Blackwell Server Edition,16.0,1.0,1537.0,97887.0,58.14,27.0
2026-07-31T07:47:43.016965+00:00,4.1,384,75.25146484375,37.76220703125,29.53271484375,270492.33984375,1277144.53515625,1547636.875,17.5,NVIDIA RTX PRO 6000 Blackwell Server Edition,0.0,0.0,1625.0,97887.0,84.28,27.0
2026-07-31T07:47:44.017049+00:00,10.2,384,75.25146484375,37.76220703125,29.53271484375,269806.61328125,1277830.26171875,1547636.875,17.4,NVIDIA RTX PRO 6000 Blackwell Server Edition,0.0,0.0,1635.0,97887.0,83.78,27.0
2026-07-31T07:47:45.017165+00:00,13.4,384,69.78564453125,37.25146484375,29.41162109375,269958.5078125,1277678.3671875,1547636.875,17.4,NVIDIA RTX PRO 6000 Blackwell Server Edition,0.0,0.0,1635.0,97887.0,84.08,28.0
2026-07-31T07:47:46.017448+00:00,13.4,384,69.78564453125,37.25146484375,29.41162109375,270118.58984375,1277518.28515625,1547636.875,17.5,NVIDIA RTX PRO 6000 Blackwell Server Edition,0.0,0.0,1635.0,97887.0,82.68,28.0
2026-07-31T07:47:47.017555+00:00,5.7,384,69.78564453125,37.25146484375,29.41162109375,271818.05859375,1275818.81640625,1547636.875,17.6,NVIDIA RTX PRO 6000 Blackwell Server Edition,0.0,0.0,1635.0,97887.0,82.41,28.0
2026-07-31T07:47:48.017713+00:00,3.1,384,69.78564453125,37.25146484375,29.41162109375,273587.9140625,1274048.9609375,1547636.875,17.7,NVIDIA RTX PRO 6000 Blackwell Server Edition,0.0,0.0,1635.0,97887.0,83.12,28.0
2026-07-31T07:47:49.017829+00:00,3.3,384,69.78564453125,37.25146484375,29.41162109375,273581.4609375,1274055.4140625,1547636.875,17.7,NVIDIA RTX PRO 6000 Blackwell Server Edition,1.0,0.0,3161.0,97887.0,86.32,28.0
2026-07-31T07:47:50.018013+00:00,4.1,384,65.23828125,36.8486328125,29.3232421875,274906.34765625,1272730.52734375,1547636.875,17.8,NVIDIA RTX PRO 6000 Blackwell Server Edition,7.0,2.0,3177.0,97887.0,97.19,29.0
2026-07-31T07:47:51.018136+00:00,4.1,384,65.23828125,36.8486328125,29.3232421875,276308.0234375,1271328.8515625,1547636.875,17.9,NVIDIA RTX PRO 6000 Blackwell Server Edition,12.0,8.0,3495.0,97887.0,151.13,31.0
2026-07-31T07:47:52.018252+00:00,3.3,384,65.23828125,36.8486328125,29.3232421875,275936.19140625,1271700.68359375,1547636.875,17.8,NVIDIA RTX PRO 6000 Blackwell Server Edition,1.0,0.0,3495.0,97887.0,115.34,31.0
2026-07-31T07:47:53.018373+00:00,3.5,384,65.23828125,36.8486328125,29.3232421875,277124.94921875,1270511.92578125,1547636.875,17.9,NVIDIA RTX PRO 6000 Blackwell Server Edition,8.0,2.0,3495.0,97887.0,126.03,29.0
2026-07-31T07:47:54.018481+00:00,3.4,384,65.23828125,36.8486328125,29.3232421875,277644.15234375,1269992.72265625,1547636.875,17.9,NVIDIA RTX PRO 6000 Blackwell Server Edition,2.0,1.0,3495.0,97887.0,114.57,30.0
2026-07-31T07:47:55.018603+00:00,3.5,384,61.21484375,36.48583984375,29.24609375,279272.4765625,1268364.3984375,1547636.875,18.0,NVIDIA RTX PRO 6000 Blackwell Server Edition,27.0,16.0,3495.0,97887.0,135.92,30.0
2026-07-31T07:47:56.018720+00:00,3.8,384,61.21484375,36.48583984375,29.24609375,278381.546875,1269255.328125,1547636.875,18.0,NVIDIA RTX PRO 6000 Blackwell Server Edition,0.0,0.0,3495.0,97887.0,123.14,30.0
2026-07-31T07:47:57.018846+00:00,3.8,384,61.21484375,36.48583984375,29.24609375,279682.453125,1267954.421875,1547636.875,18.1,NVIDIA RTX PRO 6000 Blackwell Server Edition,16.0,10.0,3495.0,97887.0,132.74,31.0
2026-07-31T07:47:58.018972+00:00,4.5,384,61.21484375,36.48583984375,29.24609375,279783.94921875,1267852.92578125,1547636.875,18.1,NVIDIA RTX PRO 6000 Blackwell Server Edition,14.0,9.0,3495.0,97887.0,128.21,30.0
2026-07-31T07:47:59.019127+00:00,3.9,384,61.21484375,36.48583984375,29.24609375,280593.15625,1267043.71875,1547636.875,18.1,NVIDIA RTX PRO 6000 Blackwell Server Edition,0.0,0.0,3495.0,97887.0,125.62,31.0
2026-07-31T07:48:00.019236+00:00,3.9,384,57.833984375,36.1953125,29.19091796875,281333.7265625,1266303.1484375,1547636.875,18.2,NVIDIA RTX PRO 6000 Blackwell Server Edition,0.0,0.0,3907.0,97887.0,130.26,31.0
2026-07-31T07:48:01.019435+00:00,3.4,384,57.833984375,36.1953125,29.19091796875,282751.00390625,1264885.87109375,1547636.875,18.3,NVIDIA RTX PRO 6000 Blackwell Server Edition,0.0,0.0,3907.0,97887.0,99.91,30.0
2026-07-31T07:48:02.019644+00:00,4.8,384,57.833984375,36.1953125,29.19091796875,284660.58984375,1262976.28515625,1547636.875,18.4,NVIDIA RTX PRO 6000 Blackwell Server Edition,0.0,0.0,3907.0,97887.0,103.53,30.0
2026-07-31T07:48:03.019785+00:00,3.4,384,57.833984375,36.1953125,29.19091796875,285242.69921875,1262394.17578125,1547636.875,18.4,NVIDIA RTX PRO 6000 Blackwell Server Edition,18.0,9.0,4395.0,97887.0,136.26,31.0
2026-07-31T07:48:04.019903+00:00,3.5,384,57.833984375,36.1953125,29.19091796875,285516.3671875,1262120.5078125,1547636.875,18.4,NVIDIA RTX PRO 6000 Blackwell Server Edition,13.0,7.0,4711.0,97887.0,141.82,32.0
2026-07-31T07:48:05.020012+00:00,3.6,384,54.32373046875,35.82666015625,29.10888671875,285591.02734375,1262045.84765625,1547636.875,18.5,NVIDIA RTX PRO 6000 Blackwell Server Edition,1.0,0.0,4711.0,97887.0,94.15,30.0
2026-07-31T07:48:06.020143+00:00,3.6,384,54.32373046875,35.82666015625,29.10888671875,287340.55859375,1260296.31640625,1547636.875,18.6,NVIDIA RTX PRO 6000 Blackwell Server Edition,97.0,52.0,5471.0,97887.0,158.99,33.0
2026-07-31T07:48:07.020290+00:00,4.3,384,54.32373046875,35.82666015625,29.10888671875,287542.39453125,1260094.48046875,1547636.875,18.6,NVIDIA RTX PRO 6000 Blackwell Server Edition,7.0,3.0,5491.0,97887.0,113.19,31.0
2026-07-31T07:48:08.020439+00:00,3.2,384,54.32373046875,35.82666015625,29.10888671875,286321.390625,1261315.484375,1547636.875,18.5,NVIDIA RTX PRO 6000 Blackwell Server Edition,12.0,4.0,5491.0,97887.0,111.77,31.0
2026-07-31T07:48:09.020668+00:00,3.8,384,54.32373046875,35.82666015625,29.10888671875,286802.6953125,1260834.1796875,1547636.875,18.5,NVIDIA RTX PRO 6000 Blackwell Server Edition,6.0,2.0,5491.0,97887.0,96.02,31.0
2026-07-31T07:48:10.020790+00:00,4.5,384,51.01416015625,35.447265625,29.02197265625,288294.24609375,1259342.62890625,1547636.875,18.6,NVIDIA RTX PRO 6000 Blackwell Server Edition,13.0,6.0,5491.0,97887.0,115.1,31.0
2026-07-31T07:48:11.020940+00:00,3.1,384,51.01416015625,35.447265625,29.02197265625,288731.23828125,1258905.63671875,1547636.875,18.7,NVIDIA RTX PRO 6000 Blackwell Server Edition,8.0,3.0,5491.0,97887.0,115.37,31.0
2026-07-31T07:48:12.021078+00:00,3.2,384,51.01416015625,35.447265625,29.02197265625,288114.9140625,1259521.9609375,1547636.875,18.6,NVIDIA RTX PRO 6000 Blackwell Server Edition,3.0,1.0,5491.0,97887.0,95.63,31.0
2026-07-31T07:48:13.021208+00:00,4.4,384,51.01416015625,35.447265625,29.02197265625,290512.34765625,1257124.52734375,1547636.875,18.8,NVIDIA RTX PRO 6000 Blackwell Server Edition,1.0,0.0,5491.0,97887.0,99.84,31.0
2026-07-31T07:48:14.021407+00:00,3.3,384,51.01416015625,35.447265625,29.02197265625,291894.98046875,1255741.89453125,1547636.875,18.9,NVIDIA RTX PRO 6000 Blackwell Server Edition,21.0,12.0,5501.0,97887.0,102.71,32.0
2026-07-31T07:48:15.021434+00:00,3.2,384,47.7294921875,35.0244140625,28.91943359375,292207.34375,1255429.53125,1547636.875,18.9,NVIDIA RTX PRO 6000 Blackwell Server Edition,9.0,5.0,5509.0,97887.0,117.59,32.0
2026-07-31T07:48:16.021542+00:00,3.1,384,47.7294921875,35.0244140625,28.91943359375,291579.11328125,1256057.76171875,1547636.875,18.8,NVIDIA RTX PRO 6000 Blackwell Server Edition,15.0,8.0,5509.0,97887.0,127.01,31.0
2026-07-31T07:48:17.021706+00:00,3.4,384,47.7294921875,35.0244140625,28.91943359375,291499.50390625,1256137.37109375,1547636.875,18.8,NVIDIA RTX PRO 6000 Blackwell Server Edition,0.0,0.0,5509.0,97887.0,86.63,31.0
2026-07-31T07:48:18.021889+00:00,3.7,384,47.7294921875,35.0244140625,28.91943359375,293149.8515625,1254487.0234375,1547636.875,18.9,NVIDIA RTX PRO 6000 Blackwell Server Edition,18.0,9.0,5509.0,97887.0,117.56,32.0
2026-07-31T07:48:19.022029+00:00,3.4,384,47.7294921875,35.0244140625,28.91943359375,293402.4609375,1254234.4140625,1547636.875,19.0,NVIDIA RTX PRO 6000 Blackwell Server Edition,5.0,2.0,5509.0,97887.0,119.16,31.0
2026-07-31T07:48:20.022170+00:00,3.4,384,45.0283203125,34.67529296875,28.8388671875,293547.9375,1254088.9375,1547636.875,19.0,NVIDIA RTX PRO 6000 Blackwell Server Edition,10.0,6.0,5509.0,97887.0,123.09,31.0
2026-07-31T07:48:21.022261+00:00,3.4,384,45.0283203125,34.67529296875,28.8388671875,292130.57421875,1255506.30078125,1547636.875,18.9,NVIDIA RTX PRO 6000 Blackwell Server Edition,3.0,1.0,5509.0,97887.0,116.53,31.0
2026-07-31T07:48:22.022427+00:00,3.8,384,45.0283203125,34.67529296875,28.8388671875,293607.13671875,1254029.73828125,1547636.875,19.0,NVIDIA RTX PRO 6000 Blackwell Server Edition,15.0,4.0,5509.0,97887.0,139.28,33.0
2026-07-31T07:48:23.022558+00:00,3.7,384,45.0283203125,34.67529296875,28.8388671875,294530.30078125,1253106.57421875,1547636.875,19.0,NVIDIA RTX PRO 6000 Blackwell Server Edition,16.0,6.0,5515.0,97887.0,167.82,33.0
2026-07-31T07:48:24.022705+00:00,3.4,384,45.0283203125,34.67529296875,28.8388671875,293663.203125,1253973.671875,1547636.875,19.0,NVIDIA RTX PRO 6000 Blackwell Server Edition,2.0,1.0,5515.0,97887.0,123.88,31.0
2026-07-31T07:48:25.022834+00:00,3.2,384,42.46337890625,34.3154296875,28.75341796875,295988.7578125,1251648.1171875,1547636.875,19.1,NVIDIA RTX PRO 6000 Blackwell Server Edition,7.0,4.0,5515.0,97887.0,94.69,32.0
2026-07-31T07:48:26.022985+00:00,3.8,384,42.46337890625,34.3154296875,28.75341796875,297204.29296875,1250432.58203125,1547636.875,19.2,NVIDIA RTX PRO 6000 Blackwell Server Edition,3.0,1.0,5523.0,97887.0,94.66,31.0
2026-07-31T07:48:27.023138+00:00,3.3,384,42.46337890625,34.3154296875,28.75341796875,297623.17578125,1250013.69921875,1547636.875,19.2,NVIDIA RTX PRO 6000 Blackwell Server Edition,15.0,5.0,6023.0,97887.0,141.05,32.0
2026-07-31T07:48:28.023258+00:00,3.4,384,42.46337890625,34.3154296875,28.75341796875,296861.0859375,1250775.7890625,1547636.875,19.2,NVIDIA RTX PRO 6000 Blackwell Server Edition,1.0,1.0,6023.0,97887.0,129.73,31.0
2026-07-31T07:48:29.023392+00:00,3.1,384,42.46337890625,34.3154296875,28.75341796875,297084.0,1250552.875,1547636.875,19.2,NVIDIA RTX PRO 6000 Blackwell Server Edition,20.0,11.0,6023.0,97887.0,106.44,32.0
2026-07-31T07:48:30.023535+00:00,4.0,384,40.34423828125,34.01123046875,28.6845703125,297543.484375,1250093.390625,1547636.875,19.2,NVIDIA RTX PRO 6000 Blackwell Server Edition,12.0,6.0,6023.0,97887.0,146.32,33.0
2026-07-31T07:48:31.023696+00:00,3.4,384,40.34423828125,34.01123046875,28.6845703125,297822.21484375,1249814.66015625,1547636.875,19.2,NVIDIA RTX PRO 6000 Blackwell Server Edition,17.0,8.0,6337.0,97887.0,145.88,33.0
2026-07-31T07:48:32.023817+00:00,3.2,384,40.34423828125,34.01123046875,28.6845703125,298212.79296875,1249424.08203125,1547636.875,19.3,NVIDIA RTX PRO 6000 Blackwell Server Edition,1.0,0.0,6337.0,97887.0,122.45,31.0
2026-07-31T07:48:33.023975+00:00,3.5,384,40.34423828125,34.01123046875,28.6845703125,298609.34375,1249027.53125,1547636.875,19.3,NVIDIA RTX PRO 6000 Blackwell Server Edition,20.0,13.0,6337.0,97887.0,130.59,34.0
2026-07-31T07:48:34.024104+00:00,3.5,384,40.34423828125,34.01123046875,28.6845703125,298989.5703125,1248647.3046875,1547636.875,19.3,NVIDIA RTX PRO 6000 Blackwell Server Edition,46.0,32.0,6337.0,97887.0,133.73,33.0
2026-07-31T07:48:35.024255+00:00,3.8,384,38.154296875,33.662109375,28.60009765625,299391.1640625,1248245.7109375,1547636.875,19.3,NVIDIA RTX PRO 6000 Blackwell Server Edition,38.0,23.0,6337.0,97887.0,161.62,33.0
2026-07-31T07:48:36.024374+00:00,3.3,384,38.154296875,33.662109375,28.60009765625,299035.83203125,1248601.04296875,1547636.875,19.3,NVIDIA RTX PRO 6000 Blackwell Server Edition,5.0,3.0,6337.0,97887.0,101.36,32.0
2026-07-31T07:48:37.024534+00:00,3.2,384,38.154296875,33.662109375,28.60009765625,299804.6015625,1247832.2734375,1547636.875,19.4,NVIDIA RTX PRO 6000 Blackwell Server Edition,1.0,0.0,6337.0,97887.0,90.11,31.0
2026-07-31T07:48:38.024685+00:00,3.2,384,38.154296875,33.662109375,28.60009765625,300377.5078125,1247259.3671875,1547636.875,19.4,NVIDIA RTX PRO 6000 Blackwell Server Edition,1.0,1.0,6337.0,97887.0,92.55,31.0
2026-07-31T07:48:39.024860+00:00,3.4,384,38.154296875,33.662109375,28.60009765625,301474.6328125,1246162.2421875,1547636.875,19.5,NVIDIA RTX PRO 6000 Blackwell Server Edition,3.0,1.0,6347.0,97887.0,91.9,32.0
2026-07-31T07:48:40.024991+00:00,3.5,384,36.2197265625,33.33544921875,28.521484375,303045.80078125,1244591.07421875,1547636.875,19.6,NVIDIA RTX PRO 6000 Blackwell Server Edition,9.0,5.0,6355.0,97887.0,103.23,32.0
2026-07-31T07:48:41.025108+00:00,3.4,384,36.2197265625,33.33544921875,28.521484375,303508.53125,1244128.34375,1547636.875,19.6,NVIDIA RTX PRO 6000 Blackwell Server Edition,9.0,5.0,7151.0,97887.0,106.05,32.0
2026-07-31T07:48:42.025248+00:00,3.2,384,36.2197265625,33.33544921875,28.521484375,303632.94140625,1244003.93359375,1547636.875,19.6,NVIDIA RTX PRO 6000 Blackwell Server Edition,4.0,2.0,7563.0,97887.0,109.88,32.0
2026-07-31T07:48:43.025509+00:00,4.5,384,36.2197265625,33.33544921875,28.521484375,303678.05859375,1243958.81640625,1547636.875,19.6,NVIDIA RTX PRO 6000 Blackwell Server Edition,4.0,3.0,7571.0,97887.0,105.09,32.0
2026-07-31T07:48:44.025657+00:00,4.7,384,36.2197265625,33.33544921875,28.521484375,302916.5,1244720.375,1547636.875,19.6,NVIDIA RTX PRO 6000 Blackwell Server Edition,1.0,0.0,7571.0,97887.0,99.34,31.0
2026-07-31T07:48:45.025804+00:00,3.1,384,34.27978515625,32.98095703125,28.4326171875,303975.4765625,1243661.3984375,1547636.875,19.6,NVIDIA RTX PRO 6000 Blackwell Server Edition,4.0,2.0,7571.0,97887.0,105.02,32.0
2026-07-31T07:48:46.026017+00:00,3.1,384,34.27978515625,32.98095703125,28.4326171875,304065.3671875,1243571.5078125,1547636.875,19.6,NVIDIA RTX PRO 6000 Blackwell Server Edition,3.0,2.0,7571.0,97887.0,101.83,32.0
2026-07-31T07:48:47.026151+00:00,3.1,384,34.27978515625,32.98095703125,28.4326171875,304220.34375,1243416.53125,1547636.875,19.7,NVIDIA RTX PRO 6000 Blackwell Server Edition,6.0,3.0,7571.0,97887.0,107.73,32.0
2026-07-31T07:48:48.026238+00:00,4.3,384,34.27978515625,32.98095703125,28.4326171875,304128.02734375,1243508.84765625,1547636.875,19.7,NVIDIA RTX PRO 6000 Blackwell Server Edition,5.0,3.0,7571.0,97887.0,100.49,31.0
2026-07-31T07:48:49.026362+00:00,3.1,384,34.27978515625,32.98095703125,28.4326171875,303589.73046875,1244047.14453125,1547636.875,19.6,NVIDIA RTX PRO 6000 Blackwell Server Edition,4.0,2.0,7729.0,97887.0,108.06,31.0
2026-07-31T07:48:50.026452+00:00,3.7,384,32.25537109375,32.58251953125,28.328125,303608.04296875,1244028.83203125,1547636.875,19.6,NVIDIA RTX PRO 6000 Blackwell Server Edition,3.0,1.0,7729.0,97887.0,97.65,31.0
2026-07-31T07:48:51.026605+00:00,3.6,384,32.25537109375,32.58251953125,28.328125,303748.8203125,1243888.0546875,1547636.875,19.6,NVIDIA RTX PRO 6000 Blackwell Server Edition,14.0,10.0,7729.0,97887.0,101.26,32.0
2026-07-31T07:48:52.026739+00:00,3.2,384,32.25537109375,32.58251953125,28.328125,303872.30859375,1243764.56640625,1547636.875,19.6,NVIDIA RTX PRO 6000 Blackwell Server Edition,5.0,3.0,7729.0,97887.0,108.75,32.0
2026-07-31T07:48:53.026861+00:00,2.9,384,32.25537109375,32.58251953125,28.328125,302859.30078125,1244777.57421875,1547636.875,19.6,NVIDIA RTX PRO 6000 Blackwell Server Edition,12.0,7.0,7729.0,97887.0,107.27,31.0
2026-07-31T07:48:54.026972+00:00,3.2,384,32.25537109375,32.58251953125,28.328125,303215.59375,1244421.28125,1547636.875,19.6,NVIDIA RTX PRO 6000 Blackwell Server Edition,1.0,0.0,7729.0,97887.0,89.35,31.0
2026-07-31T07:48:55.027112+00:00,4.5,384,30.63330078125,32.24072265625,28.240234375,303784.12890625,1243852.74609375,1547636.875,19.6,NVIDIA RTX PRO 6000 Blackwell Server Edition,4.0,3.0,7729.0,97887.0,99.11,31.0
2026-07-31T07:48:56.027252+00:00,3.2,384,30.63330078125,32.24072265625,28.240234375,304584.1875,1243052.6875,1547636.875,19.7,NVIDIA RTX PRO 6000 Blackwell Server Edition,9.0,5.0,7737.0,97887.0,94.87,32.0
2026-07-31T07:48:57.027501+00:00,3.5,384,30.63330078125,32.24072265625,28.240234375,304525.203125,1243111.671875,1547636.875,19.7,NVIDIA RTX PRO 6000 Blackwell Server Edition,1.0,0.0,7737.0,97887.0,102.93,31.0
2026-07-31T07:48:58.027627+00:00,3.1,384,30.63330078125,32.24072265625,28.240234375,304335.0390625,1243301.8359375,1547636.875,19.7,NVIDIA RTX PRO 6000 Blackwell Server Edition,1.0,0.0,7737.0,97887.0,103.95,31.0
2026-07-31T07:48:59.027810+00:00,4.5,384,30.63330078125,32.24072265625,28.240234375,304544.99609375,1243091.87890625,1547636.875,19.7,NVIDIA RTX PRO 6000 Blackwell Server Edition,9.0,6.0,7745.0,97887.0,102.58,31.0
2026-07-31T07:49:00.027955+00:00,3.0,384,29.30126953125,31.9375,28.16357421875,304481.27734375,1243155.59765625,1547636.875,19.7,NVIDIA RTX PRO 6000 Blackwell Server Edition,3.0,2.0,8959.0,97887.0,105.71,32.0
2026-07-31T07:49:01.028111+00:00,4.4,384,29.30126953125,31.9375,28.16357421875,304657.3359375,1242979.5390625,1547636.875,19.7,NVIDIA RTX PRO 6000 Blackwell Server Edition,8.0,4.0,8959.0,97887.0,99.04,31.0
2026-07-31T07:49:02.028249+00:00,3.7,384,29.30126953125,31.9375,28.16357421875,305827.6796875,1241809.1953125,1547636.875,19.8,NVIDIA RTX PRO 6000 Blackwell Server Edition,2.0,1.0,8959.0,97887.0,108.04,32.0
2026-07-31T07:49:03.028382+00:00,4.5,384,29.30126953125,31.9375,28.16357421875,305882.2109375,1241754.6640625,1547636.875,19.8,NVIDIA RTX PRO 6000 Blackwell Server Edition,5.0,3.0,8959.0,97887.0,105.46,31.0
2026-07-31T07:49:04.028510+00:00,3.1,384,29.30126953125,31.9375,28.16357421875,305905.95703125,1241730.91796875,1547636.875,19.8,NVIDIA RTX PRO 6000 Blackwell Server Edition,6.0,4.0,8959.0,97887.0,99.11,32.0
2026-07-31T07:49:05.028624+00:00,3.0,384,28.07568359375,31.6396484375,28.08740234375,306041.1015625,1241595.7734375,1547636.875,19.8,NVIDIA RTX PRO 6000 Blackwell Server Edition,2.0,1.0,8959.0,97887.0,108.58,32.0
2026-07-31T07:49:06.028745+00:00,3.1,384,28.07568359375,31.6396484375,28.08740234375,305711.41015625,1241925.46484375,1547636.875,19.8,NVIDIA RTX PRO 6000 Blackwell Server Edition,7.0,4.0,8959.0,97887.0,105.23,31.0
2026-07-31T07:49:07.028824+00:00,2.7,384,28.07568359375,31.6396484375,28.08740234375,304023.43359375,1243613.44140625,1547636.875,19.6,NVIDIA RTX PRO 6000 Blackwell Server Edition,3.0,2.0,8959.0,97887.0,103.67,31.0
2026-07-31T07:49:08.028916+00:00,3.5,384,28.07568359375,31.6396484375,28.08740234375,304614.58203125,1243022.29296875,1547636.875,19.7,NVIDIA RTX PRO 6000 Blackwell Server Edition,3.0,1.0,8959.0,97887.0,102.81,31.0
2026-07-31T07:49:09.029064+00:00,2.3,384,28.07568359375,31.6396484375,28.08740234375,306145.83984375,1241491.03515625,1547636.875,19.8,NVIDIA RTX PRO 6000 Blackwell Server Edition,3.0,2.0,8959.0,97887.0,105.73,31.0
2026-07-31T07:49:10.029189+00:00,2.2,384,26.6279296875,31.2802734375,27.990234375,305886.3984375,1241750.4765625,1547636.875,19.8,NVIDIA RTX PRO 6000 Blackwell Server Edition,1.0,0.0,8959.0,97887.0,102.96,31.0
2026-07-31T07:49:11.029303+00:00,3.6,384,26.6279296875,31.2802734375,27.990234375,304538.03125,1243098.84375,1547636.875,19.7,NVIDIA RTX PRO 6000 Blackwell Server Edition,4.0,3.0,8959.0,97887.0,99.12,32.0
2026-07-31T07:49:12.029439+00:00,3.0,384,26.6279296875,31.2802734375,27.990234375,304740.71875,1242896.15625,1547636.875,19.7,NVIDIA RTX PRO 6000 Blackwell Server Edition,1.0,0.0,8959.0,97887.0,99.14,31.0
2026-07-31T07:49:13.029617+00:00,3.1,384,26.6279296875,31.2802734375,27.990234375,305363.5078125,1242273.3671875,1547636.875,19.7,NVIDIA RTX PRO 6000 Blackwell Server Edition,10.0,7.0,8959.0,97887.0,111.76,32.0
2026-07-31T07:49:14.029727+00:00,2.8,384,26.6279296875,31.2802734375,27.990234375,305697.47265625,1241939.40234375,1547636.875,19.8,NVIDIA RTX PRO 6000 Blackwell Server Edition,50.0,27.0,15431.0,97887.0,200.93,35.0
2026-07-31T07:49:15.029852+00:00,3.2,384,25.77685546875,31.0263671875,27.92578125,305485.20703125,1242151.66796875,1547636.875,19.7,NVIDIA RTX PRO 6000 Blackwell Server Edition,8.0,5.0,15431.0,97887.0,146.47,33.0
2026-07-31T07:49:16.029976+00:00,2.8,384,25.77685546875,31.0263671875,27.92578125,305014.2265625,1242622.6484375,1547636.875,19.7,NVIDIA RTX PRO 6000 Blackwell Server Edition,7.0,4.0,15431.0,97887.0,126.19,32.0
2026-07-31T07:49:17.030105+00:00,3.4,384,25.77685546875,31.0263671875,27.92578125,305133.0703125,1242503.8046875,1547636.875,19.7,NVIDIA RTX PRO 6000 Blackwell Server Edition,1.0,0.0,15431.0,97887.0,100.11,32.0
2026-07-31T07:49:18.030236+00:00,3.0,384,25.77685546875,31.0263671875,27.92578125,305635.78515625,1242001.08984375,1547636.875,19.7,NVIDIA RTX PRO 6000 Blackwell Server Edition,5.0,3.0,15431.0,97887.0,107.57,32.0
2026-07-31T07:49:19.030395+00:00,4.3,384,25.77685546875,31.0263671875,27.92578125,305353.87890625,1242282.99609375,1547636.875,19.7,NVIDIA RTX PRO 6000 Blackwell Server Edition,3.0,1.0,15431.0,97887.0,109.14,32.0
2026-07-31T07:49:20.030554+00:00,3.3,384,24.51318359375,30.67724609375,27.8291015625,305703.3359375,1241933.5390625,1547636.875,19.8,NVIDIA RTX PRO 6000 Blackwell Server Edition,11.0,7.0,15431.0,97887.0,109.88,33.0
2026-07-31T07:49:21.030817+00:00,3.0,384,24.51318359375,30.67724609375,27.8291015625,305635.296875,1242001.578125,1547636.875,19.7,NVIDIA RTX PRO 6000 Blackwell Server Edition,4.0,2.0,15431.0,97887.0,108.41,32.0
2026-07-31T07:49:22.030891+00:00,3.4,384,24.51318359375,30.67724609375,27.8291015625,306407.85546875,1241229.01953125,1547636.875,19.8,NVIDIA RTX PRO 6000 Blackwell Server Edition,5.0,3.0,15431.0,97887.0,102.85,32.0
2026-07-31T07:49:23.031024+00:00,3.0,384,24.51318359375,30.67724609375,27.8291015625,306484.2734375,1241152.6015625,1547636.875,19.8,NVIDIA RTX PRO 6000 Blackwell Server Edition,2.0,1.0,15431.0,97887.0,106.07,32.0
2026-07-31T07:49:24.031147+00:00,4.5,384,24.51318359375,30.67724609375,27.8291015625,306438.65625,1241198.21875,1547636.875,19.8,NVIDIA RTX PRO 6000 Blackwell Server Edition,3.0,1.0,15431.0,97887.0,105.79,32.0
2026-07-31T07:49:25.031245+00:00,3.0,384,23.5107421875,30.36669921875,27.74365234375,306537.8515625,1241099.0234375,1547636.875,19.8,NVIDIA RTX PRO 6000 Blackwell Server Edition,3.0,2.0,15431.0,97887.0,99.97,32.0
2026-07-31T07:49:26.031457+00:00,3.2,384,23.5107421875,30.36669921875,27.74365234375,307307.9375,1240328.9375,1547636.875,19.9,NVIDIA RTX PRO 6000 Blackwell Server Edition,4.0,3.0,15431.0,97887.0,104.0,32.0
2026-07-31T07:49:27.031620+00:00,3.0,384,23.5107421875,30.36669921875,27.74365234375,307407.3671875,1240229.5078125,1547636.875,19.9,NVIDIA RTX PRO 6000 Blackwell Server Edition,3.0,1.0,15431.0,97887.0,105.3,32.0
2026-07-31T07:49:28.031807+00:00,3.3,384,23.5107421875,30.36669921875,27.74365234375,307331.375,1240305.5,1547636.875,19.9,NVIDIA RTX PRO 6000 Blackwell Server Edition,7.0,4.0,15431.0,97887.0,98.19,31.0
2026-07-31T07:49:29.031933+00:00,3.1,384,23.5107421875,30.36669921875,27.74365234375,307306.57421875,1240330.30078125,1547636.875,19.9,NVIDIA RTX PRO 6000 Blackwell Server Edition,3.0,2.0,15431.0,97887.0,102.72,32.0
2026-07-31T07:49:30.032029+00:00,3.0,384,23.3896484375,30.2275390625,27.71240234375,307690.19921875,1239946.67578125,1547636.875,19.9,NVIDIA RTX PRO 6000 Blackwell Server Edition,3.0,2.0,15431.0,97887.0,99.59,31.0
2026-07-31T07:49:31.032190+00:00,2.8,384,23.3896484375,30.2275390625,27.71240234375,307697.79296875,1239939.08203125,1547636.875,19.9,NVIDIA RTX PRO 6000 Blackwell Server Edition,4.0,2.0,15431.0,97887.0,94.92,31.0
2026-07-31T07:49:32.032261+00:00,3.0,384,23.3896484375,30.2275390625,27.71240234375,307664.42578125,1239972.44921875,1547636.875,19.9,NVIDIA RTX PRO 6000 Blackwell Server Edition,2.0,1.0,15431.0,97887.0,106.01,32.0
2026-07-31T07:49:33.032372+00:00,3.3,384,23.3896484375,30.2275390625,27.71240234375,307838.8515625,1239798.0234375,1547636.875,19.9,NVIDIA RTX PRO 6000 Blackwell Server Edition,3.0,2.0,15431.0,97887.0,103.8,31.0
2026-07-31T07:49:34.032495+00:00,2.9,384,23.3896484375,30.2275390625,27.71240234375,308507.7734375,1239129.1015625,1547636.875,19.9,NVIDIA RTX PRO 6000 Blackwell Server Edition,5.0,2.0,15431.0,97887.0,100.39,31.0
2026-07-31T07:49:35.032640+00:00,2.3,384,22.8779296875,30.0078125,27.65478515625,309199.7734375,1238437.1015625,1547636.875,20.0,NVIDIA RTX PRO 6000 Blackwell Server Edition,4.0,2.0,15431.0,97887.0,104.77,32.0
2026-07-31T07:49:36.032762+00:00,2.3,384,22.8779296875,30.0078125,27.65478515625,310176.95703125,1237459.91796875,1547636.875,20.0,NVIDIA RTX PRO 6000 Blackwell Server Edition,4.0,2.0,15431.0,97887.0,102.02,31.0
2026-07-31T07:49:37.032924+00:00,2.4,384,22.8779296875,30.0078125,27.65478515625,312520.4453125,1235116.4296875,1547636.875,20.2,NVIDIA RTX PRO 6000 Blackwell Server Edition,3.0,2.0,15431.0,97887.0,92.71,31.0
2026-07-31T07:49:38.033059+00:00,3.2,384,22.8779296875,30.0078125,27.65478515625,313230.375,1234406.5,1547636.875,20.2,NVIDIA RTX PRO 6000 Blackwell Server Edition,1.0,1.0,15431.0,97887.0,92.22,31.0
2026-07-31T07:49:39.033173+00:00,3.0,384,22.8779296875,30.0078125,27.65478515625,313759.88671875,1233876.98828125,1547636.875,20.3,NVIDIA RTX PRO 6000 Blackwell Server Edition,2.0,1.0,15431.0,97887.0,92.94,31.0
2026-07-31T07:49:40.033296+00:00,3.2,384,22.0068359375,29.70849609375,27.5703125,314430.6796875,1233206.1953125,1547636.875,20.3,NVIDIA RTX PRO 6000 Blackwell Server Edition,7.0,4.0,15441.0,97887.0,103.37,32.0
2026-07-31T07:49:41.033433+00:00,3.4,384,22.0068359375,29.70849609375,27.5703125,315145.9453125,1232490.9296875,1547636.875,20.4,NVIDIA RTX PRO 6000 Blackwell Server Edition,5.0,2.0,15449.0,97887.0,107.45,32.0
2026-07-31T07:49:42.033550+00:00,3.1,384,22.0068359375,29.70849609375,27.5703125,315007.97265625,1232628.90234375,1547636.875,20.4,NVIDIA RTX PRO 6000 Blackwell Server Edition,4.0,2.0,15449.0,97887.0,104.83,31.0
2026-07-31T07:49:43.033647+00:00,4.0,384,22.0068359375,29.70849609375,27.5703125,315289.30078125,1232347.57421875,1547636.875,20.4,NVIDIA RTX PRO 6000 Blackwell Server Edition,5.0,2.0,15449.0,97887.0,101.39,31.0
2026-07-31T07:49:44.033748+00:00,3.3,384,22.0068359375,29.70849609375,27.5703125,315379.6875,1232257.1875,1547636.875,20.4,NVIDIA RTX PRO 6000 Blackwell Server Edition,6.0,3.0,15449.0,97887.0,110.08,32.0
2026-07-31T07:49:45.033909+00:00,3.1,384,21.125,29.3974609375,27.48095703125,315531.0703125,1232105.8046875,1547636.875,20.4,NVIDIA RTX PRO 6000 Blackwell Server Edition,11.0,7.0,15449.0,97887.0,104.08,32.0
2026-07-31T07:49:46.034102+00:00,3.0,384,21.125,29.3974609375,27.48095703125,315866.390625,1231770.484375,1547636.875,20.4,NVIDIA RTX PRO 6000 Blackwell Server Edition,8.0,4.0,15449.0,97887.0,107.41,31.0
2026-07-31T07:49:47.034275+00:00,3.3,384,21.125,29.3974609375,27.48095703125,315920.19140625,1231716.68359375,1547636.875,20.4,NVIDIA RTX PRO 6000 Blackwell Server Edition,8.0,5.0,15449.0,97887.0,100.25,31.0
2026-07-31T07:49:48.034396+00:00,3.4,384,21.125,29.3974609375,27.48095703125,316320.98828125,1231315.88671875,1547636.875,20.4,NVIDIA RTX PRO 6000 Blackwell Server Edition,11.0,6.0,15449.0,97887.0,106.57,32.0
2026-07-31T07:49:49.034541+00:00,3.0,384,21.125,29.3974609375,27.48095703125,316549.12890625,1231087.74609375,1547636.875,20.5,NVIDIA RTX PRO 6000 Blackwell Server Edition,7.0,3.0,15449.0,97887.0,98.2,32.0
2026-07-31T07:49:50.034616+00:00,4.1,384,20.15380859375,29.05859375,27.38134765625,316883.796875,1230753.078125,1547636.875,20.5,NVIDIA RTX PRO 6000 Blackwell Server Edition,4.0,2.0,15449.0,97887.0,98.4,32.0
2026-07-31T07:49:51.034751+00:00,5.1,384,20.15380859375,29.05859375,27.38134765625,317340.51953125,1230296.35546875,1547636.875,20.5,NVIDIA RTX PRO 6000 Blackwell Server Edition,9.0,7.0,15449.0,97887.0,107.74,32.0
2026-07-31T07:49:52.034921+00:00,3.1,384,20.15380859375,29.05859375,27.38134765625,317328.83203125,1230308.04296875,1547636.875,20.5,NVIDIA RTX PRO 6000 Blackwell Server Edition,4.0,2.0,15449.0,97887.0,113.3,31.0
2026-07-31T07:49:53.035192+00:00,3.8,384,20.15380859375,29.05859375,27.38134765625,317413.4140625,1230223.4609375,1547636.875,20.5,NVIDIA RTX PRO 6000 Blackwell Server Edition,9.0,6.0,15449.0,97887.0,100.86,31.0
2026-07-31T07:49:54.035449+00:00,3.1,384,20.15380859375,29.05859375,27.38134765625,317806.58984375,1229830.28515625,1547636.875,20.5,NVIDIA RTX PRO 6000 Blackwell Server Edition,3.0,1.0,15449.0,97887.0,102.54,32.0
2026-07-31T07:49:55.035566+00:00,3.5,384,19.42041015625,28.7587890625,27.29296875,317936.0,1229700.875,1547636.875,20.5,NVIDIA RTX PRO 6000 Blackwell Server Edition,5.0,3.0,15449.0,97887.0,99.86,31.0
2026-07-31T07:49:56.035734+00:00,3.2,384,19.42041015625,28.7587890625,27.29296875,317747.546875,1229889.328125,1547636.875,20.5,NVIDIA RTX PRO 6000 Blackwell Server Edition,7.0,5.0,15449.0,97887.0,104.66,32.0
2026-07-31T07:49:57.035905+00:00,3.6,384,19.42041015625,28.7587890625,27.29296875,318129.765625,1229507.109375,1547636.875,20.6,NVIDIA RTX PRO 6000 Blackwell Server Edition,4.0,2.0,15449.0,97887.0,104.86,32.0
2026-07-31T07:49:58.036046+00:00,3.0,384,19.42041015625,28.7587890625,27.29296875,318515.14453125,1229121.73046875,1547636.875,20.6,NVIDIA RTX PRO 6000 Blackwell Server Edition,50.0,26.0,16961.0,97887.0,165.24,35.0
2026-07-31T07:49:59.036242+00:00,3.5,384,19.42041015625,28.7587890625,27.29296875,318819.7578125,1228817.1171875,1547636.875,20.6,NVIDIA RTX PRO 6000 Blackwell Server Edition,7.0,4.0,16961.0,97887.0,202.63,33.0
2026-07-31T07:50:00.036391+00:00,3.4,384,19.62744140625,28.646484375,27.26416015625,319074.8515625,1228562.0234375,1547636.875,20.6,NVIDIA RTX PRO 6000 Blackwell Server Edition,4.0,2.0,16961.0,97887.0,130.13,32.0
2026-07-31T07:50:01.036512+00:00,2.9,384,19.62744140625,28.646484375,27.26416015625,318550.85546875,1229086.01953125,1547636.875,20.6,NVIDIA RTX PRO 6000 Blackwell Server Edition,6.0,5.0,16961.0,97887.0,112.24,32.0
2026-07-31T07:50:02.036631+00:00,3.5,384,19.62744140625,28.646484375,27.26416015625,319153.53515625,1228483.33984375,1547636.875,20.6,NVIDIA RTX PRO 6000 Blackwell Server Edition,8.0,4.0,16963.0,97887.0,111.93,32.0
2026-07-31T07:50:03.036749+00:00,3.0,384,19.62744140625,28.646484375,27.26416015625,319099.4609375,1228537.4140625,1547636.875,20.6,NVIDIA RTX PRO 6000 Blackwell Server Edition,3.0,1.0,16963.0,97887.0,95.97,32.0
2026-07-31T07:50:04.036879+00:00,4.1,384,19.62744140625,28.646484375,27.26416015625,319525.11328125,1228111.76171875,1547636.875,20.6,NVIDIA RTX PRO 6000 Blackwell Server Edition,10.0,6.0,16963.0,97887.0,109.41,32.0
2026-07-31T07:50:05.037010+00:00,3.1,384,19.0966796875,28.38671875,27.1875,319836.6328125,1227800.2421875,1547636.875,20.7,NVIDIA RTX PRO 6000 Blackwell Server Edition,3.0,2.0,16963.0,97887.0,108.12,32.0
2026-07-31T07:50:06.037131+00:00,3.0,384,19.0966796875,28.38671875,27.1875,319855.6015625,1227781.2734375,1547636.875,20.7,NVIDIA RTX PRO 6000 Blackwell Server Edition,6.0,4.0,16963.0,97887.0,103.95,32.0
2026-07-31T07:50:07.037257+00:00,4.6,384,19.0966796875,28.38671875,27.1875,319943.33984375,1227693.53515625,1547636.875,20.7,NVIDIA RTX PRO 6000 Blackwell Server Edition,7.0,4.0,16963.0,97887.0,112.24,32.0
2026-07-31T07:50:08.037400+00:00,3.3,384,19.0966796875,28.38671875,27.1875,319851.5,1227785.375,1547636.875,20.7,NVIDIA RTX PRO 6000 Blackwell Server Edition,2.0,1.0,16963.0,97887.0,104.27,32.0
2026-07-31T07:50:09.037536+00:00,4.4,384,19.0966796875,28.38671875,27.1875,319904.53125,1227732.34375,1547636.875,20.7,NVIDIA RTX PRO 6000 Blackwell Server Edition,11.0,7.0,16963.0,97887.0,108.96,32.0
2026-07-31T07:50:10.037655+00:00,2.9,384,18.6884765625,28.1474609375,27.1162109375,320040.7265625,1227596.1484375,1547636.875,20.7,NVIDIA RTX PRO 6000 Blackwell Server Edition,3.0,1.0,16963.0,97887.0,99.64,32.0
2026-07-31T07:50:11.037795+00:00,3.8,384,18.6884765625,28.1474609375,27.1162109375,319975.44921875,1227661.42578125,1547636.875,20.7,NVIDIA RTX PRO 6000 Blackwell Server Edition,2.0,0.0,16963.0,97887.0,92.71,32.0
2026-07-31T07:50:12.037934+00:00,3.1,384,18.6884765625,28.1474609375,27.1162109375,320179.16796875,1227457.70703125,1547636.875,20.7,NVIDIA RTX PRO 6000 Blackwell Server Edition,2.0,1.0,16963.0,97887.0,96.5,32.0
2026-07-31T07:50:13.038068+00:00,3.1,384,18.6884765625,28.1474609375,27.1162109375,320758.69921875,1226878.17578125,1547636.875,20.7,NVIDIA RTX PRO 6000 Blackwell Server Edition,4.0,2.0,16963.0,97887.0,93.85,31.0
2026-07-31T07:50:14.038179+00:00,3.4,384,18.6884765625,28.1474609375,27.1162109375,321528.75,1226108.125,1547636.875,20.8,NVIDIA RTX PRO 6000 Blackwell Server Edition,3.0,2.0,16963.0,97887.0,95.37,31.0
2026-07-31T07:50:15.038377+00:00,3.0,384,18.23291015625,27.8955078125,27.0400390625,322117.28125,1225519.59375,1547636.875,20.8,NVIDIA RTX PRO 6000 Blackwell Server Edition,2.0,1.0,16963.0,97887.0,92.47,31.0
2026-07-31T07:50:16.038481+00:00,2.9,384,18.23291015625,27.8955078125,27.0400390625,322934.96484375,1224701.91015625,1547636.875,20.9,NVIDIA RTX PRO 6000 Blackwell Server Edition,1.0,1.0,16963.0,97887.0,89.82,31.0
2026-07-31T07:50:17.038651+00:00,4.3,384,18.23291015625,27.8955078125,27.0400390625,323167.6640625,1224469.2109375,1547636.875,20.9,NVIDIA RTX PRO 6000 Blackwell Server Edition,3.0,2.0,16971.0,97887.0,110.48,32.0
2026-07-31T07:50:18.038860+00:00,3.3,384,18.23291015625,27.8955078125,27.0400390625,323366.49609375,1224270.37890625,1547636.875,20.9,NVIDIA RTX PRO 6000 Blackwell Server Edition,1.0,1.0,16971.0,97887.0,101.35,31.0
2026-07-31T07:50:19.038956+00:00,3.2,384,18.23291015625,27.8955078125,27.0400390625,323723.484375,1223913.390625,1547636.875,20.9,NVIDIA RTX PRO 6000 Blackwell Server Edition,25.0,13.0,16971.0,97887.0,143.88,32.0
2026-07-31T07:50:20.039097+00:00,3.1,384,18.0537109375,27.69775390625,26.98046875,323740.56640625,1223896.30859375,1547636.875,20.9,NVIDIA RTX PRO 6000 Blackwell Server Edition,11.0,4.0,16979.0,97887.0,189.17,33.0
2026-07-31T07:50:21.039237+00:00,4.0,384,18.0537109375,27.69775390625,26.98046875,323680.390625,1223956.484375,1547636.875,20.9,NVIDIA RTX PRO 6000 Blackwell Server Edition,94.0,48.0,18491.0,97887.0,215.49,39.0
2026-07-31T07:50:22.039430+00:00,3.2,384,18.0537109375,27.69775390625,26.98046875,323468.24609375,1224168.62890625,1547636.875,20.9,NVIDIA RTX PRO 6000 Blackwell Server Edition,14.0,6.0,18491.0,97887.0,173.21,33.0
2026-07-31T07:50:23.039558+00:00,3.2,384,18.0537109375,27.69775390625,26.98046875,323973.72265625,1223663.15234375,1547636.875,20.9,NVIDIA RTX PRO 6000 Blackwell Server Edition,12.0,8.0,18491.0,97887.0,120.79,33.0
2026-07-31T07:50:24.039706+00:00,3.0,384,18.0537109375,27.69775390625,26.98046875,324524.84765625,1223112.02734375,1547636.875,21.0,NVIDIA RTX PRO 6000 Blackwell Server Edition,8.0,5.0,18491.0,97887.0,115.24,32.0
2026-07-31T07:50:25.039829+00:00,3.0,384,17.80908203125,27.48681640625,26.916015625,325299.8203125,1222337.0546875,1547636.875,21.0,NVIDIA RTX PRO 6000 Blackwell Server Edition,2.0,1.0,18491.0,97887.0,99.69,32.0
2026-07-31T07:50:26.039972+00:00,3.8,384,17.80908203125,27.48681640625,26.916015625,326018.1640625,1221618.7109375,1547636.875,21.1,NVIDIA RTX PRO 6000 Blackwell Server Edition,32.0,21.0,18509.0,97887.0,116.14,33.0
2026-07-31T07:50:27.040099+00:00,3.0,384,17.80908203125,27.48681640625,26.916015625,325713.140625,1221923.734375,1547636.875,21.0,NVIDIA RTX PRO 6000 Blackwell Server Edition,6.0,3.0,18511.0,97887.0,114.52,32.0
2026-07-31T07:50:28.040228+00:00,2.9,384,17.80908203125,27.48681640625,26.916015625,325579.16796875,1222057.70703125,1547636.875,21.0,NVIDIA RTX PRO 6000 Blackwell Server Edition,7.0,4.0,18519.0,97887.0,116.24,32.0
2026-07-31T07:50:29.040438+00:00,2.8,384,17.80908203125,27.48681640625,26.916015625,325439.05078125,1222197.82421875,1547636.875,21.0,NVIDIA RTX PRO 6000 Blackwell Server Edition,5.0,2.0,18519.0,97887.0,110.76,32.0
2026-07-31T07:50:30.040570+00:00,3.7,384,17.423828125,27.24609375,26.8408203125,325338.33984375,1222298.53515625,1547636.875,21.0,NVIDIA RTX PRO 6000 Blackwell Server Edition,6.0,3.0,18519.0,97887.0,114.76,32.0
2026-07-31T07:50:31.040707+00:00,3.0,384,17.423828125,27.24609375,26.8408203125,325300.15234375,1222336.72265625,1547636.875,21.0,NVIDIA RTX PRO 6000 Blackwell Server Edition,16.0,10.0,18519.0,97887.0,110.39,33.0
2026-07-31T07:50:32.040843+00:00,2.9,384,17.423828125,27.24609375,26.8408203125,325241.46484375,1222395.41015625,1547636.875,21.0,NVIDIA RTX PRO 6000 Blackwell Server Edition,8.0,4.0,18519.0,97887.0,127.24,32.0
2026-07-31T07:50:33.040925+00:00,2.8,384,17.423828125,27.24609375,26.8408203125,325163.30859375,1222473.56640625,1547636.875,21.0,NVIDIA RTX PRO 6000 Blackwell Server Edition,6.0,3.0,18519.0,97887.0,119.04,32.0
2026-07-31T07:50:34.041058+00:00,2.8,384,17.423828125,27.24609375,26.8408203125,325082.30859375,1222554.56640625,1547636.875,21.0,NVIDIA RTX PRO 6000 Blackwell Server Edition,8.0,3.0,18519.0,97887.0,113.56,32.0
2026-07-31T07:50:35.041189+00:00,3.7,384,16.9892578125,26.99267578125,26.7607421875,324928.9296875,1222707.9453125,1547636.875,21.0,NVIDIA RTX PRO 6000 Blackwell Server Edition,8.0,5.0,18519.0,97887.0,112.17,32.0
2026-07-31T07:50:36.041309+00:00,3.4,384,16.9892578125,26.99267578125,26.7607421875,324972.2421875,1222664.6328125,1547636.875,21.0,NVIDIA RTX PRO 6000 Blackwell Server Edition,49.0,27.0,18519.0,97887.0,165.75,36.0
2026-07-31T07:50:37.041469+00:00,3.0,384,16.9892578125,26.99267578125,26.7607421875,324937.5078125,1222699.3671875,1547636.875,21.0,NVIDIA RTX PRO 6000 Blackwell Server Edition,36.0,20.0,18519.0,97887.0,229.84,35.0
2026-07-31T07:50:38.041598+00:00,2.8,384,16.9892578125,26.99267578125,26.7607421875,324911.9296875,1222724.9453125,1547636.875,21.0,NVIDIA RTX PRO 6000 Blackwell Server Edition,11.0,6.0,18519.0,97887.0,144.2,33.0
2026-07-31T07:50:39.041730+00:00,3.4,384,16.9892578125,26.99267578125,26.7607421875,324759.3046875,1222877.5703125,1547636.875,21.0,NVIDIA RTX PRO 6000 Blackwell Server Edition,6.0,2.0,18519.0,97887.0,109.98,32.0
2026-07-31T07:50:40.041870+00:00,3.5,384,16.74951171875,26.77685546875,26.69189453125,324651.5859375,1222985.2890625,1547636.875,21.0,NVIDIA RTX PRO 6000 Blackwell Server Edition,25.0,15.0,18519.0,97887.0,119.86,33.0
2026-07-31T07:50:41.041993+00:00,5.8,384,16.74951171875,26.77685546875,26.69189453125,324890.65234375,1222746.22265625,1547636.875,21.0,NVIDIA RTX PRO 6000 Blackwell Server Edition,15.0,9.0,18519.0,97887.0,130.8,33.0
2026-07-31T07:50:42.042117+00:00,3.1,384,16.74951171875,26.77685546875,26.69189453125,324797.91796875,1222838.95703125,1547636.875,21.0,NVIDIA RTX PRO 6000 Blackwell Server Edition,4.0,2.0,18519.0,97887.0,122.26,33.0
2026-07-31T07:50:43.042282+00:00,4.8,384,16.74951171875,26.77685546875,26.69189453125,324557.44921875,1223079.42578125,1547636.875,21.0,NVIDIA RTX PRO 6000 Blackwell Server Edition,9.0,5.0,18519.0,97887.0,123.37,32.0
2026-07-31T07:50:44.042473+00:00,3.5,384,16.74951171875,26.77685546875,26.69189453125,324513.4140625,1223123.4609375,1547636.875,21.0,NVIDIA RTX PRO 6000 Blackwell Server Edition,4.0,2.0,18519.0,97887.0,114.69,32.0
2026-07-31T07:50:45.042650+00:00,4.1,384,16.2890625,26.5146484375,26.607421875,324280.015625,1223356.859375,1547636.875,21.0,NVIDIA RTX PRO 6000 Blackwell Server Edition,4.0,2.0,18519.0,97887.0,118.1,32.0
2026-07-31T07:50:46.042789+00:00,3.1,384,16.2890625,26.5146484375,26.607421875,324228.22265625,1223408.65234375,1547636.875,20.9,NVIDIA RTX PRO 6000 Blackwell Server Edition,24.0,15.0,18519.0,97887.0,126.28,33.0
2026-07-31T07:50:47.042916+00:00,3.4,384,16.2890625,26.5146484375,26.607421875,324105.73828125,1223531.13671875,1547636.875,20.9,NVIDIA RTX PRO 6000 Blackwell Server Edition,8.0,4.0,18519.0,97887.0,116.64,33.0
2026-07-31T07:50:48.043064+00:00,2.8,384,16.2890625,26.5146484375,26.607421875,323993.58203125,1223643.29296875,1547636.875,20.9,NVIDIA RTX PRO 6000 Blackwell Server Edition,9.0,4.0,18519.0,97887.0,113.04,32.0
2026-07-31T07:50:49.043231+00:00,3.0,384,16.2890625,26.5146484375,26.607421875,323973.8828125,1223662.9921875,1547636.875,20.9,NVIDIA RTX PRO 6000 Blackwell Server Edition,8.0,5.0,18519.0,97887.0,102.09,32.0
2026-07-31T07:50:50.043467+00:00,3.7,384,16.265625,26.33984375,26.55029296875,323888.8125,1223748.0625,1547636.875,20.9,NVIDIA RTX PRO 6000 Blackwell Server Edition,4.0,2.0,18519.0,97887.0,107.2,33.0
2026-07-31T07:50:51.043587+00:00,3.8,384,16.265625,26.33984375,26.55029296875,323801.35546875,1223835.51953125,1547636.875,20.9,NVIDIA RTX PRO 6000 Blackwell Server Edition,78.0,44.0,18519.0,97887.0,240.76,37.0
2026-07-31T07:50:52.043729+00:00,3.0,384,16.265625,26.33984375,26.55029296875,323857.44140625,1223779.43359375,1547636.875,20.9,NVIDIA RTX PRO 6000 Blackwell Server Edition,45.0,27.0,18519.0,97887.0,211.96,35.0
2026-07-31T07:50:53.043858+00:00,2.8,384,16.265625,26.33984375,26.55029296875,323856.734375,1223780.140625,1547636.875,20.9,NVIDIA RTX PRO 6000 Blackwell Server Edition,6.0,3.0,18519.0,97887.0,127.74,33.0
2026-07-31T07:50:54.044007+00:00,3.0,384,16.265625,26.33984375,26.55029296875,323733.2578125,1223903.6171875,1547636.875,20.9,NVIDIA RTX PRO 6000 Blackwell Server Edition,8.0,3.0,18519.0,97887.0,114.71,33.0
2026-07-31T07:50:55.044117+00:00,3.5,384,15.763671875,26.068359375,26.4609375,323817.74609375,1223819.12890625,1547636.875,20.9,NVIDIA RTX PRO 6000 Blackwell Server Edition,36.0,21.0,18519.0,97887.0,158.26,36.0
2026-07-31T07:50:56.044253+00:00,3.2,384,15.763671875,26.068359375,26.4609375,323724.2578125,1223912.6171875,1547636.875,20.9,NVIDIA RTX PRO 6000 Blackwell Server Edition,31.0,19.0,18519.0,97887.0,155.04,34.0
2026-07-31T07:50:57.044387+00:00,3.7,384,15.763671875,26.068359375,26.4609375,323564.48046875,1224072.39453125,1547636.875,20.9,NVIDIA RTX PRO 6000 Blackwell Server Edition,6.0,3.0,18519.0,97887.0,120.67,33.0
2026-07-31T07:50:58.044520+00:00,3.1,384,15.763671875,26.068359375,26.4609375,323435.33203125,1224201.54296875,1547636.875,20.9,NVIDIA RTX PRO 6000 Blackwell Server Edition,7.0,4.0,18519.0,97887.0,118.24,33.0
2026-07-31T07:50:59.044672+00:00,3.3,384,15.763671875,26.068359375,26.4609375,323404.16015625,1224232.71484375,1547636.875,20.9,NVIDIA RTX PRO 6000 Blackwell Server Edition,5.0,2.0,18525.0,97887.0,105.56,33.0
2026-07-31T07:51:00.044816+00:00,3.1,384,15.5419921875,25.85107421875,26.38818359375,323337.5390625,1224299.3359375,1547636.875,20.9,NVIDIA RTX PRO 6000 Blackwell Server Edition,4.0,1.0,18527.0,97887.0,109.85,33.0
2026-07-31T07:51:01.044983+00:00,3.2,384,15.5419921875,25.85107421875,26.38818359375,323342.125,1224294.75,1547636.875,20.9,NVIDIA RTX PRO 6000 Blackwell Server Edition,21.0,13.0,18527.0,97887.0,119.91,33.0
2026-07-31T07:51:02.045131+00:00,3.2,384,15.5419921875,25.85107421875,26.38818359375,323269.68359375,1224367.19140625,1547636.875,20.9,NVIDIA RTX PRO 6000 Blackwell Server Edition,10.0,6.0,18527.0,97887.0,117.7,33.0
2026-07-31T07:51:03.045298+00:00,3.3,384,15.5419921875,25.85107421875,26.38818359375,323361.125,1224275.75,1547636.875,20.9,NVIDIA RTX PRO 6000 Blackwell Server Edition,5.0,2.0,18527.0,97887.0,122.52,33.0
2026-07-31T07:51:04.045445+00:00,2.8,384,15.5419921875,25.85107421875,26.38818359375,323215.16796875,1224421.70703125,1547636.875,20.9,NVIDIA RTX PRO 6000 Blackwell Server Edition,5.0,2.0,18527.0,97887.0,110.12,33.0
2026-07-31T07:51:05.045613+00:00,3.1,384,15.17822265625,25.6044921875,26.30517578125,323287.4140625,1224349.4609375,1547636.875,20.9,NVIDIA RTX PRO 6000 Blackwell Server Edition,10.0,6.0,18527.0,97887.0,119.62,33.0
2026-07-31T07:51:06.045812+00:00,3.3,384,15.17822265625,25.6044921875,26.30517578125,323211.72265625,1224425.15234375,1547636.875,20.9,NVIDIA RTX PRO 6000 Blackwell Server Edition,7.0,4.0,18527.0,97887.0,120.03,33.0
2026-07-31T07:51:07.045988+00:00,3.3,384,15.17822265625,25.6044921875,26.30517578125,323173.55078125,1224463.32421875,1547636.875,20.9,NVIDIA RTX PRO 6000 Blackwell Server Edition,6.0,3.0,18527.0,97887.0,110.61,32.0
2026-07-31T07:51:08.046118+00:00,2.9,384,15.17822265625,25.6044921875,26.30517578125,323103.734375,1224533.140625,1547636.875,20.9,NVIDIA RTX PRO 6000 Blackwell Server Edition,6.0,3.0,18527.0,97887.0,109.85,33.0
2026-07-31T07:51:09.046545+00:00,4.3,384,15.17822265625,25.6044921875,26.30517578125,323131.4609375,1224505.4140625,1547636.875,20.9,NVIDIA RTX PRO 6000 Blackwell Server Edition,3.0,1.0,18527.0,97887.0,106.39,32.0
2026-07-31T07:51:10.046530+00:00,3.4,384,15.00341796875,25.39501953125,26.2333984375,323117.6015625,1224519.2734375,1547636.875,20.9,NVIDIA RTX PRO 6000 Blackwell Server Edition,52.0,28.0,18527.0,97887.0,190.85,37.0
2026-07-31T07:51:11.046613+00:00,3.6,384,15.00341796875,25.39501953125,26.2333984375,323119.86328125,1224517.01171875,1547636.875,20.9,NVIDIA RTX PRO 6000 Blackwell Server Edition,15.0,9.0,18527.0,97887.0,189.53,34.0
2026-07-31T07:51:12.046726+00:00,3.2,384,15.00341796875,25.39501953125,26.2333984375,322942.92578125,1224693.94921875,1547636.875,20.9,NVIDIA RTX PRO 6000 Blackwell Server Edition,10.0,4.0,18527.0,97887.0,144.8,33.0
2026-07-31T07:51:13.046894+00:00,3.1,384,15.00341796875,25.39501953125,26.2333984375,322952.15234375,1224684.72265625,1547636.875,20.9,NVIDIA RTX PRO 6000 Blackwell Server Edition,25.0,13.0,18527.0,97887.0,121.95,33.0
2026-07-31T07:51:14.046983+00:00,2.9,384,15.00341796875,25.39501953125,26.2333984375,323002.17578125,1224634.69921875,1547636.875,20.9,NVIDIA RTX PRO 6000 Blackwell Server Edition,6.0,4.0,18527.0,97887.0,115.9,33.0
2026-07-31T07:51:15.047098+00:00,3.0,384,15.24365234375,25.27197265625,26.18896484375,323022.59375,1224614.28125,1547636.875,20.9,NVIDIA RTX PRO 6000 Blackwell Server Edition,5.0,2.0,18527.0,97887.0,112.29,33.0
2026-07-31T07:51:16.047203+00:00,3.8,384,15.24365234375,25.27197265625,26.18896484375,322962.375,1224674.5,1547636.875,20.9,NVIDIA RTX PRO 6000 Blackwell Server Edition,13.0,7.0,18527.0,97887.0,122.11,33.0
2026-07-31T07:51:17.047385+00:00,2.9,384,15.24365234375,25.27197265625,26.18896484375,322949.86328125,1224687.01171875,1547636.875,20.9,NVIDIA RTX PRO 6000 Blackwell Server Edition,9.0,5.0,18527.0,97887.0,113.16,33.0
2026-07-31T07:51:18.047522+00:00,3.0,384,15.24365234375,25.27197265625,26.18896484375,322811.60546875,1224825.26953125,1547636.875,20.9,NVIDIA RTX PRO 6000 Blackwell Server Edition,9.0,6.0,18527.0,97887.0,120.78,33.0
2026-07-31T07:51:19.047614+00:00,2.9,384,15.24365234375,25.27197265625,26.18896484375,322745.12109375,1224891.75390625,1547636.875,20.9,NVIDIA RTX PRO 6000 Blackwell Server Edition,11.0,6.0,18527.0,97887.0,112.19,33.0
2026-07-31T07:51:20.047775+00:00,3.6,384,14.82373046875,25.01806640625,26.1015625,322636.2734375,1225000.6015625,1547636.875,20.8,NVIDIA RTX PRO 6000 Blackwell Server Edition,5.0,1.0,18527.0,97887.0,104.12,32.0
2026-07-31T07:51:21.047920+00:00,3.2,384,14.82373046875,25.01806640625,26.1015625,322473.140625,1225163.734375,1547636.875,20.8,NVIDIA RTX PRO 6000 Blackwell Server Edition,5.0,3.0,18527.0,97887.0,114.35,32.0
2026-07-31T07:51:22.048051+00:00,3.1,384,14.82373046875,25.01806640625,26.1015625,322555.96875,1225080.90625,1547636.875,20.8,NVIDIA RTX PRO 6000 Blackwell Server Edition,7.0,4.0,18527.0,97887.0,124.43,33.0
2026-07-31T07:51:23.048166+00:00,3.0,384,14.82373046875,25.01806640625,26.1015625,322532.359375,1225104.515625,1547636.875,20.8,NVIDIA RTX PRO 6000 Blackwell Server Edition,19.0,11.0,18527.0,97887.0,119.91,33.0
2026-07-31T07:51:24.048266+00:00,3.2,384,14.82373046875,25.01806640625,26.1015625,322457.90234375,1225178.97265625,1547636.875,20.8,NVIDIA RTX PRO 6000 Blackwell Server Edition,9.0,4.0,18527.0,97887.0,119.28,33.0
2026-07-31T07:51:25.048401+00:00,3.0,384,14.59716796875,24.8017578125,26.025390625,322383.6328125,1225253.2421875,1547636.875,20.8,NVIDIA RTX PRO 6000 Blackwell Server Edition,5.0,2.0,18527.0,97887.0,107.58,33.0
2026-07-31T07:51:26.048562+00:00,3.0,384,14.59716796875,24.8017578125,26.025390625,321943.015625,1225693.859375,1547636.875,20.8,NVIDIA RTX PRO 6000 Blackwell Server Edition,6.0,2.0,18527.0,97887.0,111.27,32.0
2026-07-31T07:51:27.048694+00:00,2.6,384,14.59716796875,24.8017578125,26.025390625,320366.4296875,1227270.4453125,1547636.875,20.7,NVIDIA RTX PRO 6000 Blackwell Server Edition,6.0,3.0,18527.0,97887.0,123.84,32.0
2026-07-31T07:51:28.048801+00:00,2.0,384,14.59716796875,24.8017578125,26.025390625,320313.2578125,1227323.6171875,1547636.875,20.7,NVIDIA RTX PRO 6000 Blackwell Server Edition,10.0,4.0,18527.0,97887.0,123.61,33.0
2026-07-31T07:51:29.048928+00:00,2.6,384,14.59716796875,24.8017578125,26.025390625,320211.359375,1227425.515625,1547636.875,20.7,NVIDIA RTX PRO 6000 Blackwell Server Edition,17.0,9.0,18527.0,97887.0,110.7,32.0
2026-07-31T07:51:30.049099+00:00,5.0,384,14.22900390625,24.5556640625,25.93896484375,320905.48046875,1226731.39453125,1547636.875,20.7,NVIDIA RTX PRO 6000 Blackwell Server Edition,7.0,3.0,18527.0,97887.0,110.27,32.0
2026-07-31T07:51:31.049266+00:00,13.3,384,14.22900390625,24.5556640625,25.93896484375,323320.69140625,1224316.18359375,1547636.875,20.9,NVIDIA RTX PRO 6000 Blackwell Server Edition,32.0,17.0,18527.0,97887.0,151.03,34.0
2026-07-31T07:51:32.049412+00:00,2.7,384,14.22900390625,24.5556640625,25.93896484375,321206.55859375,1226430.31640625,1547636.875,20.8,NVIDIA RTX PRO 6000 Blackwell Server Edition,21.0,12.0,18527.0,97887.0,154.7,33.0
2026-07-31T07:51:33.049564+00:00,3.9,384,14.22900390625,24.5556640625,25.93896484375,321159.1171875,1226477.7578125,1547636.875,20.8,NVIDIA RTX PRO 6000 Blackwell Server Edition,11.0,6.0,18527.0,97887.0,123.52,33.0
2026-07-31T07:51:34.049700+00:00,4.1,384,14.22900390625,24.5556640625,25.93896484375,321004.0859375,1226632.7890625,1547636.875,20.7,NVIDIA RTX PRO 6000 Blackwell Server Edition,7.0,3.0,18527.0,97887.0,112.57,33.0
2026-07-31T07:51:35.049823+00:00,3.5,384,14.37109375,24.41357421875,25.88525390625,320957.921875,1226678.953125,1547636.875,20.7,NVIDIA RTX PRO 6000 Blackwell Server Edition,5.0,3.0,18527.0,97887.0,104.41,33.0
2026-07-31T07:51:36.050005+00:00,3.8,384,14.37109375,24.41357421875,25.88525390625,320965.73046875,1226671.14453125,1547636.875,20.7,NVIDIA RTX PRO 6000 Blackwell Server Edition,25.0,17.0,18527.0,97887.0,215.56,35.0
2026-07-31T07:51:37.050195+00:00,3.5,384,14.37109375,24.41357421875,25.88525390625,320894.6171875,1226742.2578125,1547636.875,20.7,NVIDIA RTX PRO 6000 Blackwell Server Edition,11.0,7.0,18527.0,97887.0,161.32,34.0
2026-07-31T07:51:38.050410+00:00,5.2,384,14.37109375,24.41357421875,25.88525390625,320732.7109375,1226904.1640625,1547636.875,20.7,NVIDIA RTX PRO 6000 Blackwell Server Edition,6.0,3.0,18527.0,97887.0,135.87,33.0
2026-07-31T07:51:39.050461+00:00,3.5,384,14.37109375,24.41357421875,25.88525390625,320680.80078125,1226956.07421875,1547636.875,20.7,NVIDIA RTX PRO 6000 Blackwell Server Edition,6.0,2.0,18529.0,97887.0,107.15,33.0
2026-07-31T07:51:40.050584+00:00,3.4,384,14.18115234375,24.20703125,25.810546875,320621.69140625,1227015.18359375,1547636.875,20.7,NVIDIA RTX PRO 6000 Blackwell Server Edition,5.0,2.0,18529.0,97887.0,110.7,33.0
2026-07-31T07:51:41.050805+00:00,3.6,384,14.18115234375,24.20703125,25.810546875,320433.015625,1227203.859375,1547636.875,20.7,NVIDIA RTX PRO 6000 Blackwell Server Edition,7.0,3.0,18529.0,97887.0,108.82,33.0
2026-07-31T07:51:42.050967+00:00,4.2,384,14.18115234375,24.20703125,25.810546875,320484.33984375,1227152.53515625,1547636.875,20.7,NVIDIA RTX PRO 6000 Blackwell Server Edition,13.0,7.0,18531.0,97887.0,113.67,33.0
2026-07-31T07:51:43.200168+00:00,13.7,384,14.18115234375,24.20703125,25.810546875,320322.1796875,1227314.6953125,1547636.875,20.7,NVIDIA RTX PRO 6000 Blackwell Server Edition,0.0,0.0,18531.0,97887.0,108.93,32.0
2026-07-31T07:51:44.200445+00:00,14.0,384,14.08642578125,24.0205078125,25.74169921875,320096.65234375,1227540.22265625,1547636.875,20.7,NVIDIA RTX PRO 6000 Blackwell Server Edition,0.0,0.0,18531.0,97887.0,103.18,32.0
2026-07-31T07:51:45.200599+00:00,12.9,384,14.08642578125,24.0205078125,25.74169921875,319964.78125,1227672.09375,1547636.875,20.7,NVIDIA RTX PRO 6000 Blackwell Server Edition,16.0,9.0,18531.0,97887.0,108.23,33.0
2026-07-31T07:51:46.200738+00:00,3.5,384,14.08642578125,24.0205078125,25.74169921875,319921.3984375,1227715.4765625,1547636.875,20.7,NVIDIA RTX PRO 6000 Blackwell Server Edition,8.0,6.0,18531.0,97887.0,109.29,33.0
2026-07-31T07:51:47.200949+00:00,6.5,384,14.08642578125,24.0205078125,25.74169921875,319381.02734375,1228255.84765625,1547636.875,20.6,NVIDIA RTX PRO 6000 Blackwell Server Edition,4.0,1.0,18531.0,97887.0,122.19,32.0
2026-07-31T07:51:48.201120+00:00,3.7,384,14.08642578125,24.0205078125,25.74169921875,319340.0234375,1228296.8515625,1547636.875,20.6,NVIDIA RTX PRO 6000 Blackwell Server Edition,5.0,1.0,18531.0,97887.0,112.0,32.0
2026-07-31T07:51:49.201254+00:00,3.9,384,14.72021484375,23.98681640625,25.72119140625,319300.12109375,1228336.75390625,1547636.875,20.6,NVIDIA RTX PRO 6000 Blackwell Server Edition,9.0,5.0,18531.0,97887.0,106.05,32.0
2026-07-31T07:51:50.201406+00:00,5.2,384,14.72021484375,23.98681640625,25.72119140625,319351.15234375,1228285.72265625,1547636.875,20.6,NVIDIA RTX PRO 6000 Blackwell Server Edition,40.0,19.0,18531.0,97887.0,156.26,35.0
2026-07-31T07:51:51.201539+00:00,3.3,384,14.72021484375,23.98681640625,25.72119140625,319422.57421875,1228214.30078125,1547636.875,20.6,NVIDIA RTX PRO 6000 Blackwell Server Edition,14.0,6.0,18531.0,97887.0,156.13,33.0
2026-07-31T07:51:52.201667+00:00,3.1,384,14.72021484375,23.98681640625,25.72119140625,319595.12890625,1228041.74609375,1547636.875,20.7,NVIDIA RTX PRO 6000 Blackwell Server Edition,10.0,5.0,18531.0,97887.0,129.34,33.0
2026-07-31T07:51:53.201767+00:00,8.8,384,14.72021484375,23.98681640625,25.72119140625,319659.39453125,1227977.48046875,1547636.875,20.7,NVIDIA RTX PRO 6000 Blackwell Server Edition,10.0,6.0,18531.0,97887.0,108.04,33.0
2026-07-31T07:51:54.201903+00:00,17.3,384,15.06298828125,23.90380859375,25.68505859375,319808.98046875,1227827.89453125,1547636.875,20.7,NVIDIA RTX PRO 6000 Blackwell Server Edition,7.0,3.0,18543.0,97887.0,121.23,33.0
2026-07-31T07:51:55.202001+00:00,19.0,384,15.06298828125,23.90380859375,25.68505859375,319685.78515625,1227951.08984375,1547636.875,20.7,NVIDIA RTX PRO 6000 Blackwell Server Edition,3.0,1.0,18551.0,97887.0,105.05,32.0
2026-07-31T07:51:56.202148+00:00,6.3,384,15.06298828125,23.90380859375,25.68505859375,320268.2734375,1227368.6015625,1547636.875,20.7,NVIDIA RTX PRO 6000 Blackwell Server Edition,3.0,1.0,18551.0,97887.0,104.34,32.0
2026-07-31T07:51:57.202289+00:00,2.5,384,15.06298828125,23.90380859375,25.68505859375,320397.13671875,1227239.73828125,1547636.875,20.7,NVIDIA RTX PRO 6000 Blackwell Server Edition,8.0,3.0,18551.0,97887.0,104.51,32.0
2026-07-31T07:51:58.202424+00:00,3.2,384,15.06298828125,23.90380859375,25.68505859375,321815.49609375,1225821.37890625,1547636.875,20.8,NVIDIA RTX PRO 6000 Blackwell Server Edition,38.0,19.0,18551.0,97887.0,224.91,34.0
2026-07-31T07:51:59.202567+00:00,3.1,384,15.93896484375,23.93896484375,25.68701171875,323003.55078125,1224633.32421875,1547636.875,20.9,NVIDIA RTX PRO 6000 Blackwell Server Edition,69.0,35.0,18551.0,97887.0,167.09,37.0
2026-07-31T07:52:00.202702+00:00,3.1,384,15.93896484375,23.93896484375,25.68701171875,322963.33203125,1224673.54296875,1547636.875,20.9,NVIDIA RTX PRO 6000 Blackwell Server Edition,17.0,9.0,18551.0,97887.0,181.48,34.0
2026-07-31T07:52:01.202829+00:00,3.3,384,15.93896484375,23.93896484375,25.68701171875,322975.63671875,1224661.23828125,1547636.875,20.9,NVIDIA RTX PRO 6000 Blackwell Server Edition,16.0,8.0,18551.0,97887.0,113.13,34.0
2026-07-31T07:52:02.202960+00:00,3.0,384,15.93896484375,23.93896484375,25.68701171875,323010.9921875,1224625.8828125,1547636.875,20.9,NVIDIA RTX PRO 6000 Blackwell Server Edition,4.0,1.0,18551.0,97887.0,105.68,33.0
2026-07-31T07:52:03.203100+00:00,5.2,384,15.93896484375,23.93896484375,25.68701171875,323007.3125,1224629.5625,1547636.875,20.9,NVIDIA RTX PRO 6000 Blackwell Server Edition,5.0,3.0,18551.0,97887.0,103.28,33.0
2026-07-31T07:52:04.203258+00:00,3.0,384,15.78369140625,23.77392578125,25.6240234375,323102.6796875,1224534.1953125,1547636.875,20.9,NVIDIA RTX PRO 6000 Blackwell Server Edition,7.0,3.0,18551.0,97887.0,145.92,33.0
2026-07-31T07:52:05.203395+00:00,3.0,384,15.78369140625,23.77392578125,25.6240234375,323106.1875,1224530.6875,1547636.875,20.9,NVIDIA RTX PRO 6000 Blackwell Server Edition,3.0,1.0,18551.0,97887.0,107.65,32.0
2026-07-31T07:52:06.203531+00:00,3.2,384,15.78369140625,23.77392578125,25.6240234375,323228.37890625,1224408.49609375,1547636.875,20.9,NVIDIA RTX PRO 6000 Blackwell Server Edition,6.0,3.0,18551.0,97887.0,112.68,33.0
2026-07-31T07:52:07.203667+00:00,3.6,384,15.78369140625,23.77392578125,25.6240234375,323221.4296875,1224415.4453125,1547636.875,20.9,NVIDIA RTX PRO 6000 Blackwell Server Edition,8.0,4.0,18551.0,97887.0,107.94,33.0
2026-07-31T07:52:08.203800+00:00,3.6,384,15.78369140625,23.77392578125,25.6240234375,323346.39453125,1224290.48046875,1547636.875,20.9,NVIDIA RTX PRO 6000 Blackwell Server Edition,4.0,1.0,18551.0,97887.0,101.77,32.0
2026-07-31T07:52:09.203942+00:00,3.0,384,15.400390625,23.5615234375,25.54541015625,323457.57421875,1224179.30078125,1547636.875,20.9,NVIDIA RTX PRO 6000 Blackwell Server Edition,3.0,1.0,18551.0,97887.0,104.89,32.0
2026-07-31T07:52:10.204083+00:00,4.4,384,15.400390625,23.5615234375,25.54541015625,323543.5234375,1224093.3515625,1547636.875,20.9,NVIDIA RTX PRO 6000 Blackwell Server Edition,9.0,6.0,18551.0,97887.0,105.45,33.0
2026-07-31T07:52:11.204221+00:00,2.9,384,15.400390625,23.5615234375,25.54541015625,323617.734375,1224019.140625,1547636.875,20.9,NVIDIA RTX PRO 6000 Blackwell Server Edition,5.0,2.0,18551.0,97887.0,104.85,32.0
2026-07-31T07:52:12.204547+00:00,2.9,384,15.400390625,23.5615234375,25.54541015625,323694.30859375,1223942.56640625,1547636.875,20.9,NVIDIA RTX PRO 6000 Blackwell Server Edition,5.0,3.0,18551.0,97887.0,100.65,32.0
2026-07-31T07:52:13.204667+00:00,2.9,384,15.400390625,23.5615234375,25.54541015625,323792.9453125,1223843.9296875,1547636.875,20.9,NVIDIA RTX PRO 6000 Blackwell Server Edition,3.0,1.0,18551.0,97887.0,95.04,32.0
2026-07-31T07:52:14.204813+00:00,3.6,384,15.1279296875,23.369140625,25.47265625,323933.0234375,1223703.8515625,1547636.875,20.9,NVIDIA RTX PRO 6000 Blackwell Server Edition,7.0,4.0,18551.0,97887.0,99.07,32.0
2026-07-31T07:52:15.204937+00:00,3.3,384,15.1279296875,23.369140625,25.47265625,324117.6796875,1223519.1953125,1547636.875,20.9,NVIDIA RTX PRO 6000 Blackwell Server Edition,68.0,34.0,18551.0,97887.0,200.14,37.0
2026-07-31T07:52:16.205079+00:00,3.6,384,15.1279296875,23.369140625,25.47265625,324252.6015625,1223384.2734375,1547636.875,21.0,NVIDIA RTX PRO 6000 Blackwell Server Edition,9.0,5.0,18551.0,97887.0,177.22,33.0
2026-07-31T07:52:17.205220+00:00,3.1,384,15.1279296875,23.369140625,25.47265625,324356.87890625,1223279.99609375,1547636.875,21.0,NVIDIA RTX PRO 6000 Blackwell Server Edition,28.0,14.0,18551.0,97887.0,149.02,35.0
2026-07-31T07:52:18.205427+00:00,3.0,384,15.1279296875,23.369140625,25.47265625,324546.46875,1223090.40625,1547636.875,21.0,NVIDIA RTX PRO 6000 Blackwell Server Edition,11.0,5.0,18551.0,97887.0,121.73,33.0
2026-07-31T07:52:19.205604+00:00,3.0,384,15.03759765625,23.21337890625,25.41064453125,324645.609375,1222991.265625,1547636.875,21.0,NVIDIA RTX PRO 6000 Blackwell Server Edition,5.0,2.0,18551.0,97887.0,106.84,32.0
2026-07-31T07:52:20.205736+00:00,3.0,384,15.03759765625,23.21337890625,25.41064453125,324752.32421875,1222884.55078125,1547636.875,21.0,NVIDIA RTX PRO 6000 Blackwell Server Edition,3.0,1.0,18551.0,97887.0,96.54,32.0
2026-07-31T07:52:21.205888+00:00,3.5,384,15.03759765625,23.21337890625,25.41064453125,324839.2578125,1222797.6171875,1547636.875,21.0,NVIDIA RTX PRO 6000 Blackwell Server Edition,4.0,2.0,18551.0,97887.0,101.38,32.0
2026-07-31T07:52:22.206052+00:00,4.5,384,15.03759765625,23.21337890625,25.41064453125,325348.39453125,1222288.48046875,1547636.875,21.0,NVIDIA RTX PRO 6000 Blackwell Server Edition,7.0,4.0,18551.0,97887.0,104.06,32.0
2026-07-31T07:52:23.206155+00:00,2.9,384,15.03759765625,23.21337890625,25.41064453125,325519.296875,1222117.578125,1547636.875,21.0,NVIDIA RTX PRO 6000 Blackwell Server Edition,4.0,1.0,18551.0,97887.0,102.55,32.0
2026-07-31T07:52:24.206455+00:00,4.4,384,15.67529296875,23.20947265625,25.3974609375,325590.87109375,1222046.00390625,1547636.875,21.0,NVIDIA RTX PRO 6000 Blackwell Server Edition,3.0,1.0,18551.0,97887.0,101.83,32.0
2026-07-31T07:52:25.206543+00:00,3.0,384,15.67529296875,23.20947265625,25.3974609375,325727.58984375,1221909.28515625,1547636.875,21.0,NVIDIA RTX PRO 6000 Blackwell Server Edition,4.0,1.0,18551.0,97887.0,99.38,32.0
2026-07-31T07:52:26.206699+00:00,4.4,384,15.67529296875,23.20947265625,25.3974609375,325746.3125,1221890.5625,1547636.875,21.0,NVIDIA RTX PRO 6000 Blackwell Server Edition,7.0,3.0,18551.0,97887.0,97.09,32.0
2026-07-31T07:52:27.206841+00:00,3.9,384,15.67529296875,23.20947265625,25.3974609375,325844.953125,1221791.921875,1547636.875,21.1,NVIDIA RTX PRO 6000 Blackwell Server Edition,5.0,2.0,18551.0,97887.0,105.87,32.0
2026-07-31T07:52:28.207034+00:00,2.9,384,15.67529296875,23.20947265625,25.3974609375,325896.1484375,1221740.7265625,1547636.875,21.1,NVIDIA RTX PRO 6000 Blackwell Server Edition,6.0,3.0,18551.0,97887.0,101.81,32.0
2026-07-31T07:52:29.207261+00:00,3.5,384,15.380859375,23.02294921875,25.3251953125,325980.74609375,1221656.12890625,1547636.875,21.1,NVIDIA RTX PRO 6000 Blackwell Server Edition,15.0,7.0,18551.0,97887.0,159.99,33.0
2026-07-31T07:52:30.207543+00:00,2.8,384,15.380859375,23.02294921875,25.3251953125,326054.625,1221582.25,1547636.875,21.1,NVIDIA RTX PRO 6000 Blackwell Server Edition,7.0,3.0,18551.0,97887.0,118.42,32.0
2026-07-31T07:52:31.207795+00:00,3.2,384,15.380859375,23.02294921875,25.3251953125,326216.6484375,1221420.2265625,1547636.875,21.1,NVIDIA RTX PRO 6000 Blackwell Server Edition,3.0,1.0,18551.0,97887.0,102.47,32.0
2026-07-31T07:52:32.207946+00:00,3.1,384,15.380859375,23.02294921875,25.3251953125,326333.99609375,1221302.87890625,1547636.875,21.1,NVIDIA RTX PRO 6000 Blackwell Server Edition,6.0,2.0,18551.0,97887.0,110.66,32.0
2026-07-31T07:52:33.208090+00:00,3.3,384,15.380859375,23.02294921875,25.3251953125,326399.37890625,1221237.49609375,1547636.875,21.1,NVIDIA RTX PRO 6000 Blackwell Server Edition,10.0,5.0,18551.0,97887.0,107.91,32.0
2026-07-31T07:52:34.208238+00:00,2.9,384,15.27001953125,22.873046875,25.26416015625,326572.6328125,1221064.2421875,1547636.875,21.1,NVIDIA RTX PRO 6000 Blackwell Server Edition,4.0,1.0,18551.0,97887.0,101.74,32.0
2026-07-31T07:52:35.208428+00:00,3.0,384,15.27001953125,22.873046875,25.26416015625,326594.13671875,1221042.73828125,1547636.875,21.1,NVIDIA RTX PRO 6000 Blackwell Server Edition,4.0,1.0,18551.0,97887.0,100.04,32.0
2026-07-31T07:52:36.208570+00:00,3.1,384,15.27001953125,22.873046875,25.26416015625,326847.94921875,1220788.92578125,1547636.875,21.1,NVIDIA RTX PRO 6000 Blackwell Server Edition,4.0,2.0,18551.0,97887.0,100.83,32.0
2026-07-31T07:52:37.208660+00:00,3.4,384,15.27001953125,22.873046875,25.26416015625,327146.92578125,1220489.94921875,1547636.875,21.1,NVIDIA RTX PRO 6000 Blackwell Server Edition,7.0,4.0,18551.0,97887.0,111.54,32.0
2026-07-31T07:52:38.208805+00:00,3.0,384,15.27001953125,22.873046875,25.26416015625,327209.23046875,1220427.64453125,1547636.875,21.1,NVIDIA RTX PRO 6000 Blackwell Server Edition,2.0,1.0,18551.0,97887.0,100.21,32.0
2026-07-31T07:52:39.208928+00:00,2.9,384,14.927734375,22.67578125,25.1875,327193.6328125,1220443.2421875,1547636.875,21.1,NVIDIA RTX PRO 6000 Blackwell Server Edition,2.0,1.0,18551.0,97887.0,102.43,32.0
2026-07-31T07:52:40.209051+00:00,3.3,384,14.927734375,22.67578125,25.1875,327182.3359375,1220454.5390625,1547636.875,21.1,NVIDIA RTX PRO 6000 Blackwell Server Edition,10.0,4.0,18551.0,97887.0,272.38,33.0
2026-07-31T07:52:41.209179+00:00,3.1,384,14.927734375,22.67578125,25.1875,327093.38671875,1220543.48828125,1547636.875,21.1,NVIDIA RTX PRO 6000 Blackwell Server Edition,6.0,3.0,18551.0,97887.0,103.64,32.0
2026-07-31T07:52:42.209427+00:00,3.5,384,14.927734375,22.67578125,25.1875,327050.54296875,1220586.33203125,1547636.875,21.1,NVIDIA RTX PRO 6000 Blackwell Server Edition,3.0,1.0,18551.0,97887.0,103.44,32.0
2026-07-31T07:52:43.209512+00:00,4.7,384,14.927734375,22.67578125,25.1875,326999.2578125,1220637.6171875,1547636.875,21.1,NVIDIA RTX PRO 6000 Blackwell Server Edition,6.0,2.0,18551.0,97887.0,97.9,32.0
2026-07-31T07:52:44.209636+00:00,3.0,384,14.69287109375,22.49853515625,25.1162109375,327084.8515625,1220552.0234375,1547636.875,21.1,NVIDIA RTX PRO 6000 Blackwell Server Edition,6.0,2.0,18551.0,97887.0,105.64,32.0
2026-07-31T07:52:45.209773+00:00,2.9,384,14.69287109375,22.49853515625,25.1162109375,327170.05078125,1220466.82421875,1547636.875,21.1,NVIDIA RTX PRO 6000 Blackwell Server Edition,5.0,2.0,18551.0,97887.0,115.06,32.0
2026-07-31T07:52:46.209943+00:00,3.2,384,14.69287109375,22.49853515625,25.1162109375,327129.2890625,1220507.5859375,1547636.875,21.1,NVIDIA RTX PRO 6000 Blackwell Server Edition,6.0,2.0,18551.0,97887.0,104.87,32.0
2026-07-31T07:52:47.210078+00:00,3.1,384,14.69287109375,22.49853515625,25.1162109375,326974.53515625,1220662.33984375,1547636.875,21.1,NVIDIA RTX PRO 6000 Blackwell Server Edition,3.0,1.0,18551.0,97887.0,95.57,32.0
2026-07-31T07:52:48.210244+00:00,3.6,384,14.69287109375,22.49853515625,25.1162109375,326953.30078125,1220683.57421875,1547636.875,21.1,NVIDIA RTX PRO 6000 Blackwell Server Edition,9.0,2.0,18551.0,97887.0,109.77,32.0
2026-07-31T07:52:49.210382+00:00,3.3,384,14.7177734375,22.3740234375,25.0615234375,326895.53125,1220741.34375,1547636.875,21.1,NVIDIA RTX PRO 6000 Blackwell Server Edition,4.0,2.0,18551.0,97887.0,95.31,32.0
2026-07-31T07:52:50.210526+00:00,3.9,384,14.7177734375,22.3740234375,25.0615234375,326785.359375,1220851.515625,1547636.875,21.1,NVIDIA RTX PRO 6000 Blackwell Server Edition,8.0,5.0,18551.0,97887.0,98.33,32.0
2026-07-31T07:52:51.210664+00:00,3.0,384,14.7177734375,22.3740234375,25.0615234375,326737.3203125,1220899.5546875,1547636.875,21.1,NVIDIA RTX PRO 6000 Blackwell Server Edition,14.0,6.0,18551.0,97887.0,136.04,33.0
2026-07-31T07:52:52.210807+00:00,2.9,384,14.7177734375,22.3740234375,25.0615234375,326755.30859375,1220881.56640625,1547636.875,21.1,NVIDIA RTX PRO 6000 Blackwell Server Edition,5.0,2.0,18551.0,97887.0,112.83,32.0
2026-07-31T07:52:53.210979+00:00,3.1,384,14.7177734375,22.3740234375,25.0615234375,326705.34375,1220931.53125,1547636.875,21.1,NVIDIA RTX PRO 6000 Blackwell Server Edition,4.0,2.0,18551.0,97887.0,99.26,32.0
2026-07-31T07:52:54.211106+00:00,3.6,384,14.90087890625,22.28466796875,25.01806640625,327068.01171875,1220568.86328125,1547636.875,21.1,NVIDIA RTX PRO 6000 Blackwell Server Edition,24.0,12.0,18551.0,97887.0,172.95,33.0
2026-07-31T07:52:55.211218+00:00,4.3,384,14.90087890625,22.28466796875,25.01806640625,327083.62109375,1220553.25390625,1547636.875,21.1,NVIDIA RTX PRO 6000 Blackwell Server Edition,9.0,4.0,18551.0,97887.0,123.38,33.0
2026-07-31T07:52:56.211382+00:00,2.9,384,14.90087890625,22.28466796875,25.01806640625,327005.53125,1220631.34375,1547636.875,21.1,NVIDIA RTX PRO 6000 Blackwell Server Edition,2.0,1.0,18551.0,97887.0,104.1,32.0
2026-07-31T07:52:57.211524+00:00,3.9,384,14.90087890625,22.28466796875,25.01806640625,326953.109375,1220683.765625,1547636.875,21.1,NVIDIA RTX PRO 6000 Blackwell Server Edition,10.0,4.0,18551.0,97887.0,107.85,32.0
2026-07-31T07:52:58.211666+00:00,3.2,384,14.90087890625,22.28466796875,25.01806640625,326893.4375,1220743.4375,1547636.875,21.1,NVIDIA RTX PRO 6000 Blackwell Server Edition,4.0,1.0,18551.0,97887.0,105.26,32.0
2026-07-31T07:52:59.211802+00:00,3.1,384,14.50830078125,22.08056640625,24.93701171875,326859.25390625,1220777.62109375,1547636.875,21.1,NVIDIA RTX PRO 6000 Blackwell Server Edition,7.0,3.0,18551.0,97887.0,103.46,32.0
2026-07-31T07:53:00.211941+00:00,4.0,384,14.50830078125,22.08056640625,24.93701171875,326805.91796875,1220830.95703125,1547636.875,21.1,NVIDIA RTX PRO 6000 Blackwell Server Edition,5.0,2.0,18551.0,97887.0,99.88,32.0
2026-07-31T07:53:01.212082+00:00,2.8,384,14.50830078125,22.08056640625,24.93701171875,326712.21875,1220924.65625,1547636.875,21.1,NVIDIA RTX PRO 6000 Blackwell Server Edition,6.0,3.0,18551.0,97887.0,104.27,32.0
2026-07-31T07:53:02.212234+00:00,3.7,384,14.50830078125,22.08056640625,24.93701171875,326771.90625,1220864.96875,1547636.875,21.1,NVIDIA RTX PRO 6000 Blackwell Server Edition,3.0,1.0,18551.0,97887.0,102.78,32.0
2026-07-31T07:53:03.212401+00:00,3.4,384,14.50830078125,22.08056640625,24.93701171875,326712.140625,1220924.734375,1547636.875,21.1,NVIDIA RTX PRO 6000 Blackwell Server Edition,3.0,1.0,18551.0,97887.0,95.24,32.0
2026-07-31T07:53:04.212541+00:00,3.6,384,14.22705078125,21.896484375,24.86181640625,326493.2734375,1221143.6015625,1547636.875,21.1,NVIDIA RTX PRO 6000 Blackwell Server Edition,6.0,3.0,18551.0,97887.0,97.2,32.0
2026-07-31T07:53:05.212674+00:00,2.9,384,14.22705078125,21.896484375,24.86181640625,326495.2578125,1221141.6171875,1547636.875,21.1,NVIDIA RTX PRO 6000 Blackwell Server Edition,2.0,1.0,18551.0,97887.0,94.02,32.0
2026-07-31T07:53:06.212801+00:00,3.2,384,14.22705078125,21.896484375,24.86181640625,327023.34765625,1220613.52734375,1547636.875,21.1,NVIDIA RTX PRO 6000 Blackwell Server Edition,93.0,47.0,20065.0,97887.0,254.53,38.0
2026-07-31T07:53:07.212904+00:00,3.5,384,14.22705078125,21.896484375,24.86181640625,326946.40234375,1220690.47265625,1547636.875,21.1,NVIDIA RTX PRO 6000 Blackwell Server Edition,17.0,10.0,20065.0,97887.0,300.33,34.0
2026-07-31T07:53:08.213051+00:00,2.9,384,14.22705078125,21.896484375,24.86181640625,326875.38671875,1220761.48828125,1547636.875,21.1,NVIDIA RTX PRO 6000 Blackwell Server Edition,4.0,2.0,20065.0,97887.0,117.46,33.0
2026-07-31T07:53:09.213177+00:00,2.9,384,14.04833984375,21.73193359375,24.79248046875,326856.0,1220780.875,1547636.875,21.1,NVIDIA RTX PRO 6000 Blackwell Server Edition,4.0,1.0,20065.0,97887.0,96.04,32.0
2026-07-31T07:53:10.213306+00:00,3.4,384,14.04833984375,21.73193359375,24.79248046875,326767.84765625,1220869.02734375,1547636.875,21.1,NVIDIA RTX PRO 6000 Blackwell Server Edition,2.0,1.0,20065.0,97887.0,94.24,32.0
2026-07-31T07:53:11.213433+00:00,4.3,384,14.04833984375,21.73193359375,24.79248046875,326730.12109375,1220906.75390625,1547636.875,21.1,NVIDIA RTX PRO 6000 Blackwell Server Edition,11.0,5.0,20065.0,97887.0,108.01,32.0
2026-07-31T07:53:12.213566+00:00,4.5,384,14.04833984375,21.73193359375,24.79248046875,327063.24609375,1220573.62890625,1547636.875,21.1,NVIDIA RTX PRO 6000 Blackwell Server Edition,4.0,1.0,20065.0,97887.0,98.7,32.0
2026-07-31T07:53:13.213716+00:00,2.9,384,14.04833984375,21.73193359375,24.79248046875,327048.90625,1220587.96875,1547636.875,21.1,NVIDIA RTX PRO 6000 Blackwell Server Edition,3.0,1.0,20065.0,97887.0,95.46,32.0
2026-07-31T07:53:14.213820+00:00,4.0,384,13.96435546875,21.5869140625,24.72900390625,326789.953125,1220846.921875,1547636.875,21.1,NVIDIA RTX PRO 6000 Blackwell Server Edition,3.0,1.0,20065.0,97887.0,96.42,32.0
2026-07-31T07:53:15.213957+00:00,2.9,384,13.96435546875,21.5869140625,24.72900390625,326479.984375,1221156.890625,1547636.875,21.1,NVIDIA RTX PRO 6000 Blackwell Server Edition,4.0,1.0,20065.0,97887.0,95.83,32.0
2026-07-31T07:53:16.214086+00:00,3.3,384,13.96435546875,21.5869140625,24.72900390625,326441.21484375,1221195.66015625,1547636.875,21.1,NVIDIA RTX PRO 6000 Blackwell Server Edition,16.0,7.0,20065.0,97887.0,122.48,33.0
2026-07-31T07:53:17.214218+00:00,3.0,384,13.96435546875,21.5869140625,24.72900390625,326377.671875,1221259.203125,1547636.875,21.1,NVIDIA RTX PRO 6000 Blackwell Server Edition,6.0,2.0,20065.0,97887.0,113.4,32.0
2026-07-31T07:53:18.214421+00:00,2.8,384,13.96435546875,21.5869140625,24.72900390625,326267.21484375,1221369.66015625,1547636.875,21.1,NVIDIA RTX PRO 6000 Blackwell Server Edition,3.0,1.0,20065.0,97887.0,103.71,32.0
2026-07-31T07:53:19.214594+00:00,2.9,384,13.88671875,21.4443359375,24.66552734375,326253.06640625,1221383.80859375,1547636.875,21.1,NVIDIA RTX PRO 6000 Blackwell Server Edition,4.0,1.0,20065.0,97887.0,98.17,32.0
2026-07-31T07:53:20.214731+00:00,3.7,384,13.88671875,21.4443359375,24.66552734375,326190.5,1221446.375,1547636.875,21.1,NVIDIA RTX PRO 6000 Blackwell Server Edition,2.0,1.0,20065.0,97887.0,95.7,32.0
2026-07-31T07:53:21.214863+00:00,2.9,384,13.88671875,21.4443359375,24.66552734375,326204.05859375,1221432.81640625,1547636.875,21.1,NVIDIA RTX PRO 6000 Blackwell Server Edition,5.0,1.0,20065.0,97887.0,97.73,32.0
2026-07-31T07:53:22.214980+00:00,2.8,384,13.88671875,21.4443359375,24.66552734375,326191.8359375,1221445.0390625,1547636.875,21.1,NVIDIA RTX PRO 6000 Blackwell Server Edition,5.0,2.0,20065.0,97887.0,94.75,32.0
2026-07-31T07:53:23.215099+00:00,2.9,384,13.88671875,21.4443359375,24.66552734375,326136.953125,1221499.921875,1547636.875,21.1,NVIDIA RTX PRO 6000 Blackwell Server Edition,5.0,2.0,20065.0,97887.0,96.04,32.0
2026-07-31T07:53:24.215228+00:00,2.9,384,13.4951171875,21.2373046875,24.5810546875,326096.98046875,1221539.89453125,1547636.875,21.1,NVIDIA RTX PRO 6000 Blackwell Server Edition,5.0,1.0,20065.0,97887.0,96.59,32.0
2026-07-31T07:53:25.215416+00:00,5.8,384,13.4951171875,21.2373046875,24.5810546875,326043.9375,1221592.9375,1547636.875,21.1,NVIDIA RTX PRO 6000 Blackwell Server Edition,8.0,3.0,20065.0,97887.0,120.47,32.0
2026-07-31T07:53:26.215541+00:00,3.7,384,13.4951171875,21.2373046875,24.5810546875,326235.01171875,1221401.86328125,1547636.875,21.1,NVIDIA RTX PRO 6000 Blackwell Server Edition,8.0,4.0,20065.0,97887.0,111.3,32.0
2026-07-31T07:53:27.215672+00:00,3.0,384,13.4951171875,21.2373046875,24.5810546875,326354.19140625,1221282.68359375,1547636.875,21.1,NVIDIA RTX PRO 6000 Blackwell Server Edition,3.0,1.0,20065.0,97887.0,97.76,32.0
2026-07-31T07:53:28.215804+00:00,2.8,384,13.4951171875,21.2373046875,24.5810546875,326324.921875,1221311.953125,1547636.875,21.1,NVIDIA RTX PRO 6000 Blackwell Server Edition,2.0,0.0,20065.0,97887.0,91.75,31.0
2026-07-31T07:53:29.215975+00:00,4.0,384,13.375,21.08349609375,24.51318359375,326276.85546875,1221360.01953125,1547636.875,21.1,NVIDIA RTX PRO 6000 Blackwell Server Edition,2.0,1.0,20065.0,97887.0,91.52,31.0
2026-07-31T07:53:30.216115+00:00,3.0,384,13.375,21.08349609375,24.51318359375,326281.421875,1221355.453125,1547636.875,21.1,NVIDIA RTX PRO 6000 Blackwell Server Edition,23.0,11.0,20065.0,97887.0,125.42,32.0
2026-07-31T07:53:31.216273+00:00,2.8,384,13.375,21.08349609375,24.51318359375,326260.83984375,1221376.03515625,1547636.875,21.1,NVIDIA RTX PRO 6000 Blackwell Server Edition,11.0,6.0,20065.0,97887.0,143.74,32.0
2026-07-31T07:53:32.216518+00:00,3.0,384,13.375,21.08349609375,24.51318359375,325969.7578125,1221667.1171875,1547636.875,21.1,NVIDIA RTX PRO 6000 Blackwell Server Edition,6.0,3.0,20065.0,97887.0,109.79,32.0
2026-07-31T07:53:33.216670+00:00,2.9,384,13.375,21.08349609375,24.51318359375,326038.546875,1221598.328125,1547636.875,21.1,NVIDIA RTX PRO 6000 Blackwell Server Edition,16.0,8.0,20065.0,97887.0,132.58,34.0
2026-07-31T07:53:34.216855+00:00,3.1,384,12.9443359375,20.8662109375,24.42431640625,326164.85546875,1221472.01953125,1547636.875,21.1,NVIDIA RTX PRO 6000 Blackwell Server Edition,17.0,9.0,20065.0,97887.0,143.89,32.0
2026-07-31T07:53:35.216994+00:00,3.0,384,12.9443359375,20.8662109375,24.42431640625,326236.453125,1221400.421875,1547636.875,21.1,NVIDIA RTX PRO 6000 Blackwell Server Edition,5.0,2.0,20065.0,97887.0,114.08,32.0
2026-07-31T07:53:36.217091+00:00,2.9,384,12.9443359375,20.8662109375,24.42431640625,326217.03515625,1221419.83984375,1547636.875,21.1,NVIDIA RTX PRO 6000 Blackwell Server Edition,4.0,1.0,20065.0,97887.0,93.98,32.0
2026-07-31T07:53:37.217230+00:00,2.8,384,12.9443359375,20.8662109375,24.42431640625,326231.54296875,1221405.33203125,1547636.875,21.1,NVIDIA RTX PRO 6000 Blackwell Server Edition,3.0,1.0,20065.0,97887.0,92.26,32.0
2026-07-31T07:53:38.217401+00:00,3.3,384,12.9443359375,20.8662109375,24.42431640625,326009.7734375,1221627.1015625,1547636.875,21.1,NVIDIA RTX PRO 6000 Blackwell Server Edition,8.0,5.0,20065.0,97887.0,109.78,33.0
2026-07-31T07:53:39.217545+00:00,2.9,384,12.94921875,20.7353515625,24.36279296875,325997.046875,1221639.828125,1547636.875,21.1,NVIDIA RTX PRO 6000 Blackwell Server Edition,4.0,2.0,20065.0,97887.0,119.77,32.0
2026-07-31T07:53:40.217688+00:00,2.9,384,12.94921875,20.7353515625,24.36279296875,325957.05078125,1221679.82421875,1547636.875,21.1,NVIDIA RTX PRO 6000 Blackwell Server Edition,3.0,1.0,20065.0,97887.0,98.56,32.0
2026-07-31T07:53:41.217792+00:00,3.1,384,12.94921875,20.7353515625,24.36279296875,325915.4296875,1221721.4453125,1547636.875,21.1,NVIDIA RTX PRO 6000 Blackwell Server Edition,3.0,1.0,20065.0,97887.0,94.92,32.0
2026-07-31T07:53:42.217957+00:00,3.1,384,12.94921875,20.7353515625,24.36279296875,325924.4296875,1221712.4453125,1547636.875,21.1,NVIDIA RTX PRO 6000 Blackwell Server Edition,4.0,1.0,20065.0,97887.0,95.41,32.0
2026-07-31T07:53:43.218093+00:00,3.8,384,12.94921875,20.7353515625,24.36279296875,325955.61328125,1221681.26171875,1547636.875,21.1,NVIDIA RTX PRO 6000 Blackwell Server Edition,3.0,1.0,20065.0,97887.0,96.69,32.0
2026-07-31T07:53:44.218169+00:00,3.0,384,12.95361328125,20.6064453125,24.3017578125,325904.84765625,1221732.02734375,1547636.875,21.1,NVIDIA RTX PRO 6000 Blackwell Server Edition,4.0,1.0,20065.0,97887.0,96.7,31.0
2026-07-31T07:53:45.218422+00:00,3.0,384,12.95361328125,20.6064453125,24.3017578125,325902.9140625,1221733.9609375,1547636.875,21.1,NVIDIA RTX PRO 6000 Blackwell Server Edition,3.0,1.0,20065.0,97887.0,98.16,32.0
2026-07-31T07:53:46.218538+00:00,2.1,384,12.95361328125,20.6064453125,24.3017578125,323333.97265625,1224302.90234375,1547636.875,20.9,NVIDIA RTX PRO 6000 Blackwell Server Edition,4.0,1.0,20065.0,97887.0,99.97,32.0
2026-07-31T07:53:47.218614+00:00,2.5,384,12.95361328125,20.6064453125,24.3017578125,323834.9609375,1223801.9140625,1547636.875,20.9,NVIDIA RTX PRO 6000 Blackwell Server Edition,3.0,1.0,20065.0,97887.0,97.45,31.0
2026-07-31T07:53:48.218770+00:00,2.0,384,12.95361328125,20.6064453125,24.3017578125,324201.8515625,1223435.0234375,1547636.875,20.9,NVIDIA RTX PRO 6000 Blackwell Server Edition,1.0,0.0,20065.0,97887.0,94.04,31.0
2026-07-31T07:53:49.218881+00:00,2.0,384,12.63671875,20.41357421875,24.21923828125,325665.046875,1221971.828125,1547636.875,21.0,NVIDIA RTX PRO 6000 Blackwell Server Edition,3.0,1.0,20065.0,97887.0,101.74,32.0
2026-07-31T07:53:50.219022+00:00,2.9,384,12.63671875,20.41357421875,24.21923828125,324985.15234375,1222651.72265625,1547636.875,21.0,NVIDIA RTX PRO 6000 Blackwell Server Edition,2.0,1.0,20065.0,97887.0,93.73,31.0
2026-07-31T07:53:51.219182+00:00,3.0,384,12.63671875,20.41357421875,24.21923828125,323594.4375,1224042.4375,1547636.875,20.9,NVIDIA RTX PRO 6000 Blackwell Server Edition,3.0,1.0,20065.0,97887.0,93.23,31.0
2026-07-31T07:53:52.219306+00:00,3.2,384,12.63671875,20.41357421875,24.21923828125,323589.171875,1224047.703125,1547636.875,20.9,NVIDIA RTX PRO 6000 Blackwell Server Edition,3.0,1.0,20065.0,97887.0,93.16,31.0
2026-07-31T07:53:53.219351+00:00,2.9,384,12.63671875,20.41357421875,24.21923828125,323660.0546875,1223976.8203125,1547636.875,20.9,NVIDIA RTX PRO 6000 Blackwell Server Edition,3.0,1.0,20065.0,97887.0,92.35,31.0
2026-07-31T07:53:54.219514+00:00,4.2,384,12.50537109375,20.2568359375,24.14794921875,323639.390625,1223997.484375,1547636.875,20.9,NVIDIA RTX PRO 6000 Blackwell Server Edition,5.0,2.0,20065.0,97887.0,93.78,31.0
2026-07-31T07:53:55.219649+00:00,2.9,384,12.50537109375,20.2568359375,24.14794921875,323670.55078125,1223966.32421875,1547636.875,20.9,NVIDIA RTX PRO 6000 Blackwell Server Edition,41.0,20.0,20065.0,97887.0,238.25,35.0
2026-07-31T07:53:56.219776+00:00,3.9,384,12.50537109375,20.2568359375,24.14794921875,323598.49609375,1224038.37890625,1547636.875,20.9,NVIDIA RTX PRO 6000 Blackwell Server Edition,11.0,5.0,20065.0,97887.0,128.24,33.0
2026-07-31T07:53:57.219891+00:00,2.9,384,12.50537109375,20.2568359375,24.14794921875,323612.01171875,1224024.86328125,1547636.875,20.9,NVIDIA RTX PRO 6000 Blackwell Server Edition,4.0,1.0,20065.0,97887.0,102.11,32.0
2026-07-31T07:53:58.220025+00:00,2.8,384,12.50537109375,20.2568359375,24.14794921875,323582.7578125,1224054.1171875,1547636.875,20.9,NVIDIA RTX PRO 6000 Blackwell Server Edition,3.0,1.0,20065.0,97887.0,93.85,32.0
2026-07-31T07:53:59.220158+00:00,2.9,384,12.14453125,20.05322265625,24.06103515625,323569.46875,1224067.40625,1547636.875,20.9,NVIDIA RTX PRO 6000 Blackwell Server Edition,2.0,1.0,20065.0,97887.0,93.87,32.0
2026-07-31T07:54:00.220288+00:00,3.0,384,12.14453125,20.05322265625,24.06103515625,323522.59375,1224114.28125,1547636.875,20.9,NVIDIA RTX PRO 6000 Blackwell Server Edition,4.0,1.0,20065.0,97887.0,94.43,31.0
2026-07-31T07:54:01.220418+00:00,2.7,384,12.14453125,20.05322265625,24.06103515625,323509.26953125,1224127.60546875,1547636.875,20.9,NVIDIA RTX PRO 6000 Blackwell Server Edition,3.0,1.0,20065.0,97887.0,94.71,31.0
2026-07-31T07:54:02.220547+00:00,4.3,384,12.14453125,20.05322265625,24.06103515625,323937.890625,1223698.984375,1547636.875,20.9,NVIDIA RTX PRO 6000 Blackwell Server Edition,5.0,1.0,20065.0,97887.0,96.28,31.0
2026-07-31T07:54:03.220677+00:00,2.8,384,12.14453125,20.05322265625,24.06103515625,323935.05859375,1223701.81640625,1547636.875,20.9,NVIDIA RTX PRO 6000 Blackwell Server Edition,3.0,1.0,20065.0,97887.0,95.02,31.0
2026-07-31T07:54:04.220809+00:00,3.3,384,12.21337890625,19.93603515625,24.00146484375,323895.96875,1223740.90625,1547636.875,20.9,NVIDIA RTX PRO 6000 Blackwell Server Edition,5.0,1.0,20065.0,97887.0,96.5,31.0
2026-07-31T07:54:05.220957+00:00,4.0,384,12.21337890625,19.93603515625,24.00146484375,323861.3359375,1223775.5390625,1547636.875,20.9,NVIDIA RTX PRO 6000 Blackwell Server Edition,4.0,1.0,20065.0,97887.0,96.56,31.0
2026-07-31T07:54:06.221129+00:00,2.8,384,12.21337890625,19.93603515625,24.00146484375,323778.6015625,1223858.2734375,1547636.875,20.9,NVIDIA RTX PRO 6000 Blackwell Server Edition,2.0,1.0,20065.0,97887.0,94.22,31.0
2026-07-31T07:54:07.221252+00:00,2.8,384,12.21337890625,19.93603515625,24.00146484375,323781.67578125,1223855.19921875,1547636.875,20.9,NVIDIA RTX PRO 6000 Blackwell Server Edition,3.0,1.0,20065.0,97887.0,95.03,31.0
2026-07-31T07:54:08.221410+00:00,2.8,384,12.21337890625,19.93603515625,24.00146484375,323753.12109375,1223883.75390625,1547636.875,20.9,NVIDIA RTX PRO 6000 Blackwell Server Edition,3.0,1.0,20065.0,97887.0,94.26,31.0
2026-07-31T07:54:09.221540+00:00,2.8,384,12.27685546875,19.82080078125,23.94189453125,323732.5859375,1223904.2890625,1547636.875,20.9,NVIDIA RTX PRO 6000 Blackwell Server Edition,4.0,1.0,20065.0,97887.0,95.37,31.0
2026-07-31T07:54:10.221671+00:00,3.3,384,12.27685546875,19.82080078125,23.94189453125,323710.45703125,1223926.41796875,1547636.875,20.9,NVIDIA RTX PRO 6000 Blackwell Server Edition,3.0,1.0,20065.0,97887.0,93.83,31.0
2026-07-31T07:54:11.221802+00:00,3.3,384,12.27685546875,19.82080078125,23.94189453125,323711.9765625,1223924.8984375,1547636.875,20.9,NVIDIA RTX PRO 6000 Blackwell Server Edition,4.0,2.0,20065.0,97887.0,94.54,31.0
2026-07-31T07:54:12.221880+00:00,3.4,384,12.27685546875,19.82080078125,23.94189453125,323636.40234375,1224000.47265625,1547636.875,20.9,NVIDIA RTX PRO 6000 Blackwell Server Edition,34.0,17.0,20065.0,97887.0,140.38,34.0
2026-07-31T07:54:13.221997+00:00,2.8,384,12.27685546875,19.82080078125,23.94189453125,323678.421875,1223958.453125,1547636.875,20.9,NVIDIA RTX PRO 6000 Blackwell Server Edition,10.0,5.0,20065.0,97887.0,140.24,32.0
2026-07-31T07:54:14.222129+00:00,2.9,384,12.4150390625,19.72412109375,23.88818359375,323785.85546875,1223851.01953125,1547636.875,20.9,NVIDIA RTX PRO 6000 Blackwell Server Edition,7.0,2.0,20065.0,97887.0,109.15,32.0
2026-07-31T07:54:15.222247+00:00,2.3,384,12.4150390625,19.72412109375,23.88818359375,324242.30078125,1223394.57421875,1547636.875,21.0,NVIDIA RTX PRO 6000 Blackwell Server Edition,5.0,1.0,20065.0,97887.0,98.78,32.0
2026-07-31T07:54:16.222358+00:00,2.0,384,12.4150390625,19.72412109375,23.88818359375,325140.29296875,1222496.58203125,1547636.875,21.0,NVIDIA RTX PRO 6000 Blackwell Server Edition,3.0,1.0,20065.0,97887.0,93.88,31.0
2026-07-31T07:54:17.222498+00:00,7.5,384,12.4150390625,19.72412109375,23.88818359375,326778.33984375,1220858.53515625,1547636.875,21.1,NVIDIA RTX PRO 6000 Blackwell Server Edition,5.0,1.0,20067.0,97887.0,92.98,31.0
2026-07-31T07:54:18.222591+00:00,13.2,384,12.4150390625,19.72412109375,23.88818359375,326760.12109375,1220876.75390625,1547636.875,21.1,NVIDIA RTX PRO 6000 Blackwell Server Edition,3.0,1.0,20067.0,97887.0,91.54,31.0
2026-07-31T07:54:19.222662+00:00,13.2,384,12.4619140625,19.6123046875,23.82958984375,326686.87890625,1220949.99609375,1547636.875,21.1,NVIDIA RTX PRO 6000 Blackwell Server Edition,11.0,3.0,20067.0,97887.0,91.29,31.0
2026-07-31T07:54:20.222821+00:00,9.4,384,12.4619140625,19.6123046875,23.82958984375,326635.6953125,1221001.1796875,1547636.875,21.1,NVIDIA RTX PRO 6000 Blackwell Server Edition,4.0,1.0,20067.0,97887.0,94.43,31.0
2026-07-31T07:54:21.222956+00:00,3.9,384,12.4619140625,19.6123046875,23.82958984375,326563.68359375,1221073.19140625,1547636.875,21.1,NVIDIA RTX PRO 6000 Blackwell Server Edition,4.0,1.0,20067.0,97887.0,93.23,31.0
2026-07-31T07:54:22.223082+00:00,2.8,384,12.4619140625,19.6123046875,23.82958984375,326503.9453125,1221132.9296875,1547636.875,21.1,NVIDIA RTX PRO 6000 Blackwell Server Edition,3.0,1.0,20067.0,97887.0,93.35,31.0
2026-07-31T07:54:23.223234+00:00,3.0,384,12.4619140625,19.6123046875,23.82958984375,326404.72265625,1221232.15234375,1547636.875,21.1,NVIDIA RTX PRO 6000 Blackwell Server Edition,4.0,1.0,20067.0,97887.0,94.45,31.0
2026-07-31T07:54:24.223388+00:00,8.8,384,12.66552734375,19.53564453125,23.78173828125,326626.8046875,1221010.0703125,1547636.875,21.1,NVIDIA RTX PRO 6000 Blackwell Server Edition,8.0,4.0,20067.0,97887.0,114.92,32.0
2026-07-31T07:54:25.223559+00:00,3.3,384,12.66552734375,19.53564453125,23.78173828125,326642.9765625,1220993.8984375,1547636.875,21.1,NVIDIA RTX PRO 6000 Blackwell Server Edition,6.0,1.0,20067.0,97887.0,111.05,31.0
2026-07-31T07:54:26.223708+00:00,4.5,384,12.66552734375,19.53564453125,23.78173828125,326613.44921875,1221023.42578125,1547636.875,21.1,NVIDIA RTX PRO 6000 Blackwell Server Edition,5.0,1.0,20067.0,97887.0,101.58,31.0
2026-07-31T07:54:27.223859+00:00,3.5,384,12.66552734375,19.53564453125,23.78173828125,326378.6640625,1221258.2109375,1547636.875,21.1,NVIDIA RTX PRO 6000 Blackwell Server Edition,4.0,1.0,20067.0,97887.0,94.31,31.0
2026-07-31T07:54:28.224051+00:00,2.8,384,12.66552734375,19.53564453125,23.78173828125,326367.13671875,1221269.73828125,1547636.875,21.1,NVIDIA RTX PRO 6000 Blackwell Server Edition,3.0,1.0,20067.0,97887.0,92.01,31.0
2026-07-31T07:54:29.224191+00:00,2.8,384,12.53173828125,19.3935546875,23.712890625,326315.953125,1221320.921875,1547636.875,21.1,NVIDIA RTX PRO 6000 Blackwell Server Edition,2.0,0.0,20067.0,97887.0,92.75,31.0
2026-07-31T07:54:30.224315+00:00,3.3,384,12.53173828125,19.3935546875,23.712890625,326315.63671875,1221321.23828125,1547636.875,21.1,NVIDIA RTX PRO 6000 Blackwell Server Edition,2.0,0.0,20067.0,97887.0,92.1,31.0
2026-07-31T07:54:31.224391+00:00,3.1,384,12.53173828125,19.3935546875,23.712890625,326384.9609375,1221251.9140625,1547636.875,21.1,NVIDIA RTX PRO 6000 Blackwell Server Edition,2.0,0.0,20067.0,97887.0,90.87,31.0
2026-07-31T07:54:32.224536+00:00,2.9,384,12.53173828125,19.3935546875,23.712890625,326369.9765625,1221266.8984375,1547636.875,21.1,NVIDIA RTX PRO 6000 Blackwell Server Edition,2.0,0.0,20067.0,97887.0,96.22,31.0
2026-07-31T07:54:33.224681+00:00,2.7,384,12.53173828125,19.3935546875,23.712890625,326200.95703125,1221435.91796875,1547636.875,21.1,NVIDIA RTX PRO 6000 Blackwell Server Edition,2.0,0.0,20067.0,97887.0,91.95,31.0
2026-07-31T07:54:34.224865+00:00,3.1,384,12.40869140625,19.25390625,23.64453125,326180.94921875,1221455.92578125,1547636.875,21.1,NVIDIA RTX PRO 6000 Blackwell Server Edition,2.0,1.0,20067.0,97887.0,94.66,31.0
2026-07-31T07:54:35.225002+00:00,2.9,384,12.40869140625,19.25390625,23.64453125,326162.31640625,1221474.55859375,1547636.875,21.1,NVIDIA RTX PRO 6000 Blackwell Server Edition,2.0,0.0,20067.0,97887.0,95.82,31.0
2026-07-31T07:54:36.225153+00:00,2.7,384,12.40869140625,19.25390625,23.64453125,326222.40234375,1221414.47265625,1547636.875,21.1,NVIDIA RTX PRO 6000 Blackwell Server Edition,5.0,1.0,20067.0,97887.0,96.69,31.0
2026-07-31T07:54:37.225266+00:00,2.7,384,12.40869140625,19.25390625,23.64453125,326223.63671875,1221413.23828125,1547636.875,21.1,NVIDIA RTX PRO 6000 Blackwell Server Edition,4.0,1.0,20067.0,97887.0,99.28,31.0
2026-07-31T07:54:38.225464+00:00,8.8,384,12.40869140625,19.25390625,23.64453125,326107.98046875,1221528.89453125,1547636.875,21.1,NVIDIA RTX PRO 6000 Blackwell Server Edition,2.0,0.0,20067.0,97887.0,91.42,31.0
2026-07-31T07:54:39.225560+00:00,13.7,384,12.21533203125,19.10009765625,23.57080078125,326083.18359375,1221553.69140625,1547636.875,21.1,NVIDIA RTX PRO 6000 Blackwell Server Edition,4.0,1.0,20067.0,97887.0,90.3,31.0
2026-07-31T07:54:40.225645+00:00,13.2,384,12.21533203125,19.10009765625,23.57080078125,326173.9375,1221462.9375,1547636.875,21.1,NVIDIA RTX PRO 6000 Blackwell Server Edition,17.0,7.0,20067.0,97887.0,94.36,31.0
2026-07-31T07:54:41.225767+00:00,13.1,384,12.21533203125,19.10009765625,23.57080078125,326080.14453125,1221556.73046875,1547636.875,21.1,NVIDIA RTX PRO 6000 Blackwell Server Edition,11.0,5.0,20067.0,97887.0,122.07,31.0
2026-07-31T07:54:42.225882+00:00,13.3,384,12.21533203125,19.10009765625,23.57080078125,326047.8046875,1221589.0703125,1547636.875,21.1,NVIDIA RTX PRO 6000 Blackwell Server Edition,6.0,2.0,20067.0,97887.0,101.33,31.0
2026-07-31T07:54:43.226000+00:00,15.6,384,12.21533203125,19.10009765625,23.57080078125,326024.23828125,1221612.63671875,1547636.875,21.1,NVIDIA RTX PRO 6000 Blackwell Server Edition,8.0,2.0,20067.0,97887.0,96.58,31.0
2026-07-31T07:54:44.226137+00:00,12.8,384,12.03759765625,18.94873046875,23.49755859375,325858.12890625,1221778.74609375,1547636.875,21.1,NVIDIA RTX PRO 6000 Blackwell Server Edition,5.0,1.0,20067.0,97887.0,91.76,31.0
2026-07-31T07:54:45.226312+00:00,11.9,384,12.03759765625,18.94873046875,23.49755859375,325796.5546875,1221840.3203125,1547636.875,21.1,NVIDIA RTX PRO 6000 Blackwell Server Edition,7.0,2.0,20067.0,97887.0,92.57,31.0
2026-07-31T07:54:46.226441+00:00,12.7,384,12.03759765625,18.94873046875,23.49755859375,325791.8125,1221845.0625,1547636.875,21.1,NVIDIA RTX PRO 6000 Blackwell Server Edition,12.0,3.0,20067.0,97887.0,95.27,31.0
2026-07-31T07:54:47.226551+00:00,14.3,384,12.03759765625,18.94873046875,23.49755859375,325810.44921875,1221826.42578125,1547636.875,21.1,NVIDIA RTX PRO 6000 Blackwell Server Edition,5.0,1.0,20067.0,97887.0,93.82,31.0
2026-07-31T07:54:48.226662+00:00,12.8,384,12.03759765625,18.94873046875,23.49755859375,325740.3515625,1221896.5234375,1547636.875,21.0,NVIDIA RTX PRO 6000 Blackwell Server Edition,8.0,2.0,20067.0,97887.0,92.59,31.0
2026-07-31T07:54:49.226833+00:00,3.1,384,11.8740234375,18.7998046875,23.4248046875,325723.4140625,1221913.4609375,1547636.875,21.0,NVIDIA RTX PRO 6000 Blackwell Server Edition,2.0,0.0,20067.0,97887.0,95.33,31.0
2026-07-31T07:54:50.226992+00:00,4.0,384,11.8740234375,18.7998046875,23.4248046875,325692.01171875,1221944.86328125,1547636.875,21.0,NVIDIA RTX PRO 6000 Blackwell Server Edition,3.0,1.0,20067.0,97887.0,93.18,31.0
2026-07-31T07:54:51.227111+00:00,3.1,384,11.8740234375,18.7998046875,23.4248046875,325689.19140625,1221947.68359375,1547636.875,21.0,NVIDIA RTX PRO 6000 Blackwell Server Edition,2.0,1.0,20067.0,97887.0,92.21,31.0
2026-07-31T07:54:52.227238+00:00,4.2,384,11.8740234375,18.7998046875,23.4248046875,326024.00390625,1221612.87109375,1547636.875,21.1,NVIDIA RTX PRO 6000 Blackwell Server Edition,4.0,1.0,20067.0,97887.0,92.46,31.0
2026-07-31T07:54:53.227447+00:00,2.5,384,11.8740234375,18.7998046875,23.4248046875,326219.609375,1221417.265625,1547636.875,21.1,NVIDIA RTX PRO 6000 Blackwell Server Edition,3.0,1.0,20067.0,97887.0,95.46,31.0
2026-07-31T07:54:54.227608+00:00,2.5,384,11.88427734375,18.6865234375,23.36328125,326263.359375,1221373.515625,1547636.875,21.1,NVIDIA RTX PRO 6000 Blackwell Server Edition,4.0,1.0,20067.0,97887.0,95.58,31.0
2026-07-31T07:54:55.227743+00:00,3.4,384,11.88427734375,18.6865234375,23.36328125,326023.4296875,1221613.4453125,1547636.875,21.1,NVIDIA RTX PRO 6000 Blackwell Server Edition,2.0,1.0,20067.0,97887.0,92.65,31.0
2026-07-31T07:54:56.227874+00:00,3.1,384,11.88427734375,18.6865234375,23.36328125,326003.63671875,1221633.23828125,1547636.875,21.1,NVIDIA RTX PRO 6000 Blackwell Server Edition,4.0,1.0,20067.0,97887.0,94.12,31.0
2026-07-31T07:54:57.228057+00:00,2.6,384,11.88427734375,18.6865234375,23.36328125,326014.30859375,1221622.56640625,1547636.875,21.1,NVIDIA RTX PRO 6000 Blackwell Server Edition,3.0,1.0,20067.0,97887.0,94.19,31.0
2026-07-31T07:54:58.228175+00:00,2.6,384,11.88427734375,18.6865234375,23.36328125,326138.11328125,1221498.76171875,1547636.875,21.1,NVIDIA RTX PRO 6000 Blackwell Server Edition,2.0,0.0,20067.0,97887.0,92.68,31.0
2026-07-31T07:54:59.228463+00:00,6.1,384,11.9736328125,18.591796875,23.3076171875,326058.38671875,1221578.48828125,1547636.875,21.1,NVIDIA RTX PRO 6000 Blackwell Server Edition,3.0,1.0,20067.0,97887.0,96.82,31.0
2026-07-31T07:55:00.228626+00:00,4.5,384,11.9736328125,18.591796875,23.3076171875,326012.5546875,1221624.3203125,1547636.875,21.1,NVIDIA RTX PRO 6000 Blackwell Server Edition,2.0,1.0,20067.0,97887.0,92.35,31.0
